"subj_id","left_word","left_number","middle_word","middle_number","right_word","right_number","correct_choice_position","is_catch_trial","participant_response_position_e2","is_consistent","trial_num","chose_gems","chose_onlystones","chose_other","response_position","stoneposition","chose_gems_p2","chose_onlystones_p2","chose_other_p2","response_position_p2","correct_choice_position_p2","mentioned_rule"
"66b5172c8f0bd3b23ce66c22","Bag",4,"Mirror",4,"Rabbit",4,"left",FALSE,"middle",TRUE,1,FALSE,FALSE,TRUE,"middle","right",FALSE,FALSE,TRUE,"middle","left",FALSE
"5ba60abd9629a90001b36fdc","Paints",1,"Window",5,"Doughnut",5,"right",FALSE,"right",TRUE,1,TRUE,FALSE,FALSE,"right","left",TRUE,FALSE,FALSE,"right","right",FALSE
"65dc99d0191a135ab835bf69","Sand",3,"Train",4,"Towels",4,"middle",FALSE,"middle",TRUE,1,TRUE,FALSE,FALSE,"middle","right",TRUE,FALSE,FALSE,"middle","middle",FALSE
"60fe7bf61c7567f5cca9ade6","Sheep",5,"Pig",2,"Scissors",2,"left",FALSE,"left",TRUE,1,TRUE,FALSE,FALSE,"left","right",TRUE,FALSE,FALSE,"left","left",TRUE
"5c9d88bb2b3c77001744ec1c","Helicopter",2,"Cake",1,"Zebra",1,"right",FALSE,"right",TRUE,1,TRUE,FALSE,FALSE,"right","middle",TRUE,FALSE,FALSE,"right","right",FALSE
"5e283f576dbb560114ac7714","Lion",3,"Stool",5,"Bow",5,"middle",FALSE,"left",TRUE,1,FALSE,TRUE,FALSE,"left","left",FALSE,TRUE,FALSE,"left","middle",FALSE
"62e02b1ed5b0fbc1b1dc09e7","Marker",1,"Wing",3,"Popsicle",3,"middle",FALSE,"middle",FALSE,1,FALSE,TRUE,FALSE,"right","right",TRUE,FALSE,FALSE,"middle","middle",FALSE
"5ecf9b46617a9b3dd56b3fe3","Belt",5,"Newspaper",4,"Duck",4,"middle",FALSE,"left",TRUE,1,FALSE,FALSE,TRUE,"left","right",FALSE,FALSE,TRUE,"left","middle",TRUE
"590b3401182caf0001ab5801","Paper",4,"Umbrella",5,"CD",5,"middle",FALSE,"middle",TRUE,1,TRUE,FALSE,FALSE,"middle","left",TRUE,FALSE,FALSE,"middle","middle",FALSE
"65c11389b0d2ba8e63cb8b22","Belt",1,"Toothpaste",5,"Computer",5,"right",FALSE,"middle",TRUE,1,FALSE,FALSE,TRUE,"middle","left",FALSE,FALSE,TRUE,"middle","right",FALSE
"5d15160539eeea001683830c","Sheep",4,"Barn",2,"Bottle",2,"right",FALSE,"left",FALSE,1,FALSE,FALSE,TRUE,"middle","left",FALSE,TRUE,FALSE,"left","right",FALSE
"6620b6a209127dafd5b2dfb9","Leg",5,"Scooter",1,"Swimsuit",1,"left",FALSE,"right",FALSE,1,TRUE,FALSE,FALSE,"left","middle",FALSE,FALSE,TRUE,"right","left",FALSE
"56c65a5a305eaa0005f2a634","Meat",4,"House",5,"Button",5,"left",FALSE,"middle",TRUE,1,FALSE,TRUE,FALSE,"middle","middle",FALSE,TRUE,FALSE,"middle","left",FALSE
"59fb1518b47dfc0001b6659b","Vacuum",3,"Stars",2,"Giraffe",2,"left",FALSE,"right",TRUE,1,FALSE,FALSE,TRUE,"right","middle",FALSE,FALSE,TRUE,"right","left",FALSE
"602c0fc2eff74b4748e9b41e","Money",1,"Candle",5,"Chips",5,"middle",FALSE,"middle",TRUE,1,TRUE,FALSE,FALSE,"middle","left",TRUE,FALSE,FALSE,"middle","middle",FALSE
"5bcc98d1db645700015222b5","Hips",4,"Wagon",1,"Blanket",1,"middle",FALSE,"left",TRUE,1,FALSE,FALSE,TRUE,"left","right",FALSE,FALSE,TRUE,"left","middle",FALSE
"6773e6e6b205d22a2e097735","Cupcake",4,"Magazine",2,"Snake",2,"right",FALSE,"left",FALSE,1,FALSE,FALSE,TRUE,"middle","left",FALSE,TRUE,FALSE,"left","right",FALSE
"67505c42a18c872bab88ed42","Sheep",5,"Octopus",5,"Tie",5,"right",FALSE,"right",TRUE,1,TRUE,FALSE,FALSE,"right","left",TRUE,FALSE,FALSE,"right","right",FALSE
"62a1e021702679d27813a3e2","Swimsuit",2,"Bell",5,"Sticker",5,"right",FALSE,"left",TRUE,1,FALSE,TRUE,FALSE,"left","left",FALSE,TRUE,FALSE,"left","right",FALSE
"639f294882a3797f77a3dd81","Window",2,"Shoes",3,"Napkin",3,"right",FALSE,"middle",FALSE,1,FALSE,TRUE,FALSE,"left","left",FALSE,FALSE,TRUE,"middle","right",FALSE
"654bc148c95bca00d541ec33","Corn",4,"Stamps",3,"Butter",3,"right",FALSE,"left",TRUE,1,FALSE,TRUE,FALSE,"left","left",FALSE,TRUE,FALSE,"left","right",TRUE
"5d23460ad4c57900192b129c","Zipper",1,"Fly",4,"Boots",4,"middle",FALSE,"middle",TRUE,1,TRUE,FALSE,FALSE,"middle","left",TRUE,FALSE,FALSE,"middle","middle",FALSE
"67673cda94b4d0cf1a6a7382","Popcorn",5,"Sandwich",1,"Octopus",1,"right",FALSE,"left",TRUE,1,FALSE,FALSE,TRUE,"left","middle",FALSE,FALSE,TRUE,"left","right",FALSE
"5c4f5967aac8be0001716a65","Cheese",5,"Teapot",4,"Feet",4,"middle",FALSE,"middle",TRUE,1,TRUE,FALSE,FALSE,"middle","left",TRUE,FALSE,FALSE,"middle","middle",FALSE
"67758c9a30d6819221153393","Stove",5,"Battery",3,"Refrigerator",3,"left",FALSE,"left",FALSE,1,FALSE,FALSE,TRUE,"middle","right",TRUE,FALSE,FALSE,"left","left",FALSE
"66b37344796f45313433abc8","Bone",5,"Battery",1,"Pants",1,"right",FALSE,"middle",TRUE,1,FALSE,TRUE,FALSE,"middle","middle",FALSE,TRUE,FALSE,"middle","right",FALSE
"632096b5574155e8727c50cc","Pizza",1,"Glasses",1,"Kangaroo",1,"middle",FALSE,"middle",TRUE,1,TRUE,FALSE,FALSE,"middle","right",TRUE,FALSE,FALSE,"middle","middle",FALSE
"66dcc0e54f44ccecf2730c76","Octopus",1,"Movie",1,"Carrots",1,"right",FALSE,"right",TRUE,1,TRUE,FALSE,FALSE,"right","left",TRUE,FALSE,FALSE,"right","right",TRUE
"60fac7ec133b6bf250d6d668","Shovel",2,"Lion",3,"Hoop",3,"middle",FALSE,"middle",TRUE,1,TRUE,FALSE,FALSE,"middle","right",TRUE,FALSE,FALSE,"middle","middle",FALSE
"5e459f61418f610891628564","Pan",5,"Bike",2,"Chalk",2,"middle",FALSE,"left",FALSE,1,FALSE,TRUE,FALSE,"right","right",FALSE,FALSE,TRUE,"left","middle",FALSE
"5e89ec793c01b3685a00bb12","Barn",3,"Table",5,"Net",5,"right",FALSE,"middle",TRUE,1,FALSE,FALSE,TRUE,"middle","left",FALSE,FALSE,TRUE,"middle","right",FALSE
"631d197eba06364cbea7fab2","Stove",4,"Stool",1,"Scissors",1,"left",FALSE,"right",TRUE,1,FALSE,FALSE,TRUE,"right","middle",FALSE,FALSE,TRUE,"right","left",TRUE
"66fd3f6c93c24ecc119be354","Monkey",5,"Glue",3,"Toilet",3,"right",FALSE,"middle",TRUE,1,FALSE,FALSE,TRUE,"middle","left",FALSE,FALSE,TRUE,"middle","right",TRUE
"5af1a4bc6e136b0001411714","Glove",2,"Fish",4,"Giraffe",4,"right",FALSE,"left",TRUE,1,FALSE,FALSE,TRUE,"left","middle",FALSE,FALSE,TRUE,"left","right",FALSE
"60ed501279c68ea1a313d0aa","Soap",3,"Clock",2,"Clown",2,"left",FALSE,"left",TRUE,1,TRUE,FALSE,FALSE,"left","right",TRUE,FALSE,FALSE,"left","left",FALSE
"5bf2f728bd9f150001f6cc42","Ostrich",3,"Ice Cream",1,"Zipper",1,"right",FALSE,"right",FALSE,1,FALSE,FALSE,TRUE,"left","middle",TRUE,FALSE,FALSE,"right","right",FALSE
"59a734ce0c87a000017481ed","Pear",5,"Toothpaste",3,"Barn",3,"left",TRUE,"middle",FALSE,1,TRUE,FALSE,FALSE,"left","right",FALSE,FALSE,TRUE,"middle","left",FALSE
"615e420a23219efe3427a367","Popsicle",4,"Ankle",2,"Coloring Book",2,"left",FALSE,"middle",TRUE,1,FALSE,FALSE,TRUE,"middle","right",FALSE,FALSE,TRUE,"middle","left",FALSE
"66b244a2f436437d3e109bbe","Stars",3,"Watch",3,"Cereal",3,"left",FALSE,"left",TRUE,1,TRUE,FALSE,FALSE,"left","right",TRUE,FALSE,FALSE,"left","left",TRUE
"5f1b05a8703c380d1393bb27","Mountain",2,"Pan",4,"Tummy",4,"left",FALSE,"middle",TRUE,1,FALSE,FALSE,TRUE,"middle","right",FALSE,FALSE,TRUE,"middle","left",FALSE
"6684497541f835bd67a199b2","Puppets",4,"Bird",5,"Tractor",5,"right",FALSE,"right",FALSE,1,FALSE,FALSE,TRUE,"middle","left",TRUE,FALSE,FALSE,"right","right",FALSE
"5eeddefa177a7322144cbc5e","Backpack",3,"Helicopter",4,"Duck",4,"left",FALSE,"left",FALSE,1,FALSE,TRUE,FALSE,"middle","middle",TRUE,FALSE,FALSE,"left","left",FALSE
"63ee9abfa262bea95766dd9c","Head",4,"Paper",5,"Square",5,"right",FALSE,"middle",FALSE,1,FALSE,TRUE,FALSE,"left","left",FALSE,FALSE,TRUE,"middle","right",TRUE
"66cfab152c56aa0472529001","Net",1,"Refrigerator",2,"Crackers",2,"left",FALSE,"right",TRUE,1,FALSE,FALSE,TRUE,"right","middle",FALSE,FALSE,TRUE,"right","left",TRUE
"6571fd9d691befe21fa61d18","Elephant",2,"Grass",5,"Wing",5,"middle",FALSE,"middle",TRUE,1,TRUE,FALSE,FALSE,"middle","left",TRUE,FALSE,FALSE,"middle","middle",FALSE
"66312361cf5d4099e1330532","Coloring Book",4,"Teeth",4,"Shampoo",4,"middle",FALSE,"right",TRUE,1,FALSE,TRUE,FALSE,"right","right",FALSE,TRUE,FALSE,"right","middle",FALSE
"6722ea20fb84b196f0a649b6","Envelope",1,"Soda",4,"Skateboard",4,"middle",FALSE,"middle",FALSE,1,FALSE,FALSE,TRUE,"right","left",TRUE,FALSE,FALSE,"middle","middle",FALSE
"5ddce9f0f85b50c4fc1515a4","Head",1,"Zipper",5,"Scissors",5,"left",FALSE,"middle",TRUE,1,FALSE,FALSE,TRUE,"middle","right",FALSE,FALSE,TRUE,"middle","left",FALSE
"5c3bdbf548ad2900017fac31","Soap",4,"Fork",1,"Nest",1,"right",FALSE,"left",TRUE,1,FALSE,FALSE,TRUE,"left","middle",FALSE,FALSE,TRUE,"left","right",FALSE
"6844a1b95271dfc560af4709","Camera",3,"Slinky",2,"Fingers",2,"middle",FALSE,"middle",TRUE,1,TRUE,FALSE,FALSE,"middle","left",TRUE,FALSE,FALSE,"middle","middle",FALSE
"616ef680ab8ca318a227f5ec","Shampoo",4,"Milk",2,"Kangaroo",2,"right",FALSE,"left",TRUE,1,FALSE,FALSE,TRUE,"left","middle",FALSE,FALSE,TRUE,"left","right",FALSE
"66d9cd06e207a93377f7820e","Scissors",5,"Pear",1,"Shoulders",1,"middle",TRUE,"middle",TRUE,1,TRUE,FALSE,FALSE,"middle","left",TRUE,FALSE,FALSE,"middle","middle",TRUE
"5962a5b29955ee00015bce98","Monkey",2,"Jacket",5,"Can",5,"right",FALSE,"right",FALSE,1,FALSE,TRUE,FALSE,"middle","middle",TRUE,FALSE,FALSE,"right","right",TRUE
"641384b3dffcf39ec42d3c23","Toothpaste",5,"Bottle",1,"Yogurt",1,"left",FALSE,"left",TRUE,1,TRUE,FALSE,FALSE,"left","right",TRUE,FALSE,FALSE,"left","left",FALSE
"59692d61355b45000106c592","Popcorn",1,"Phone",4,"Hammer",4,"left",FALSE,"middle",TRUE,1,FALSE,TRUE,FALSE,"middle","middle",FALSE,TRUE,FALSE,"middle","left",FALSE
"5dd05d80b2204f1487f7812c","Earring",3,"Sandwich",2,"Candle",2,"left",FALSE,"left",TRUE,1,TRUE,FALSE,FALSE,"left","middle",TRUE,FALSE,FALSE,"left","left",FALSE
"6321d9c78e8e3c04f82a0ea0","Nose",3,"Pie",5,"Broom",5,"right",FALSE,"middle",TRUE,1,FALSE,FALSE,TRUE,"middle","left",FALSE,FALSE,TRUE,"middle","right",FALSE
"632d189d6b8f03d0d3db4c48","Towels",2,"Hips",2,"Sun",2,"middle",FALSE,"right",TRUE,1,FALSE,TRUE,FALSE,"right","right",FALSE,TRUE,FALSE,"right","middle",TRUE
"63b3377ca1ccdfc7cc567503","Battery",4,"Boots",2,"Hands",2,"right",FALSE,"right",TRUE,1,TRUE,FALSE,FALSE,"right","left",TRUE,FALSE,FALSE,"right","right",TRUE
"6678813aec86d687a654dedb","Bottle",5,"Toy",5,"Circle",5,"middle",FALSE,"left",FALSE,1,TRUE,FALSE,FALSE,"middle","left",FALSE,TRUE,FALSE,"left","middle",FALSE
"55cce6ea34e90600058d1e6d","Horse",3,"Dress",1,"Yogurt",1,"right",FALSE,"left",TRUE,1,FALSE,FALSE,TRUE,"left","middle",FALSE,FALSE,TRUE,"left","right",FALSE
"6658bba1a51a037d25bb677e","Sofa",4,"Fire",3,"Paints",3,"middle",FALSE,"middle",FALSE,1,FALSE,TRUE,FALSE,"left","left",TRUE,FALSE,FALSE,"middle","middle",TRUE
"60f5df9db9380d875c320307","Vacuum",3,"Radio",2,"Plate",2,"middle",FALSE,"middle",FALSE,1,FALSE,TRUE,FALSE,"left","left",TRUE,FALSE,FALSE,"middle","middle",FALSE
"63d5b810f3dbbd11e7e65870","Toilet",1,"Bandaid",3,"Tractor",3,"right",FALSE,"left",FALSE,1,FALSE,TRUE,FALSE,"middle","middle",FALSE,FALSE,TRUE,"left","right",FALSE
"66d1fdd400acfdbc181f41e0","Scissors",4,"House",1,"Pan",1,"left",FALSE,"left",TRUE,1,TRUE,FALSE,FALSE,"left","middle",TRUE,FALSE,FALSE,"left","left",FALSE
"67b636c4ea38855cbb08ffe3","Bacon",3,"Rope",1,"Stars",1,"left",FALSE,"right",FALSE,1,FALSE,TRUE,FALSE,"middle","middle",FALSE,FALSE,TRUE,"right","left",FALSE
"5e1b795dc799223a3b447ada","Bucket",3,"Yo-yo",4,"Cherry",4,"right",TRUE,"middle",FALSE,1,TRUE,FALSE,FALSE,"right","left",FALSE,FALSE,TRUE,"middle","right",FALSE
"5c5cad3e4ee81200018eafe2","Backpack",5,"Shirt",4,"Comb",4,"left",FALSE,"left",FALSE,1,FALSE,TRUE,FALSE,"middle","middle",TRUE,FALSE,FALSE,"left","left",FALSE
"5bc5be2572df5f00014479f9","Keys",3,"Feather",1,"Coloring Book",1,"middle",FALSE,"right",FALSE,1,FALSE,TRUE,FALSE,"left","left",FALSE,FALSE,TRUE,"right","middle",FALSE
"5f8f436e4676a71879786b95","Cake",2,"Strawberries",3,"Eyes",3,"middle",TRUE,"middle",TRUE,1,TRUE,FALSE,FALSE,"middle","right",TRUE,FALSE,FALSE,"middle","middle",FALSE
"669053bbebafdd430e770142","Lizard",5,"Mailbox",5,"Grapes",5,"right",TRUE,"right",TRUE,1,TRUE,FALSE,FALSE,"right","left",TRUE,FALSE,FALSE,"right","right",FALSE
"677419f93048c66d62d2bf87","Pancakes",4,"Popsicle",1,"Oranges",1,"right",TRUE,"right",TRUE,1,TRUE,FALSE,FALSE,"right","middle",TRUE,FALSE,FALSE,"right","right",FALSE
"574aff1b5bef980007af2745","Pancakes",3,"Kangaroo",1,"Lion",1,"right",FALSE,"middle",FALSE,1,FALSE,FALSE,TRUE,"left","middle",FALSE,TRUE,FALSE,"middle","right",FALSE
"58404fd8ad98e40001ce915f","Mailbox",5,"Pillow",3,"Whistle",3,"middle",FALSE,"middle",FALSE,1,FALSE,TRUE,FALSE,"left","left",TRUE,FALSE,FALSE,"middle","middle",FALSE
"5de8887aa2db898017debf1a","Stars",3,"Octopus",5,"Coloring Book",5,"middle",FALSE,"middle",TRUE,1,TRUE,FALSE,FALSE,"middle","right",TRUE,FALSE,FALSE,"middle","middle",FALSE
"59d949cf8fd07a000184247e","Bag",3,"Peas",3,"Sandals",3,"left",FALSE,"middle",FALSE,1,FALSE,FALSE,TRUE,"right","middle",FALSE,TRUE,FALSE,"middle","left",FALSE
"662945728093113a43ab8077","Pot",5,"Fries",3,"Earring",3,"middle",FALSE,"middle",FALSE,1,FALSE,TRUE,FALSE,"left","left",TRUE,FALSE,FALSE,"middle","middle",TRUE
"676058418c08c71e4bb7cbd1","Socks",3,"Nose",5,"Boots",5,"right",FALSE,"middle",TRUE,1,FALSE,TRUE,FALSE,"middle","middle",FALSE,TRUE,FALSE,"middle","right",TRUE
"6643d22289210a4edf21e84d","Chair",5,"Towels",5,"Cheese",5,"left",FALSE,"right",TRUE,1,FALSE,FALSE,TRUE,"right","middle",FALSE,FALSE,TRUE,"right","left",FALSE
"58954e2dc88c680001dd4b7e","Lizard",5,"Balls",2,"Tie",2,"left",FALSE,"left",TRUE,1,TRUE,FALSE,FALSE,"left","middle",TRUE,FALSE,FALSE,"left","left",TRUE
"5b757a03976ecb0001b1168f","Rock",5,"Swimsuit",2,"Tricycle",2,"left",FALSE,"left",TRUE,1,TRUE,FALSE,FALSE,"left","middle",TRUE,FALSE,FALSE,"left","left",FALSE
"681b781064a5701a5ceee3bc","Glove",1,"Candle",3,"Bat",3,"right",FALSE,"right",TRUE,1,TRUE,FALSE,FALSE,"right","middle",TRUE,FALSE,FALSE,"right","right",TRUE
"6716c6700f376dc7f534af9d","Slide",4,"Cow",5,"Kangaroo",5,"left",FALSE,"right",FALSE,1,FALSE,TRUE,FALSE,"middle","middle",FALSE,FALSE,TRUE,"right","left",FALSE
"671a3ac3dada5efe6d439698","Oranges",4,"Computer",3,"Ankle",3,"left",TRUE,"left",TRUE,1,TRUE,FALSE,FALSE,"left","middle",TRUE,FALSE,FALSE,"left","left",FALSE
"676b89007874c8eace113276","Stick",3,"Cow",5,"Bowl",5,"left",FALSE,"left",FALSE,1,FALSE,TRUE,FALSE,"middle","middle",TRUE,FALSE,FALSE,"left","left",FALSE
"6825af939111d286546fdde6","Books",2,"Mouth",4,"Yogurt",4,"middle",FALSE,"right",TRUE,1,FALSE,TRUE,FALSE,"right","right",FALSE,TRUE,FALSE,"right","middle",FALSE
"67164c92298409e37c670b3d","Cookies",1,"Clown",4,"Triangle",4,"right",FALSE,"middle",TRUE,1,FALSE,FALSE,TRUE,"middle","left",FALSE,FALSE,TRUE,"middle","right",FALSE
"682b3f63d0e2c4eff64fe664","Dress",4,"Moon",4,"Stick",4,"middle",FALSE,"middle",TRUE,1,TRUE,FALSE,FALSE,"middle","left",TRUE,FALSE,FALSE,"middle","middle",TRUE
"5d3695969749cc00165c222f","Butter",3,"Door",2,"Soup",2,"left",FALSE,"left",FALSE,1,FALSE,FALSE,TRUE,"middle","right",TRUE,FALSE,FALSE,"left","left",TRUE
"664521e03117b782ed4fff45","Crackers",3,"Money",3,"Movie",3,"middle",FALSE,"left",FALSE,1,FALSE,FALSE,TRUE,"right","left",FALSE,TRUE,FALSE,"left","middle",FALSE
"6773dea609f77d473900997a","Video Tape",4,"Pants",5,"Pool",5,"left",FALSE,"left",TRUE,1,TRUE,FALSE,FALSE,"left","middle",TRUE,FALSE,FALSE,"left","left",TRUE
"637fcee60a8378c1c3a65898","CD",3,"Bell",1,"Shorts",1,"right",FALSE,"right",TRUE,1,TRUE,FALSE,FALSE,"right","middle",TRUE,FALSE,FALSE,"right","right",FALSE
"63f77a5dde1ea03305e119e0","Fingers",3,"Jump rope",5,"Shoes",5,"middle",FALSE,"left",TRUE,1,FALSE,FALSE,TRUE,"left","right",FALSE,FALSE,TRUE,"left","middle",FALSE
"5fbf90f025a567296d943c7e","Refrigerator",4,"Table",3,"Pen",3,"left",FALSE,"left",TRUE,1,TRUE,FALSE,FALSE,"left","middle",TRUE,FALSE,FALSE,"left","left",FALSE
"636d6ce3fb3683ff33f9e514","Sofa",2,"Spiderweb",2,"Circle",2,"right",FALSE,"right",TRUE,1,TRUE,FALSE,FALSE,"right","middle",TRUE,FALSE,FALSE,"right","right",FALSE
"5af2a03697a14300017d2ba4","Mountain",5,"Chair",3,"Camera",3,"right",FALSE,"left",TRUE,1,FALSE,FALSE,TRUE,"left","middle",FALSE,FALSE,TRUE,"left","right",FALSE
"60e3a25e8be835f754795d93","Mouse",3,"Nest",1,"Ankle",1,"right",FALSE,"left",TRUE,1,FALSE,TRUE,FALSE,"left","left",FALSE,TRUE,FALSE,"left","right",TRUE
"66b5172c8f0bd3b23ce66c22","Wheel",4,"Suitcase",1,"Shampoo",1,"middle",FALSE,"right",TRUE,2,FALSE,TRUE,FALSE,"right","right",FALSE,TRUE,FALSE,"right","middle",FALSE
"5ba60abd9629a90001b36fdc","String",4,"Newspaper",1,"Soap",1,"right",FALSE,"right",FALSE,2,FALSE,TRUE,FALSE,"left","left",TRUE,FALSE,FALSE,"right","right",FALSE
"65dc99d0191a135ab835bf69","Marker",5,"Puppets",3,"Dress",3,"left",FALSE,"left",TRUE,2,TRUE,FALSE,FALSE,"left","right",TRUE,FALSE,FALSE,"left","left",FALSE
"60fe7bf61c7567f5cca9ade6","Bat",4,"Shampoo",1,"Button",1,"left",FALSE,"right",TRUE,2,FALSE,TRUE,FALSE,"right","right",FALSE,TRUE,FALSE,"right","left",TRUE
"5c9d88bb2b3c77001744ec1c","Bone",2,"Toes",4,"Pajamas",4,"right",FALSE,"right",FALSE,2,FALSE,TRUE,FALSE,"middle","middle",TRUE,FALSE,FALSE,"right","right",FALSE
"5e283f576dbb560114ac7714","Wheel",1,"Envelope",3,"Hoop",3,"right",FALSE,"left",TRUE,2,FALSE,TRUE,FALSE,"left","left",FALSE,TRUE,FALSE,"left","right",FALSE
"62e02b1ed5b0fbc1b1dc09e7","Elbow",3,"String",1,"Tape",1,"middle",FALSE,"left",TRUE,2,FALSE,FALSE,TRUE,"left","right",FALSE,FALSE,TRUE,"left","middle",FALSE
"5ecf9b46617a9b3dd56b3fe3","Popsicle",2,"Tummy",4,"Watch",4,"middle",FALSE,"left",FALSE,2,FALSE,TRUE,FALSE,"right","right",FALSE,FALSE,TRUE,"left","middle",TRUE
"590b3401182caf0001ab5801","Crown",3,"Popsicle",5,"Chips",5,"middle",FALSE,"middle",TRUE,2,TRUE,FALSE,FALSE,"middle","left",TRUE,FALSE,FALSE,"middle","middle",FALSE
"65c11389b0d2ba8e63cb8b22","Hoop",1,"Umbrella",5,"Peas",5,"middle",FALSE,"middle",FALSE,2,FALSE,TRUE,FALSE,"left","left",TRUE,FALSE,FALSE,"middle","middle",FALSE
"5d15160539eeea001683830c","Soup",1,"Dolls",5,"Monkey",5,"middle",FALSE,"middle",TRUE,2,TRUE,FALSE,FALSE,"middle","left",TRUE,FALSE,FALSE,"middle","middle",FALSE
"6620b6a209127dafd5b2dfb9","Nose",1,"Rock",5,"Yogurt",5,"left",FALSE,"right",FALSE,2,FALSE,TRUE,FALSE,"middle","middle",FALSE,FALSE,TRUE,"right","left",FALSE
"56c65a5a305eaa0005f2a634","Umbrella",2,"Computer",3,"Blocks",3,"right",FALSE,"right",TRUE,2,TRUE,FALSE,FALSE,"right","middle",TRUE,FALSE,FALSE,"right","right",FALSE
"59fb1518b47dfc0001b6659b","Snow",2,"Toothpaste",3,"Glue",3,"left",FALSE,"middle",TRUE,2,FALSE,TRUE,FALSE,"middle","middle",FALSE,TRUE,FALSE,"middle","left",FALSE
"602c0fc2eff74b4748e9b41e","Popcorn",4,"Flashlight",5,"Scooter",5,"middle",FALSE,"middle",TRUE,2,TRUE,FALSE,FALSE,"middle","left",TRUE,FALSE,FALSE,"middle","middle",FALSE
"5bcc98d1db645700015222b5","Bed",4,"Sink",2,"Belt",2,"left",FALSE,"left",TRUE,2,TRUE,FALSE,FALSE,"left","right",TRUE,FALSE,FALSE,"left","left",FALSE
"6773e6e6b205d22a2e097735","Shampoo",4,"Carrots",4,"Camera",4,"middle",FALSE,"middle",TRUE,2,TRUE,FALSE,FALSE,"middle","left",TRUE,FALSE,FALSE,"middle","middle",FALSE
"67505c42a18c872bab88ed42","Dog",5,"String",2,"Button",2,"right",FALSE,"right",FALSE,2,FALSE,FALSE,TRUE,"middle","left",TRUE,FALSE,FALSE,"right","right",FALSE
"62a1e021702679d27813a3e2","Fork",2,"Flower",3,"Tummy",3,"right",FALSE,"left",FALSE,2,FALSE,FALSE,TRUE,"middle","left",FALSE,TRUE,FALSE,"left","right",FALSE
"639f294882a3797f77a3dd81","Bed",4,"Airplane",1,"Hanger",1,"middle",FALSE,"right",FALSE,2,FALSE,TRUE,FALSE,"left","left",FALSE,FALSE,TRUE,"right","middle",FALSE
"654bc148c95bca00d541ec33","Hot Dog",2,"Grapes",1,"Bed",1,"middle",TRUE,"middle",TRUE,2,TRUE,FALSE,FALSE,"middle","left",TRUE,FALSE,FALSE,"middle","middle",TRUE
"5d23460ad4c57900192b129c","Napkin",3,"Cookies",2,"Mouth",2,"middle",FALSE,"left",TRUE,2,FALSE,TRUE,FALSE,"left","left",FALSE,TRUE,FALSE,"left","middle",FALSE
"67673cda94b4d0cf1a6a7382","Duck",3,"Flashlight",5,"Monkey",5,"left",FALSE,"left",FALSE,2,FALSE,TRUE,FALSE,"middle","middle",TRUE,FALSE,FALSE,"left","left",FALSE
"5c4f5967aac8be0001716a65","Chalk",1,"Pancakes",5,"Wagon",5,"right",FALSE,"middle",FALSE,2,TRUE,FALSE,FALSE,"right","left",FALSE,FALSE,TRUE,"middle","right",FALSE
"67758c9a30d6819221153393","Lion",4,"Clown",4,"Toy",4,"middle",FALSE,"middle",TRUE,2,TRUE,FALSE,FALSE,"middle","right",TRUE,FALSE,FALSE,"middle","middle",FALSE
"66b37344796f45313433abc8","Rabbit",1,"Wing",4,"Chair",4,"right",FALSE,"middle",FALSE,2,TRUE,FALSE,FALSE,"right","middle",FALSE,TRUE,FALSE,"middle","right",FALSE
"632096b5574155e8727c50cc","Swimsuit",1,"Pirate",5,"Popcorn",5,"left",FALSE,"right",FALSE,2,TRUE,FALSE,FALSE,"left","right",FALSE,TRUE,FALSE,"right","left",FALSE
"66dcc0e54f44ccecf2730c76","Fly",3,"Sweater",3,"Goal",3,"middle",FALSE,"middle",TRUE,2,TRUE,FALSE,FALSE,"middle","left",TRUE,FALSE,FALSE,"middle","middle",TRUE
"60fac7ec133b6bf250d6d668","House",1,"Butterfly",4,"Button",4,"left",FALSE,"left",FALSE,2,FALSE,TRUE,FALSE,"right","right",TRUE,FALSE,FALSE,"left","left",FALSE
"5e459f61418f610891628564","Pot",4,"Heart",1,"Shovel",1,"middle",FALSE,"left",FALSE,2,FALSE,TRUE,FALSE,"right","right",FALSE,FALSE,TRUE,"left","middle",FALSE
"5e89ec793c01b3685a00bb12","Bowl",4,"Diaper",4,"Bike",4,"middle",FALSE,"middle",FALSE,2,FALSE,TRUE,FALSE,"left","left",TRUE,FALSE,FALSE,"middle","middle",FALSE
"631d197eba06364cbea7fab2","Brush",1,"Hair",5,"Cookies",5,"right",FALSE,"left",FALSE,2,FALSE,TRUE,FALSE,"middle","middle",FALSE,FALSE,TRUE,"left","right",TRUE
"66fd3f6c93c24ecc119be354","Video Tape",1,"Microphone",5,"Pizza",5,"right",FALSE,"right",TRUE,2,TRUE,FALSE,FALSE,"right","left",TRUE,FALSE,FALSE,"right","right",TRUE
"5af1a4bc6e136b0001411714","Pen",5,"Spider",4,"Bathtub",4,"right",FALSE,"right",FALSE,2,FALSE,TRUE,FALSE,"middle","middle",TRUE,FALSE,FALSE,"right","right",FALSE
"60ed501279c68ea1a313d0aa","Comb",3,"Tissue",1,"Rain",1,"middle",FALSE,"right",TRUE,2,FALSE,TRUE,FALSE,"right","right",FALSE,TRUE,FALSE,"right","middle",FALSE
"5bf2f728bd9f150001f6cc42","Arm",4,"Drum",1,"Cookies",1,"left",FALSE,"left",TRUE,2,TRUE,FALSE,FALSE,"left","middle",TRUE,FALSE,FALSE,"left","left",FALSE
"59a734ce0c87a000017481ed","Sandals",4,"Sticker",5,"Pajamas",5,"middle",FALSE,"left",FALSE,2,TRUE,FALSE,FALSE,"middle","right",FALSE,FALSE,TRUE,"left","middle",FALSE
"615e420a23219efe3427a367","Box",4,"Wheel",1,"Popcorn",1,"middle",FALSE,"right",FALSE,2,FALSE,FALSE,TRUE,"left","right",FALSE,TRUE,FALSE,"right","middle",FALSE
"66b244a2f436437d3e109bbe","Cable",1,"Scissors",5,"Baby",5,"middle",FALSE,"left",FALSE,2,TRUE,FALSE,FALSE,"middle","right",FALSE,FALSE,TRUE,"left","middle",TRUE
"5f1b05a8703c380d1393bb27","Doughnut",2,"Rope",4,"Glove",4,"left",FALSE,"left",TRUE,2,TRUE,FALSE,FALSE,"left","right",TRUE,FALSE,FALSE,"left","left",FALSE
"6684497541f835bd67a199b2","Potatoes",4,"Toilet",3,"Bridge",3,"right",FALSE,"right",TRUE,2,TRUE,FALSE,FALSE,"right","left",TRUE,FALSE,FALSE,"right","right",FALSE
"5eeddefa177a7322144cbc5e","Hot Dog",4,"Hands",5,"Bubbles",5,"right",FALSE,"right",TRUE,2,TRUE,FALSE,FALSE,"right","middle",TRUE,FALSE,FALSE,"right","right",FALSE
"63ee9abfa262bea95766dd9c","Spoon",1,"Hamburger",5,"Cloud",5,"middle",FALSE,"middle",TRUE,2,TRUE,FALSE,FALSE,"middle","left",TRUE,FALSE,FALSE,"middle","middle",TRUE
"66cfab152c56aa0472529001","Moon",3,"Candy",4,"Slide",4,"left",FALSE,"middle",TRUE,2,FALSE,TRUE,FALSE,"middle","middle",FALSE,TRUE,FALSE,"middle","left",TRUE
"6571fd9d691befe21fa61d18","Toothbrush",2,"Zebra",4,"Mouse",4,"right",FALSE,"right",TRUE,2,TRUE,FALSE,FALSE,"right","left",TRUE,FALSE,FALSE,"right","right",FALSE
"66312361cf5d4099e1330532","Battery",4,"Brush",4,"Cheese",4,"middle",FALSE,"right",TRUE,2,FALSE,TRUE,FALSE,"right","right",FALSE,TRUE,FALSE,"right","middle",FALSE
"6722ea20fb84b196f0a649b6","Wing",2,"Box",1,"Bat",1,"middle",FALSE,"right",TRUE,2,FALSE,FALSE,TRUE,"right","left",FALSE,FALSE,TRUE,"right","middle",FALSE
"5ddce9f0f85b50c4fc1515a4","Radio",2,"Comb",4,"Knee",4,"left",FALSE,"middle",FALSE,2,FALSE,TRUE,FALSE,"right","right",FALSE,FALSE,TRUE,"middle","left",FALSE
"5c3bdbf548ad2900017fac31","Radio",4,"Ankle",2,"Hat",2,"right",FALSE,"right",TRUE,2,TRUE,FALSE,FALSE,"right","middle",TRUE,FALSE,FALSE,"right","right",FALSE
"6844a1b95271dfc560af4709","Soda",1,"Feet",1,"Boots",1,"middle",FALSE,"middle",FALSE,2,FALSE,FALSE,TRUE,"right","left",TRUE,FALSE,FALSE,"middle","middle",FALSE
"616ef680ab8ca318a227f5ec","Fork",2,"Puzzles",3,"Truck",3,"left",FALSE,"right",FALSE,2,FALSE,TRUE,FALSE,"middle","middle",FALSE,FALSE,TRUE,"right","left",FALSE
"66d9cd06e207a93377f7820e","Hose",3,"Car",1,"Turtle",1,"right",FALSE,"right",TRUE,2,TRUE,FALSE,FALSE,"right","left",TRUE,FALSE,FALSE,"right","right",TRUE
"5962a5b29955ee00015bce98","Shoes",3,"Tricycle",1,"Heart",1,"right",FALSE,"right",TRUE,2,TRUE,FALSE,FALSE,"right","middle",TRUE,FALSE,FALSE,"right","right",TRUE
"641384b3dffcf39ec42d3c23","Clown",4,"Pan",2,"Cheese",2,"middle",FALSE,"left",TRUE,2,FALSE,FALSE,TRUE,"left","right",FALSE,FALSE,TRUE,"left","middle",FALSE
"59692d61355b45000106c592","Fly",3,"Glue",2,"Camera",2,"left",FALSE,"right",FALSE,2,FALSE,TRUE,FALSE,"middle","middle",FALSE,FALSE,TRUE,"right","left",FALSE
"5dd05d80b2204f1487f7812c","Nest",5,"Lunch",4,"Fire truck",4,"left",FALSE,"left",FALSE,2,FALSE,TRUE,FALSE,"middle","middle",TRUE,FALSE,FALSE,"left","left",FALSE
"6321d9c78e8e3c04f82a0ea0","Shovel",2,"Purse",4,"Hat",4,"right",FALSE,"right",FALSE,2,FALSE,TRUE,FALSE,"left","left",TRUE,FALSE,FALSE,"right","right",FALSE
"632d189d6b8f03d0d3db4c48","Ring",5,"Giraffe",2,"Frog",2,"left",FALSE,"left",TRUE,2,TRUE,FALSE,FALSE,"left","right",TRUE,FALSE,FALSE,"left","left",TRUE
"63b3377ca1ccdfc7cc567503","Rabbit",2,"Fingernail",4,"Potatoes",4,"right",FALSE,"right",TRUE,2,TRUE,FALSE,FALSE,"right","left",TRUE,FALSE,FALSE,"right","right",TRUE
"6678813aec86d687a654dedb","Pretzel",5,"Table",2,"Monkey",2,"right",FALSE,"left",TRUE,2,FALSE,TRUE,FALSE,"left","left",FALSE,TRUE,FALSE,"left","right",FALSE
"55cce6ea34e90600058d1e6d","Hose",4,"Belt",4,"Puzzles",4,"right",FALSE,"middle",TRUE,2,FALSE,TRUE,FALSE,"middle","middle",FALSE,TRUE,FALSE,"middle","right",FALSE
"6658bba1a51a037d25bb677e","Money",4,"Puppets",3,"Zebra",3,"middle",FALSE,"middle",TRUE,2,TRUE,FALSE,FALSE,"middle","left",TRUE,FALSE,FALSE,"middle","middle",TRUE
"60f5df9db9380d875c320307","Curtain",2,"Leg",1,"Sandwich",1,"middle",FALSE,"left",TRUE,2,FALSE,TRUE,FALSE,"left","left",FALSE,TRUE,FALSE,"left","middle",FALSE
"63d5b810f3dbbd11e7e65870","Crown",2,"Lunch",1,"Monkey",1,"left",FALSE,"middle",TRUE,2,FALSE,TRUE,FALSE,"middle","middle",FALSE,TRUE,FALSE,"middle","left",FALSE
"66d1fdd400acfdbc181f41e0","Washcloth",1,"Truck",3,"Pizza",3,"left",FALSE,"right",TRUE,2,FALSE,FALSE,TRUE,"right","middle",FALSE,FALSE,TRUE,"right","left",FALSE
"67b636c4ea38855cbb08ffe3","Water",1,"Bucket",3,"Tractor",3,"left",FALSE,"left",TRUE,2,TRUE,FALSE,FALSE,"left","middle",TRUE,FALSE,FALSE,"left","left",FALSE
"5e1b795dc799223a3b447ada","Teeth",2,"Toilet",5,"Grass",5,"middle",FALSE,"right",FALSE,2,FALSE,TRUE,FALSE,"left","left",FALSE,FALSE,TRUE,"right","middle",FALSE
"5c5cad3e4ee81200018eafe2","Ankle",2,"Sandwich",5,"Yo-yo",5,"right",FALSE,"right",TRUE,2,TRUE,FALSE,FALSE,"right","middle",TRUE,FALSE,FALSE,"right","right",FALSE
"5bc5be2572df5f00014479f9","Bee",1,"Bear",1,"Umbrella",1,"right",FALSE,"right",TRUE,2,TRUE,FALSE,FALSE,"right","left",TRUE,FALSE,FALSE,"right","right",FALSE
"5f8f436e4676a71879786b95","Eggs",3,"Oranges",5,"Cat",5,"middle",TRUE,"middle",TRUE,2,TRUE,FALSE,FALSE,"middle","right",TRUE,FALSE,FALSE,"middle","middle",FALSE
"669053bbebafdd430e770142","Socks",5,"Scissors",3,"Toothbrush",3,"right",FALSE,"left",TRUE,2,FALSE,TRUE,FALSE,"left","left",FALSE,TRUE,FALSE,"left","right",FALSE
"677419f93048c66d62d2bf87","Shorts",3,"Octopus",3,"Fly",3,"right",FALSE,"right",TRUE,2,TRUE,FALSE,FALSE,"right","middle",TRUE,FALSE,FALSE,"right","right",FALSE
"574aff1b5bef980007af2745","Notebook",5,"Stool",2,"Sandals",2,"right",FALSE,"middle",TRUE,2,FALSE,TRUE,FALSE,"middle","middle",FALSE,TRUE,FALSE,"middle","right",FALSE
"58404fd8ad98e40001ce915f","Soap",5,"Candy",5,"Cloud",5,"middle",FALSE,"middle",FALSE,2,FALSE,TRUE,FALSE,"left","left",TRUE,FALSE,FALSE,"middle","middle",FALSE
"5de8887aa2db898017debf1a","Blocks",3,"Teapot",1,"Feather",1,"left",FALSE,"middle",TRUE,2,FALSE,FALSE,TRUE,"middle","right",FALSE,FALSE,TRUE,"middle","left",FALSE
"59d949cf8fd07a000184247e","Button",1,"Spaghetti",3,"Lamp",3,"left",FALSE,"right",TRUE,2,FALSE,FALSE,TRUE,"right","middle",FALSE,FALSE,TRUE,"right","left",FALSE
"662945728093113a43ab8077","Swing",1,"Curtain",5,"Fire",5,"right",FALSE,"middle",FALSE,2,TRUE,FALSE,FALSE,"right","left",FALSE,FALSE,TRUE,"middle","right",TRUE
"676058418c08c71e4bb7cbd1","Camera",4,"Napkin",5,"Ear",5,"right",FALSE,"right",FALSE,2,FALSE,FALSE,TRUE,"left","middle",TRUE,FALSE,FALSE,"right","right",TRUE
"6643d22289210a4edf21e84d","Strawberries",1,"Gorilla",1,"Swimsuit",1,"left",TRUE,"left",TRUE,2,TRUE,FALSE,FALSE,"left","middle",TRUE,FALSE,FALSE,"left","left",FALSE
"58954e2dc88c680001dd4b7e","Pillow",1,"Glasses",1,"Envelope",1,"right",FALSE,"right",TRUE,2,TRUE,FALSE,FALSE,"right","middle",TRUE,FALSE,FALSE,"right","right",TRUE
"5b757a03976ecb0001b1168f","Computer",3,"Pirate",1,"Books",1,"left",FALSE,"right",TRUE,2,FALSE,FALSE,TRUE,"right","middle",FALSE,FALSE,TRUE,"right","left",FALSE
"681b781064a5701a5ceee3bc","Duck",3,"Rainbow",3,"Sun",3,"right",FALSE,"middle",TRUE,2,FALSE,TRUE,FALSE,"middle","middle",FALSE,TRUE,FALSE,"middle","right",TRUE
"6716c6700f376dc7f534af9d","Mailbox",5,"Cable",5,"Radio",5,"right",FALSE,"left",FALSE,2,TRUE,FALSE,FALSE,"right","middle",FALSE,FALSE,TRUE,"left","right",FALSE
"671a3ac3dada5efe6d439698","Sofa",2,"Keys",1,"Candy",1,"right",FALSE,"right",TRUE,2,TRUE,FALSE,FALSE,"right","middle",TRUE,FALSE,FALSE,"right","right",FALSE
"676b89007874c8eace113276","Slide",5,"Vacuum",5,"Bridge",5,"left",FALSE,"left",TRUE,2,TRUE,FALSE,FALSE,"left","middle",TRUE,FALSE,FALSE,"left","left",FALSE
"6825af939111d286546fdde6","Plate",5,"Money",3,"Tricycle",3,"left",FALSE,"middle",TRUE,2,FALSE,FALSE,TRUE,"middle","right",FALSE,FALSE,TRUE,"middle","left",FALSE
"67164c92298409e37c670b3d","Sweater",1,"Queen",5,"Magazine",5,"right",FALSE,"middle",TRUE,2,FALSE,FALSE,TRUE,"middle","left",FALSE,FALSE,TRUE,"middle","right",FALSE
"682b3f63d0e2c4eff64fe664","Bike",1,"Spaghetti",3,"Box",3,"middle",FALSE,"middle",TRUE,2,TRUE,FALSE,FALSE,"middle","left",TRUE,FALSE,FALSE,"middle","middle",TRUE
"5d3695969749cc00165c222f","Earring",3,"Bean",1,"Triangle",1,"middle",FALSE,"right",TRUE,2,FALSE,TRUE,FALSE,"right","right",FALSE,TRUE,FALSE,"right","middle",TRUE
"664521e03117b782ed4fff45","Ice Cream",5,"Monkey",2,"Fish",2,"right",FALSE,"left",FALSE,2,FALSE,FALSE,TRUE,"middle","left",FALSE,TRUE,FALSE,"left","right",FALSE
"6773dea609f77d473900997a","Sandals",4,"Suitcase",1,"Earring",1,"right",FALSE,"left",FALSE,2,TRUE,FALSE,FALSE,"right","middle",FALSE,FALSE,TRUE,"left","right",TRUE
"637fcee60a8378c1c3a65898","Necklace",2,"Mailbox",4,"Hands",4,"right",FALSE,"right",FALSE,2,FALSE,TRUE,FALSE,"middle","middle",TRUE,FALSE,FALSE,"right","right",FALSE
"63f77a5dde1ea03305e119e0","Hat",3,"Candy",4,"Balls",4,"left",FALSE,"middle",TRUE,2,FALSE,FALSE,TRUE,"middle","right",FALSE,FALSE,TRUE,"middle","left",FALSE
"5fbf90f025a567296d943c7e","Newspaper",1,"Shorts",3,"Ant",3,"right",FALSE,"right",TRUE,2,TRUE,FALSE,FALSE,"right","middle",TRUE,FALSE,FALSE,"right","right",FALSE
"636d6ce3fb3683ff33f9e514","String",3,"Pillow",3,"Pajamas",3,"left",FALSE,"right",TRUE,2,FALSE,FALSE,TRUE,"right","middle",FALSE,FALSE,TRUE,"right","left",FALSE
"5af2a03697a14300017d2ba4","Goal",4,"Flashlight",2,"Shorts",2,"right",FALSE,"left",TRUE,2,FALSE,FALSE,TRUE,"left","middle",FALSE,FALSE,TRUE,"left","right",FALSE
"60e3a25e8be835f754795d93","Cable",2,"Fingernail",3,"Jump rope",3,"right",FALSE,"left",FALSE,2,TRUE,FALSE,FALSE,"right","left",FALSE,TRUE,FALSE,"left","right",TRUE
"66b5172c8f0bd3b23ce66c22","Button",3,"Candle",2,"Camera",2,"middle",FALSE,"middle",FALSE,3,FALSE,FALSE,TRUE,"left","right",TRUE,FALSE,FALSE,"middle","middle",FALSE
"5ba60abd9629a90001b36fdc","Owl",3,"Vacuum",5,"Bag",5,"middle",FALSE,"right",TRUE,3,FALSE,FALSE,TRUE,"right","left",FALSE,FALSE,TRUE,"right","middle",FALSE
"65dc99d0191a135ab835bf69","Car",2,"Fingernail",4,"Bell",4,"middle",FALSE,"middle",FALSE,3,FALSE,FALSE,TRUE,"left","right",TRUE,FALSE,FALSE,"middle","middle",FALSE
"60fe7bf61c7567f5cca9ade6","Notebook",5,"Teapot",1,"Waffle",1,"middle",FALSE,"left",TRUE,3,FALSE,FALSE,TRUE,"left","right",FALSE,FALSE,TRUE,"left","middle",TRUE
"5c9d88bb2b3c77001744ec1c","Keys",1,"Play dough",5,"Feet",5,"right",FALSE,"right",TRUE,3,TRUE,FALSE,FALSE,"right","middle",TRUE,FALSE,FALSE,"right","right",FALSE
"5e283f576dbb560114ac7714","Juice",3,"Toilet",5,"Radio",5,"middle",FALSE,"left",TRUE,3,FALSE,TRUE,FALSE,"left","left",FALSE,TRUE,FALSE,"left","middle",FALSE
"62e02b1ed5b0fbc1b1dc09e7","Ant",2,"Corn",4,"Slide",4,"middle",FALSE,"middle",TRUE,3,TRUE,FALSE,FALSE,"middle","right",TRUE,FALSE,FALSE,"middle","middle",FALSE
"5ecf9b46617a9b3dd56b3fe3","Hands",3,"Flashlight",3,"Chopsticks",3,"middle",FALSE,"middle",TRUE,3,TRUE,FALSE,FALSE,"middle","right",TRUE,FALSE,FALSE,"middle","middle",TRUE
"590b3401182caf0001ab5801","Dress",1,"Radio",2,"Stars",2,"right",FALSE,"right",FALSE,3,FALSE,TRUE,FALSE,"left","left",TRUE,FALSE,FALSE,"right","right",FALSE
"65c11389b0d2ba8e63cb8b22","Nest",2,"Cookies",5,"Monkey",5,"middle",FALSE,"right",TRUE,3,FALSE,FALSE,TRUE,"right","left",FALSE,FALSE,TRUE,"right","middle",FALSE
"5d15160539eeea001683830c","Dress",1,"Scissors",3,"Spider",3,"middle",FALSE,"right",TRUE,3,FALSE,FALSE,TRUE,"right","left",FALSE,FALSE,TRUE,"right","middle",FALSE
"6620b6a209127dafd5b2dfb9","Milk",4,"Vacuum",1,"Tie",1,"right",FALSE,"left",TRUE,3,FALSE,FALSE,TRUE,"left","middle",FALSE,FALSE,TRUE,"left","right",FALSE
"56c65a5a305eaa0005f2a634","Elephant",5,"Candle",2,"Ghost",2,"left",FALSE,"middle",FALSE,3,FALSE,FALSE,TRUE,"right","middle",FALSE,TRUE,FALSE,"middle","left",FALSE
"59fb1518b47dfc0001b6659b","CD",2,"Rock",4,"Bow",4,"right",FALSE,"left",TRUE,3,FALSE,FALSE,TRUE,"left","middle",FALSE,FALSE,TRUE,"left","right",FALSE
"602c0fc2eff74b4748e9b41e","Vacuum",5,"Bottle",2,"Tape",2,"middle",FALSE,"left",TRUE,3,FALSE,TRUE,FALSE,"left","left",FALSE,TRUE,FALSE,"left","middle",FALSE
"5bcc98d1db645700015222b5","Tissue",3,"Blocks",4,"Refrigerator",4,"left",FALSE,"right",FALSE,3,FALSE,FALSE,TRUE,"middle","right",FALSE,TRUE,FALSE,"right","left",FALSE
"6773e6e6b205d22a2e097735","Ear",1,"Plate",3,"Arm",3,"right",FALSE,"right",FALSE,3,FALSE,FALSE,TRUE,"middle","left",TRUE,FALSE,FALSE,"right","right",FALSE
"67505c42a18c872bab88ed42","Bug",3,"Sun",2,"Radio",2,"right",FALSE,"right",TRUE,3,TRUE,FALSE,FALSE,"right","left",TRUE,FALSE,FALSE,"right","right",FALSE
"62a1e021702679d27813a3e2","Iron",2,"Soup",2,"Bracelet",2,"right",FALSE,"middle",FALSE,3,TRUE,FALSE,FALSE,"right","left",FALSE,FALSE,TRUE,"middle","right",FALSE
"639f294882a3797f77a3dd81","Coloring Book",4,"Dog",2,"Cherry",2,"right",TRUE,"right",TRUE,3,TRUE,FALSE,FALSE,"right","left",TRUE,FALSE,FALSE,"right","right",FALSE
"654bc148c95bca00d541ec33","Train",2,"Umbrella",1,"Balloons",1,"middle",FALSE,"middle",FALSE,3,FALSE,TRUE,FALSE,"left","left",TRUE,FALSE,FALSE,"middle","middle",TRUE
"5d23460ad4c57900192b129c","Feet",4,"Baby",1,"Ant",1,"right",FALSE,"right",TRUE,3,TRUE,FALSE,FALSE,"right","left",TRUE,FALSE,FALSE,"right","right",FALSE
"67673cda94b4d0cf1a6a7382","Stairs",2,"Cupcake",1,"Button",1,"left",FALSE,"left",TRUE,3,TRUE,FALSE,FALSE,"left","middle",TRUE,FALSE,FALSE,"left","left",FALSE
"5c4f5967aac8be0001716a65","Pig",2,"Keys",4,"Heart",4,"middle",FALSE,"right",FALSE,3,FALSE,TRUE,FALSE,"left","left",FALSE,FALSE,TRUE,"right","middle",FALSE
"67758c9a30d6819221153393","Oranges",1,"Whistle",1,"Sun",1,"left",TRUE,"left",TRUE,3,TRUE,FALSE,FALSE,"left","right",TRUE,FALSE,FALSE,"left","left",FALSE
"66b37344796f45313433abc8","Snow",4,"Mouse",2,"Apples",2,"right",TRUE,"right",TRUE,3,TRUE,FALSE,FALSE,"right","middle",TRUE,FALSE,FALSE,"right","right",FALSE
"632096b5574155e8727c50cc","Paper",1,"Battery",2,"Horse",2,"middle",FALSE,"middle",FALSE,3,FALSE,TRUE,FALSE,"right","right",TRUE,FALSE,FALSE,"middle","middle",FALSE
"66dcc0e54f44ccecf2730c76","Hamburger",3,"Pig",2,"Knee",2,"right",FALSE,"right",TRUE,3,TRUE,FALSE,FALSE,"right","left",TRUE,FALSE,FALSE,"right","right",TRUE
"60fac7ec133b6bf250d6d668","Chopsticks",5,"Backpack",5,"Yogurt",5,"middle",FALSE,"right",FALSE,3,TRUE,FALSE,FALSE,"middle","right",FALSE,TRUE,FALSE,"right","middle",FALSE
"5e459f61418f610891628564","Wheel",1,"Snake",5,"Butter",5,"middle",FALSE,"middle",FALSE,3,FALSE,FALSE,TRUE,"left","right",TRUE,FALSE,FALSE,"middle","middle",FALSE
"5e89ec793c01b3685a00bb12","Lunch",4,"Bed",5,"Refrigerator",5,"right",FALSE,"middle",TRUE,3,FALSE,FALSE,TRUE,"middle","left",FALSE,FALSE,TRUE,"middle","right",FALSE
"631d197eba06364cbea7fab2","Peas",4,"Fire",2,"Candle",2,"left",FALSE,"left",TRUE,3,TRUE,FALSE,FALSE,"left","middle",TRUE,FALSE,FALSE,"left","left",TRUE
"66fd3f6c93c24ecc119be354","Spaghetti",2,"Bear",5,"Rain",5,"middle",FALSE,"middle",FALSE,3,FALSE,TRUE,FALSE,"left","left",TRUE,FALSE,FALSE,"middle","middle",TRUE
"5af1a4bc6e136b0001411714","Feet",1,"Paper",5,"Rice",5,"right",FALSE,"right",FALSE,3,FALSE,FALSE,TRUE,"left","middle",TRUE,FALSE,FALSE,"right","right",FALSE
"60ed501279c68ea1a313d0aa","Helicopter",5,"Keys",5,"Scooter",5,"middle",FALSE,"middle",TRUE,3,TRUE,FALSE,FALSE,"middle","right",TRUE,FALSE,FALSE,"middle","middle",FALSE
"5bf2f728bd9f150001f6cc42","Gorilla",3,"Movie",4,"Slide",4,"right",FALSE,"left",TRUE,3,FALSE,FALSE,TRUE,"left","middle",FALSE,FALSE,TRUE,"left","right",FALSE
"59a734ce0c87a000017481ed","Elephant",4,"Jump rope",4,"Pot",4,"middle",FALSE,"right",FALSE,3,TRUE,FALSE,FALSE,"middle","right",FALSE,TRUE,FALSE,"right","middle",FALSE
"615e420a23219efe3427a367","Fence",1,"Toothpaste",5,"Shoulders",5,"left",FALSE,"right",TRUE,3,FALSE,TRUE,FALSE,"right","right",FALSE,TRUE,FALSE,"right","left",FALSE
"66b244a2f436437d3e109bbe","Pretzel",4,"Swimsuit",1,"Swing",1,"left",FALSE,"left",TRUE,3,TRUE,FALSE,FALSE,"left","right",TRUE,FALSE,FALSE,"left","left",TRUE
"5f1b05a8703c380d1393bb27","Teeth",1,"Radio",1,"Boat",1,"middle",FALSE,"right",TRUE,3,FALSE,TRUE,FALSE,"right","right",FALSE,TRUE,FALSE,"right","middle",FALSE
"6684497541f835bd67a199b2","Spaghetti",1,"Shoes",1,"TV",1,"right",FALSE,"right",TRUE,3,TRUE,FALSE,FALSE,"right","left",TRUE,FALSE,FALSE,"right","right",FALSE
"5eeddefa177a7322144cbc5e","Square",1,"Blanket",1,"Oranges",1,"right",TRUE,"right",TRUE,3,TRUE,FALSE,FALSE,"right","middle",TRUE,FALSE,FALSE,"right","right",FALSE
"63ee9abfa262bea95766dd9c","Pudding",2,"Suitcase",5,"Umbrella",5,"right",FALSE,"middle",FALSE,3,FALSE,TRUE,FALSE,"left","left",FALSE,FALSE,TRUE,"middle","right",TRUE
"66cfab152c56aa0472529001","Popcorn",5,"Bubbles",2,"Bread",2,"right",FALSE,"right",FALSE,3,FALSE,FALSE,TRUE,"left","middle",TRUE,FALSE,FALSE,"right","right",TRUE
"6571fd9d691befe21fa61d18","Balloons",3,"Bag",2,"Cake",2,"middle",FALSE,"right",TRUE,3,FALSE,FALSE,TRUE,"right","left",FALSE,FALSE,TRUE,"right","middle",FALSE
"66312361cf5d4099e1330532","Fire",2,"Purse",3,"Straw",3,"left",FALSE,"right",TRUE,3,FALSE,TRUE,FALSE,"right","right",FALSE,TRUE,FALSE,"right","left",FALSE
"6722ea20fb84b196f0a649b6","Sofa",3,"Crown",5,"Monkey",5,"right",FALSE,"right",TRUE,3,TRUE,FALSE,FALSE,"right","left",TRUE,FALSE,FALSE,"right","right",FALSE
"5ddce9f0f85b50c4fc1515a4","Potatoes",1,"Bike",3,"Feather",3,"left",FALSE,"left",TRUE,3,TRUE,FALSE,FALSE,"left","right",TRUE,FALSE,FALSE,"left","left",FALSE
"5c3bdbf548ad2900017fac31","Glasses",5,"Butter",4,"Cheese",4,"right",FALSE,"left",TRUE,3,FALSE,FALSE,TRUE,"left","middle",FALSE,FALSE,TRUE,"left","right",FALSE
"6844a1b95271dfc560af4709","Chopsticks",2,"Leaf",3,"Refrigerator",3,"middle",FALSE,"left",FALSE,3,TRUE,FALSE,FALSE,"middle","left",FALSE,TRUE,FALSE,"left","middle",FALSE
"616ef680ab8ca318a227f5ec","Keys",1,"Snake",1,"Towels",1,"right",FALSE,"middle",TRUE,3,FALSE,TRUE,FALSE,"middle","middle",FALSE,TRUE,FALSE,"middle","right",FALSE
"66d9cd06e207a93377f7820e","Cloud",1,"Ladder",1,"Fence",1,"middle",FALSE,"right",FALSE,3,FALSE,TRUE,FALSE,"left","left",FALSE,FALSE,TRUE,"right","middle",TRUE
"5962a5b29955ee00015bce98","Keys",5,"Bridge",5,"Spaghetti",5,"right",FALSE,"left",TRUE,3,FALSE,FALSE,TRUE,"left","middle",FALSE,FALSE,TRUE,"left","right",TRUE
"641384b3dffcf39ec42d3c23","Rice",3,"Sink",5,"Ghost",5,"left",FALSE,"middle",TRUE,3,FALSE,FALSE,TRUE,"middle","right",FALSE,FALSE,TRUE,"middle","left",FALSE
"59692d61355b45000106c592","Marker",3,"Owl",1,"Swimsuit",1,"right",FALSE,"left",TRUE,3,FALSE,FALSE,TRUE,"left","middle",FALSE,FALSE,TRUE,"left","right",FALSE
"5dd05d80b2204f1487f7812c","Eyes",1,"Teeth",4,"Soup",4,"left",FALSE,"middle",FALSE,3,FALSE,FALSE,TRUE,"right","middle",FALSE,TRUE,FALSE,"middle","left",FALSE
"6321d9c78e8e3c04f82a0ea0","Bone",2,"Table",3,"Slinky",3,"right",FALSE,"right",TRUE,3,TRUE,FALSE,FALSE,"right","left",TRUE,FALSE,FALSE,"right","right",FALSE
"632d189d6b8f03d0d3db4c48","Notebook",5,"Hands",2,"Teapot",2,"middle",FALSE,"left",FALSE,3,FALSE,TRUE,FALSE,"right","right",FALSE,FALSE,TRUE,"left","middle",TRUE
"63b3377ca1ccdfc7cc567503","Car",4,"Crayons",2,"Slinky",2,"middle",FALSE,"left",TRUE,3,FALSE,TRUE,FALSE,"left","left",FALSE,TRUE,FALSE,"left","middle",TRUE
"6678813aec86d687a654dedb","Coloring Book",5,"Cherry",1,"Soup",1,"middle",TRUE,"left",FALSE,3,TRUE,FALSE,FALSE,"middle","left",FALSE,TRUE,FALSE,"left","middle",FALSE
"55cce6ea34e90600058d1e6d","Glasses",2,"Button",1,"Stool",1,"left",FALSE,"right",TRUE,3,FALSE,FALSE,TRUE,"right","middle",FALSE,FALSE,TRUE,"right","left",FALSE
"6658bba1a51a037d25bb677e","Octopus",1,"Jump rope",3,"Toothpaste",3,"right",FALSE,"middle",TRUE,3,FALSE,FALSE,TRUE,"middle","left",FALSE,FALSE,TRUE,"middle","right",TRUE
"60f5df9db9380d875c320307","Frog",4,"Pillow",2,"Giraffe",2,"middle",FALSE,"middle",FALSE,3,FALSE,TRUE,FALSE,"left","left",TRUE,FALSE,FALSE,"middle","middle",FALSE
"63d5b810f3dbbd11e7e65870","Mouth",4,"Rock",5,"Crackers",5,"right",FALSE,"right",TRUE,3,TRUE,FALSE,FALSE,"right","middle",TRUE,FALSE,FALSE,"right","right",FALSE
"66d1fdd400acfdbc181f41e0","Jacket",2,"Box",2,"Cable",2,"right",FALSE,"middle",TRUE,3,FALSE,TRUE,FALSE,"middle","middle",FALSE,TRUE,FALSE,"middle","right",FALSE
"67b636c4ea38855cbb08ffe3","Towels",5,"Drum",2,"Vacuum",2,"right",FALSE,"right",TRUE,3,TRUE,FALSE,FALSE,"right","middle",TRUE,FALSE,FALSE,"right","right",FALSE
"5e1b795dc799223a3b447ada","Elephant",1,"Pizza",3,"Soda",3,"middle",FALSE,"middle",TRUE,3,TRUE,FALSE,FALSE,"middle","left",TRUE,FALSE,FALSE,"middle","middle",FALSE
"5c5cad3e4ee81200018eafe2","Chicken",5,"Camera",2,"Zebra",2,"left",FALSE,"left",TRUE,3,TRUE,FALSE,FALSE,"left","middle",TRUE,FALSE,FALSE,"left","left",FALSE
"5bc5be2572df5f00014479f9","Backpack",5,"Blocks",4,"Sandals",4,"middle",FALSE,"middle",TRUE,3,TRUE,FALSE,FALSE,"middle","left",TRUE,FALSE,FALSE,"middle","middle",FALSE
"5f8f436e4676a71879786b95","Tummy",3,"Sheep",5,"Boat",5,"left",FALSE,"middle",FALSE,3,TRUE,FALSE,FALSE,"left","right",FALSE,FALSE,TRUE,"middle","left",FALSE
"669053bbebafdd430e770142","Ankle",4,"Pen",5,"Bed",5,"middle",FALSE,"right",FALSE,3,TRUE,FALSE,FALSE,"middle","left",FALSE,FALSE,TRUE,"right","middle",FALSE
"677419f93048c66d62d2bf87","Pajamas",5,"Cheese",1,"Blanket",1,"right",FALSE,"left",TRUE,3,FALSE,FALSE,TRUE,"left","middle",FALSE,FALSE,TRUE,"left","right",FALSE
"574aff1b5bef980007af2745","Pillow",3,"Washcloth",1,"Pirate",1,"right",FALSE,"right",TRUE,3,TRUE,FALSE,FALSE,"right","middle",TRUE,FALSE,FALSE,"right","right",FALSE
"58404fd8ad98e40001ce915f","Airplane",2,"Balls",3,"String",3,"middle",FALSE,"middle",FALSE,3,FALSE,FALSE,TRUE,"right","left",TRUE,FALSE,FALSE,"middle","middle",FALSE
"5de8887aa2db898017debf1a","Pretzel",4,"Sandwich",5,"Zebra",5,"left",FALSE,"middle",TRUE,3,FALSE,FALSE,TRUE,"middle","right",FALSE,FALSE,TRUE,"middle","left",FALSE
"59d949cf8fd07a000184247e","Ring",2,"Stamps",3,"Bat",3,"left",FALSE,"left",FALSE,3,FALSE,TRUE,FALSE,"middle","middle",TRUE,FALSE,FALSE,"left","left",FALSE
"662945728093113a43ab8077","Socks",4,"Pie",1,"House",1,"right",FALSE,"middle",TRUE,3,FALSE,FALSE,TRUE,"middle","left",FALSE,FALSE,TRUE,"middle","right",TRUE
"676058418c08c71e4bb7cbd1","Pretzel",3,"Peas",3,"Marker",3,"right",FALSE,"middle",TRUE,3,FALSE,TRUE,FALSE,"middle","middle",FALSE,TRUE,FALSE,"middle","right",TRUE
"6643d22289210a4edf21e84d","Bubbles",3,"Play dough",4,"Diaper",4,"left",FALSE,"middle",TRUE,3,FALSE,TRUE,FALSE,"middle","middle",FALSE,TRUE,FALSE,"middle","left",FALSE
"58954e2dc88c680001dd4b7e","Toothbrush",2,"Shoes",3,"Bat",3,"right",FALSE,"right",FALSE,3,FALSE,TRUE,FALSE,"middle","middle",TRUE,FALSE,FALSE,"right","right",TRUE
"5b757a03976ecb0001b1168f","CD",1,"Bead",2,"Car",2,"right",FALSE,"right",TRUE,3,TRUE,FALSE,FALSE,"right","middle",TRUE,FALSE,FALSE,"right","right",FALSE
"681b781064a5701a5ceee3bc","Cable",3,"Octopus",1,"Rabbit",1,"left",FALSE,"right",TRUE,3,FALSE,FALSE,TRUE,"right","middle",FALSE,FALSE,TRUE,"right","left",TRUE
"6716c6700f376dc7f534af9d","Eyes",2,"Puzzles",4,"Grapes",4,"right",TRUE,"right",TRUE,3,TRUE,FALSE,FALSE,"right","middle",TRUE,FALSE,FALSE,"right","right",FALSE
"671a3ac3dada5efe6d439698","Jacket",1,"Spoon",3,"Rice",3,"left",FALSE,"left",FALSE,3,FALSE,FALSE,TRUE,"right","middle",TRUE,FALSE,FALSE,"left","left",FALSE
"676b89007874c8eace113276","Horse",3,"Chalk",4,"Shorts",4,"right",FALSE,"middle",TRUE,3,FALSE,TRUE,FALSE,"middle","middle",FALSE,TRUE,FALSE,"middle","right",FALSE
"6825af939111d286546fdde6","Taco",5,"Snake",1,"Jacket",1,"middle",FALSE,"left",TRUE,3,FALSE,FALSE,TRUE,"left","right",FALSE,FALSE,TRUE,"left","middle",FALSE
"67164c92298409e37c670b3d","Microphone",5,"Fire",5,"Rope",5,"right",FALSE,"middle",TRUE,3,FALSE,FALSE,TRUE,"middle","left",FALSE,FALSE,TRUE,"middle","right",FALSE
"682b3f63d0e2c4eff64fe664","Blocks",4,"Refrigerator",5,"Scooter",5,"right",FALSE,"middle",FALSE,3,FALSE,TRUE,FALSE,"left","left",FALSE,FALSE,TRUE,"middle","right",TRUE
"5d3695969749cc00165c222f","Pool",5,"Peas",3,"Bone",3,"middle",FALSE,"left",TRUE,3,FALSE,FALSE,TRUE,"left","right",FALSE,FALSE,TRUE,"left","middle",TRUE
"664521e03117b782ed4fff45","Door",1,"Towels",3,"Truck",3,"middle",FALSE,"right",TRUE,3,FALSE,FALSE,TRUE,"right","left",FALSE,FALSE,TRUE,"right","middle",FALSE
"6773dea609f77d473900997a","Clock",4,"Crayons",2,"Movie",2,"left",FALSE,"left",FALSE,3,FALSE,TRUE,FALSE,"middle","middle",TRUE,FALSE,FALSE,"left","left",TRUE
"637fcee60a8378c1c3a65898","Head",3,"Window",4,"Pencil",4,"left",FALSE,"middle",FALSE,3,FALSE,FALSE,TRUE,"right","middle",FALSE,TRUE,FALSE,"middle","left",FALSE
"63f77a5dde1ea03305e119e0","Straw",3,"Crown",1,"Play dough",1,"left",FALSE,"middle",FALSE,3,TRUE,FALSE,FALSE,"left","right",FALSE,FALSE,TRUE,"middle","left",FALSE
"5fbf90f025a567296d943c7e","String",5,"Bead",1,"Bus",1,"right",FALSE,"left",TRUE,3,FALSE,FALSE,TRUE,"left","middle",FALSE,FALSE,TRUE,"left","right",FALSE
"636d6ce3fb3683ff33f9e514","Teeth",3,"Candle",4,"Notebook",4,"left",FALSE,"middle",TRUE,3,FALSE,TRUE,FALSE,"middle","middle",FALSE,TRUE,FALSE,"middle","left",FALSE
"5af2a03697a14300017d2ba4","Clown",5,"Lizard",5,"Towels",5,"right",FALSE,"middle",TRUE,3,FALSE,TRUE,FALSE,"middle","middle",FALSE,TRUE,FALSE,"middle","right",FALSE
"60e3a25e8be835f754795d93","Tractor",2,"Camera",3,"Bell",3,"right",FALSE,"right",TRUE,3,TRUE,FALSE,FALSE,"right","left",TRUE,FALSE,FALSE,"right","right",TRUE
"66b5172c8f0bd3b23ce66c22","Pie",2,"Broom",2,"Helicopter",2,"middle",FALSE,"right",TRUE,4,FALSE,TRUE,FALSE,"right","right",FALSE,TRUE,FALSE,"right","middle",FALSE
"5ba60abd9629a90001b36fdc","Sand",5,"Horse",2,"Gorilla",2,"right",FALSE,"right",TRUE,4,TRUE,FALSE,FALSE,"right","left",TRUE,FALSE,FALSE,"right","right",FALSE
"65dc99d0191a135ab835bf69","Brush",5,"Ring",1,"Dolls",1,"left",FALSE,"left",TRUE,4,TRUE,FALSE,FALSE,"left","right",TRUE,FALSE,FALSE,"left","left",FALSE
"60fe7bf61c7567f5cca9ade6","Net",1,"Pool",3,"Fork",3,"middle",FALSE,"right",TRUE,4,FALSE,TRUE,FALSE,"right","right",FALSE,TRUE,FALSE,"right","middle",TRUE
"5c9d88bb2b3c77001744ec1c","Fingers",2,"Leaf",1,"Skateboard",1,"right",FALSE,"right",TRUE,4,TRUE,FALSE,FALSE,"right","middle",TRUE,FALSE,FALSE,"right","right",FALSE
"5e283f576dbb560114ac7714","Carrots",4,"Boat",3,"Turtle",3,"right",FALSE,"middle",TRUE,4,FALSE,FALSE,TRUE,"middle","left",FALSE,FALSE,TRUE,"middle","right",FALSE
"62e02b1ed5b0fbc1b1dc09e7","Shoulders",2,"Zipper",5,"Clock",5,"left",FALSE,"middle",TRUE,4,FALSE,FALSE,TRUE,"middle","right",FALSE,FALSE,TRUE,"middle","left",FALSE
"5ecf9b46617a9b3dd56b3fe3","Feather",5,"Books",2,"Pool",2,"middle",FALSE,"left",FALSE,4,TRUE,FALSE,FALSE,"middle","right",FALSE,FALSE,TRUE,"left","middle",TRUE
"590b3401182caf0001ab5801","Peas",2,"Box",3,"Strawberries",3,"right",TRUE,"right",TRUE,4,TRUE,FALSE,FALSE,"right","left",TRUE,FALSE,FALSE,"right","right",FALSE
"65c11389b0d2ba8e63cb8b22","Snake",2,"Newspaper",5,"String",5,"middle",FALSE,"middle",FALSE,4,FALSE,FALSE,TRUE,"right","left",TRUE,FALSE,FALSE,"middle","middle",FALSE
"5d15160539eeea001683830c","Glue",2,"Watch",2,"Snake",2,"right",FALSE,"right",TRUE,4,TRUE,FALSE,FALSE,"right","left",TRUE,FALSE,FALSE,"right","right",FALSE
"6620b6a209127dafd5b2dfb9","Elbow",3,"Hamburger",3,"Chips",3,"left",FALSE,"left",FALSE,4,FALSE,TRUE,FALSE,"middle","middle",TRUE,FALSE,FALSE,"left","left",FALSE
"56c65a5a305eaa0005f2a634","Rice",1,"Flashlight",4,"Pear",4,"right",TRUE,"middle",TRUE,4,FALSE,TRUE,FALSE,"middle","middle",FALSE,TRUE,FALSE,"middle","right",FALSE
"59fb1518b47dfc0001b6659b","Fire",2,"Plate",2,"Ice Cream",2,"right",FALSE,"right",FALSE,4,FALSE,TRUE,FALSE,"middle","middle",TRUE,FALSE,FALSE,"right","right",FALSE
"602c0fc2eff74b4748e9b41e","Fish",2,"Apples",4,"Rope",4,"middle",TRUE,"middle",TRUE,4,TRUE,FALSE,FALSE,"middle","left",TRUE,FALSE,FALSE,"middle","middle",FALSE
"5bcc98d1db645700015222b5","Truck",5,"Clock",5,"Hands",5,"left",FALSE,"left",TRUE,4,TRUE,FALSE,FALSE,"left","right",TRUE,FALSE,FALSE,"left","left",FALSE
"6773e6e6b205d22a2e097735","Zebra",5,"Pillow",2,"Stairs",2,"middle",FALSE,"left",TRUE,4,FALSE,TRUE,FALSE,"left","left",FALSE,TRUE,FALSE,"left","middle",FALSE
"67505c42a18c872bab88ed42","Blanket",5,"Pudding",2,"Towels",2,"middle",FALSE,"left",TRUE,4,FALSE,TRUE,FALSE,"left","left",FALSE,TRUE,FALSE,"left","middle",FALSE
"62a1e021702679d27813a3e2","Fire truck",4,"Refrigerator",4,"Sheep",4,"right",FALSE,"middle",FALSE,4,FALSE,TRUE,FALSE,"left","left",FALSE,FALSE,TRUE,"middle","right",FALSE
"639f294882a3797f77a3dd81","Cake",1,"Necklace",4,"Toothbrush",4,"middle",FALSE,"middle",FALSE,4,FALSE,TRUE,FALSE,"left","left",TRUE,FALSE,FALSE,"middle","middle",FALSE
"654bc148c95bca00d541ec33","Square",5,"Motorcycle",5,"Sweater",5,"right",FALSE,"middle",FALSE,4,TRUE,FALSE,FALSE,"right","left",FALSE,FALSE,TRUE,"middle","right",TRUE
"5d23460ad4c57900192b129c","Milk",1,"Cherry",1,"Pizza",1,"middle",TRUE,"right",FALSE,4,TRUE,FALSE,FALSE,"middle","left",FALSE,FALSE,TRUE,"right","middle",FALSE
"67673cda94b4d0cf1a6a7382","Motorcycle",2,"Skateboard",1,"Slide",1,"left",FALSE,"left",TRUE,4,TRUE,FALSE,FALSE,"left","middle",TRUE,FALSE,FALSE,"left","left",FALSE
"5c4f5967aac8be0001716a65","Tiger",2,"Sheep",2,"Grapes",2,"right",TRUE,"middle",FALSE,4,TRUE,FALSE,FALSE,"right","left",FALSE,FALSE,TRUE,"middle","right",FALSE
"67758c9a30d6819221153393","Juice",5,"Balloons",2,"Dog",2,"middle",FALSE,"left",TRUE,4,FALSE,FALSE,TRUE,"left","right",FALSE,FALSE,TRUE,"left","middle",FALSE
"66b37344796f45313433abc8","Nest",5,"Dog",2,"Shirt",2,"left",FALSE,"left",TRUE,4,TRUE,FALSE,FALSE,"left","middle",TRUE,FALSE,FALSE,"left","left",FALSE
"632096b5574155e8727c50cc","Elephant",5,"Table",3,"Cloud",3,"left",FALSE,"middle",TRUE,4,FALSE,FALSE,TRUE,"middle","right",FALSE,FALSE,TRUE,"middle","left",FALSE
"66dcc0e54f44ccecf2730c76","Battery",3,"Shovel",3,"Flashlight",3,"right",FALSE,"right",FALSE,4,FALSE,TRUE,FALSE,"left","left",TRUE,FALSE,FALSE,"right","right",TRUE
"60fac7ec133b6bf250d6d668","Ring",3,"Stamps",2,"Towels",2,"left",FALSE,"middle",FALSE,4,TRUE,FALSE,FALSE,"left","right",FALSE,FALSE,TRUE,"middle","left",FALSE
"5e459f61418f610891628564","Window",2,"Cloud",4,"Spaghetti",4,"middle",FALSE,"middle",TRUE,4,TRUE,FALSE,FALSE,"middle","right",TRUE,FALSE,FALSE,"middle","middle",FALSE
"5e89ec793c01b3685a00bb12","Fish",1,"Pajamas",4,"Stairs",4,"middle",FALSE,"middle",TRUE,4,TRUE,FALSE,FALSE,"middle","left",TRUE,FALSE,FALSE,"middle","middle",FALSE
"631d197eba06364cbea7fab2","Zebra",3,"Moon",5,"Juice",5,"right",FALSE,"right",TRUE,4,TRUE,FALSE,FALSE,"right","middle",TRUE,FALSE,FALSE,"right","right",TRUE
"66fd3f6c93c24ecc119be354","Fire truck",1,"Pirate",1,"Ring",1,"middle",FALSE,"right",FALSE,4,TRUE,FALSE,FALSE,"middle","left",FALSE,FALSE,TRUE,"right","middle",TRUE
"5af1a4bc6e136b0001411714","Cereal",2,"Blanket",5,"Pajamas",5,"left",FALSE,"left",TRUE,4,TRUE,FALSE,FALSE,"left","middle",TRUE,FALSE,FALSE,"left","left",FALSE
"60ed501279c68ea1a313d0aa","Can",4,"Plate",2,"Ghost",2,"middle",FALSE,"right",TRUE,4,FALSE,TRUE,FALSE,"right","right",FALSE,TRUE,FALSE,"right","middle",FALSE
"5bf2f728bd9f150001f6cc42","Nose",2,"Hammer",1,"Hair",1,"left",FALSE,"right",TRUE,4,FALSE,FALSE,TRUE,"right","middle",FALSE,FALSE,TRUE,"right","left",FALSE
"59a734ce0c87a000017481ed","Giraffe",2,"Tractor",5,"Ice Cream",5,"middle",FALSE,"left",FALSE,4,FALSE,TRUE,FALSE,"right","right",FALSE,FALSE,TRUE,"left","middle",FALSE
"615e420a23219efe3427a367","Socks",2,"Scooter",2,"Washcloth",2,"middle",FALSE,"middle",TRUE,4,TRUE,FALSE,FALSE,"middle","right",TRUE,FALSE,FALSE,"middle","middle",FALSE
"66b244a2f436437d3e109bbe","Tongue",2,"Lion",4,"Napkin",4,"middle",FALSE,"middle",TRUE,4,TRUE,FALSE,FALSE,"middle","right",TRUE,FALSE,FALSE,"middle","middle",TRUE
"5f1b05a8703c380d1393bb27","Envelope",5,"Eyes",4,"Chopsticks",4,"middle",FALSE,"right",TRUE,4,FALSE,TRUE,FALSE,"right","right",FALSE,TRUE,FALSE,"right","middle",FALSE
"6684497541f835bd67a199b2","Window",3,"Stairs",4,"Iron",4,"right",FALSE,"right",TRUE,4,TRUE,FALSE,FALSE,"right","left",TRUE,FALSE,FALSE,"right","right",FALSE
"5eeddefa177a7322144cbc5e","Shirt",3,"Turtle",1,"Balls",1,"left",FALSE,"left",TRUE,4,TRUE,FALSE,FALSE,"left","middle",TRUE,FALSE,FALSE,"left","left",FALSE
"63ee9abfa262bea95766dd9c","Watch",3,"Pear",5,"Fire truck",5,"middle",TRUE,"middle",TRUE,4,TRUE,FALSE,FALSE,"middle","left",TRUE,FALSE,FALSE,"middle","middle",TRUE
"66cfab152c56aa0472529001","Fence",4,"Slinky",4,"Giraffe",4,"right",FALSE,"left",FALSE,4,FALSE,TRUE,FALSE,"middle","middle",FALSE,FALSE,TRUE,"left","right",TRUE
"6571fd9d691befe21fa61d18","Helicopter",1,"Paper",1,"Sandals",1,"middle",FALSE,"middle",TRUE,4,TRUE,FALSE,FALSE,"middle","left",TRUE,FALSE,FALSE,"middle","middle",FALSE
"66312361cf5d4099e1330532","Rainbow",3,"Clock",2,"Baby",2,"middle",FALSE,"right",TRUE,4,FALSE,TRUE,FALSE,"right","right",FALSE,TRUE,FALSE,"right","middle",FALSE
"6722ea20fb84b196f0a649b6","Juice",1,"Money",3,"Pan",3,"middle",FALSE,"middle",TRUE,4,TRUE,FALSE,FALSE,"middle","left",TRUE,FALSE,FALSE,"middle","middle",FALSE
"5ddce9f0f85b50c4fc1515a4","Spoon",5,"Cup",2,"Corn",2,"left",FALSE,"right",TRUE,4,FALSE,TRUE,FALSE,"right","right",FALSE,TRUE,FALSE,"right","left",FALSE
"5c3bdbf548ad2900017fac31","Monkey",3,"Microphone",5,"Corn",5,"right",FALSE,"right",FALSE,4,FALSE,TRUE,FALSE,"middle","middle",TRUE,FALSE,FALSE,"right","right",FALSE
"6844a1b95271dfc560af4709","Toy",2,"Cat",5,"Ice Cream",5,"middle",FALSE,"right",TRUE,4,FALSE,FALSE,TRUE,"right","left",FALSE,FALSE,TRUE,"right","middle",FALSE
"616ef680ab8ca318a227f5ec","Fingernail",1,"Skateboard",4,"Toes",4,"left",FALSE,"right",TRUE,4,FALSE,FALSE,TRUE,"right","middle",FALSE,FALSE,TRUE,"right","left",FALSE
"66d9cd06e207a93377f7820e","Curtain",1,"Spider",1,"Toothpaste",1,"right",FALSE,"right",TRUE,4,TRUE,FALSE,FALSE,"right","left",TRUE,FALSE,FALSE,"right","right",TRUE
"5962a5b29955ee00015bce98","Fly",5,"Tiger",1,"Butter",1,"left",FALSE,"right",TRUE,4,FALSE,FALSE,TRUE,"right","middle",FALSE,FALSE,TRUE,"right","left",TRUE
"641384b3dffcf39ec42d3c23","Camera",1,"Wagon",5,"Puzzles",5,"left",FALSE,"middle",FALSE,4,FALSE,TRUE,FALSE,"right","right",FALSE,FALSE,TRUE,"middle","left",FALSE
"59692d61355b45000106c592","Shorts",1,"Dresser",5,"Necklace",5,"right",FALSE,"right",TRUE,4,TRUE,FALSE,FALSE,"right","middle",TRUE,FALSE,FALSE,"right","right",FALSE
"5dd05d80b2204f1487f7812c","Swimsuit",2,"Socks",5,"Yo-yo",5,"right",FALSE,"middle",FALSE,4,TRUE,FALSE,FALSE,"right","middle",FALSE,TRUE,FALSE,"middle","right",FALSE
"6321d9c78e8e3c04f82a0ea0","Barn",3,"Feather",5,"Meat",5,"middle",FALSE,"middle",FALSE,4,FALSE,FALSE,TRUE,"right","left",TRUE,FALSE,FALSE,"middle","middle",FALSE
"632d189d6b8f03d0d3db4c48","Feet",1,"Truck",1,"Soap",1,"middle",FALSE,"middle",TRUE,4,TRUE,FALSE,FALSE,"middle","right",TRUE,FALSE,FALSE,"middle","middle",TRUE
"63b3377ca1ccdfc7cc567503","Soda",3,"Chicken",3,"Bubbles",3,"right",FALSE,"right",FALSE,4,FALSE,FALSE,TRUE,"middle","left",TRUE,FALSE,FALSE,"right","right",TRUE
"6678813aec86d687a654dedb","Battery",3,"Swing",4,"Brush",4,"right",FALSE,"right",TRUE,4,TRUE,FALSE,FALSE,"right","left",TRUE,FALSE,FALSE,"right","right",FALSE
"55cce6ea34e90600058d1e6d","Microphone",5,"Sandwich",2,"Sticker",2,"left",FALSE,"middle",TRUE,4,FALSE,TRUE,FALSE,"middle","middle",FALSE,TRUE,FALSE,"middle","left",FALSE
"6658bba1a51a037d25bb677e","Cloud",3,"Shoes",1,"Spiderweb",1,"right",FALSE,"left",TRUE,4,FALSE,TRUE,FALSE,"left","left",FALSE,TRUE,FALSE,"left","right",TRUE
"60f5df9db9380d875c320307","Mouse",2,"Circle",3,"Rabbit",3,"middle",FALSE,"middle",TRUE,4,TRUE,FALSE,FALSE,"middle","left",TRUE,FALSE,FALSE,"middle","middle",FALSE
"63d5b810f3dbbd11e7e65870","Cow",5,"Motorcycle",3,"Sheep",3,"right",FALSE,"right",TRUE,4,TRUE,FALSE,FALSE,"right","middle",TRUE,FALSE,FALSE,"right","right",FALSE
"66d1fdd400acfdbc181f41e0","Bag",3,"Flower",4,"Sticker",4,"right",FALSE,"middle",TRUE,4,FALSE,TRUE,FALSE,"middle","middle",FALSE,TRUE,FALSE,"middle","right",FALSE
"67b636c4ea38855cbb08ffe3","Ring",5,"Cow",4,"Bottle",4,"right",FALSE,"right",FALSE,4,FALSE,TRUE,FALSE,"middle","middle",TRUE,FALSE,FALSE,"right","right",FALSE
"5e1b795dc799223a3b447ada","Bridge",4,"Fire",4,"Motorcycle",4,"middle",FALSE,"right",FALSE,4,FALSE,TRUE,FALSE,"left","left",FALSE,FALSE,TRUE,"right","middle",FALSE
"5c5cad3e4ee81200018eafe2","Toilet",1,"Whistle",5,"Pirate",5,"right",FALSE,"middle",TRUE,4,FALSE,TRUE,FALSE,"middle","middle",FALSE,TRUE,FALSE,"middle","right",FALSE
"5bc5be2572df5f00014479f9","Camera",4,"Gorilla",3,"Fork",3,"right",FALSE,"right",FALSE,4,FALSE,FALSE,TRUE,"middle","left",TRUE,FALSE,FALSE,"right","right",FALSE
"5f8f436e4676a71879786b95","String",4,"Brush",2,"Bat",2,"middle",FALSE,"left",FALSE,4,TRUE,FALSE,FALSE,"middle","right",FALSE,FALSE,TRUE,"left","middle",FALSE
"669053bbebafdd430e770142","Grass",4,"Oranges",1,"Fire",1,"middle",TRUE,"middle",TRUE,4,TRUE,FALSE,FALSE,"middle","left",TRUE,FALSE,FALSE,"middle","middle",FALSE
"677419f93048c66d62d2bf87","Rope",3,"Ant",5,"Candle",5,"left",FALSE,"middle",TRUE,4,FALSE,TRUE,FALSE,"middle","middle",FALSE,TRUE,FALSE,"middle","left",FALSE
"574aff1b5bef980007af2745","Leaf",1,"Fingers",5,"Ice Cream",5,"left",FALSE,"right",FALSE,4,FALSE,TRUE,FALSE,"middle","middle",FALSE,FALSE,TRUE,"right","left",FALSE
"58404fd8ad98e40001ce915f","Notebook",4,"Squirrel",3,"Bandaid",3,"right",FALSE,"middle",TRUE,4,FALSE,FALSE,TRUE,"middle","left",FALSE,FALSE,TRUE,"middle","right",FALSE
"5de8887aa2db898017debf1a","Dresser",5,"Soda",1,"Triangle",1,"middle",FALSE,"middle",FALSE,4,FALSE,FALSE,TRUE,"left","right",TRUE,FALSE,FALSE,"middle","middle",FALSE
"59d949cf8fd07a000184247e","Straw",4,"House",2,"Boots",2,"right",FALSE,"left",TRUE,4,FALSE,FALSE,TRUE,"left","middle",FALSE,FALSE,TRUE,"left","right",FALSE
"662945728093113a43ab8077","Feet",3,"Hamburger",1,"Owl",1,"right",FALSE,"right",TRUE,4,TRUE,FALSE,FALSE,"right","left",TRUE,FALSE,FALSE,"right","right",TRUE
"676058418c08c71e4bb7cbd1","Pie",3,"Bat",3,"Bottle",3,"right",FALSE,"right",TRUE,4,TRUE,FALSE,FALSE,"right","middle",TRUE,FALSE,FALSE,"right","right",TRUE
"6643d22289210a4edf21e84d","Mountain",4,"Sweater",3,"Lamp",3,"left",FALSE,"left",FALSE,4,FALSE,FALSE,TRUE,"right","middle",TRUE,FALSE,FALSE,"left","left",FALSE
"58954e2dc88c680001dd4b7e","Grapes",5,"Newspaper",4,"Refrigerator",4,"left",TRUE,"left",TRUE,4,TRUE,FALSE,FALSE,"left","middle",TRUE,FALSE,FALSE,"left","left",TRUE
"5b757a03976ecb0001b1168f","Yo-yo",1,"Toothbrush",1,"Stamps",1,"right",FALSE,"right",TRUE,4,TRUE,FALSE,FALSE,"right","middle",TRUE,FALSE,FALSE,"right","right",FALSE
"681b781064a5701a5ceee3bc","Lizard",2,"Bike",5,"Mouth",5,"left",FALSE,"middle",TRUE,4,FALSE,TRUE,FALSE,"middle","middle",FALSE,TRUE,FALSE,"middle","left",TRUE
"6716c6700f376dc7f534af9d","Pajamas",1,"Watch",2,"Bandaid",2,"left",FALSE,"middle",TRUE,4,FALSE,TRUE,FALSE,"middle","middle",FALSE,TRUE,FALSE,"middle","left",FALSE
"671a3ac3dada5efe6d439698","Newspaper",5,"Brush",5,"Shovel",5,"right",FALSE,"right",TRUE,4,TRUE,FALSE,FALSE,"right","middle",TRUE,FALSE,FALSE,"right","right",FALSE
"676b89007874c8eace113276","Bubbles",3,"Sink",4,"Shirt",4,"left",FALSE,"left",TRUE,4,TRUE,FALSE,FALSE,"left","middle",TRUE,FALSE,FALSE,"left","left",FALSE
"6825af939111d286546fdde6","Princess",1,"Dolls",3,"Jump rope",3,"left",FALSE,"right",FALSE,4,FALSE,FALSE,TRUE,"middle","right",FALSE,TRUE,FALSE,"right","left",FALSE
"67164c92298409e37c670b3d","Water",1,"Meat",3,"Oranges",3,"right",TRUE,"right",TRUE,4,TRUE,FALSE,FALSE,"right","left",TRUE,FALSE,FALSE,"right","right",FALSE
"682b3f63d0e2c4eff64fe664","Horse",1,"Chalk",5,"Strawberries",5,"right",TRUE,"middle",FALSE,4,TRUE,FALSE,FALSE,"right","left",FALSE,FALSE,TRUE,"middle","right",TRUE
"5d3695969749cc00165c222f","Princess",4,"Straw",2,"Radio",2,"left",FALSE,"right",TRUE,4,FALSE,TRUE,FALSE,"right","right",FALSE,TRUE,FALSE,"right","left",TRUE
"664521e03117b782ed4fff45","Elbow",4,"Ostrich",2,"Clown",2,"middle",FALSE,"left",TRUE,4,FALSE,TRUE,FALSE,"left","left",FALSE,TRUE,FALSE,"left","middle",FALSE
"6773dea609f77d473900997a","Necklace",2,"Cereal",2,"Slide",2,"right",FALSE,"right",TRUE,4,TRUE,FALSE,FALSE,"right","middle",TRUE,FALSE,FALSE,"right","right",TRUE
"637fcee60a8378c1c3a65898","Cake",3,"Hoop",4,"Door",4,"right",FALSE,"middle",FALSE,4,FALSE,FALSE,TRUE,"left","middle",FALSE,TRUE,FALSE,"middle","right",FALSE
"63f77a5dde1ea03305e119e0","Sweater",5,"Comb",5,"Ghost",5,"left",FALSE,"right",FALSE,4,TRUE,FALSE,FALSE,"left","right",FALSE,TRUE,FALSE,"right","left",FALSE
"5fbf90f025a567296d943c7e","Magazine",3,"House",1,"Cat",1,"left",FALSE,"right",TRUE,4,FALSE,FALSE,TRUE,"right","middle",FALSE,FALSE,TRUE,"right","left",FALSE
"636d6ce3fb3683ff33f9e514","Snow",5,"Pants",5,"Bean",5,"right",FALSE,"right",TRUE,4,TRUE,FALSE,FALSE,"right","middle",TRUE,FALSE,FALSE,"right","right",FALSE
"5af2a03697a14300017d2ba4","Dresser",3,"Fish",5,"Pants",5,"right",FALSE,"middle",TRUE,4,FALSE,TRUE,FALSE,"middle","middle",FALSE,TRUE,FALSE,"middle","right",FALSE
"60e3a25e8be835f754795d93","Stove",2,"Flower",5,"Books",5,"middle",FALSE,"middle",TRUE,4,TRUE,FALSE,FALSE,"middle","left",TRUE,FALSE,FALSE,"middle","middle",TRUE
"66b5172c8f0bd3b23ce66c22","Frog",1,"Door",2,"Mouth",2,"left",FALSE,"middle",TRUE,5,FALSE,FALSE,TRUE,"middle","right",FALSE,FALSE,TRUE,"middle","left",FALSE
"5ba60abd9629a90001b36fdc","Peas",1,"Bug",1,"Wagon",1,"right",FALSE,"right",TRUE,5,TRUE,FALSE,FALSE,"right","left",TRUE,FALSE,FALSE,"right","right",FALSE
"65dc99d0191a135ab835bf69","Juice",3,"Mouth",4,"Stove",4,"middle",FALSE,"middle",FALSE,5,FALSE,FALSE,TRUE,"left","right",TRUE,FALSE,FALSE,"middle","middle",FALSE
"60fe7bf61c7567f5cca9ade6","Pants",5,"Whistle",3,"Elephant",3,"left",FALSE,"left",FALSE,5,FALSE,TRUE,FALSE,"right","right",TRUE,FALSE,FALSE,"left","left",TRUE
"5c9d88bb2b3c77001744ec1c","Pants",3,"Flashlight",3,"Box",3,"left",FALSE,"middle",TRUE,5,FALSE,TRUE,FALSE,"middle","middle",FALSE,TRUE,FALSE,"middle","left",FALSE
"5e283f576dbb560114ac7714","Balls",5,"Flashlight",3,"Tricycle",3,"middle",FALSE,"left",TRUE,5,FALSE,TRUE,FALSE,"left","left",FALSE,TRUE,FALSE,"left","middle",FALSE
"62e02b1ed5b0fbc1b1dc09e7","Sticker",2,"Bug",5,"Bandaid",5,"left",FALSE,"middle",FALSE,5,TRUE,FALSE,FALSE,"left","right",FALSE,FALSE,TRUE,"middle","left",FALSE
"5ecf9b46617a9b3dd56b3fe3","Waffle",1,"Bubbles",4,"Popcorn",4,"middle",FALSE,"middle",TRUE,5,TRUE,FALSE,FALSE,"middle","right",TRUE,FALSE,FALSE,"middle","middle",TRUE
"590b3401182caf0001ab5801","Chopsticks",4,"Tape",3,"Fly",3,"middle",FALSE,"left",TRUE,5,FALSE,TRUE,FALSE,"left","left",FALSE,TRUE,FALSE,"left","middle",FALSE
"65c11389b0d2ba8e63cb8b22","Spider",3,"Rope",3,"Magazine",3,"right",FALSE,"right",TRUE,5,TRUE,FALSE,FALSE,"right","left",TRUE,FALSE,FALSE,"right","right",FALSE
"5d15160539eeea001683830c","Bag",1,"Candy",3,"Ostrich",3,"right",FALSE,"middle",TRUE,5,FALSE,FALSE,TRUE,"middle","left",FALSE,FALSE,TRUE,"middle","right",FALSE
"6620b6a209127dafd5b2dfb9","Swing",5,"Shoes",1,"Towels",1,"right",FALSE,"left",TRUE,5,FALSE,FALSE,TRUE,"left","middle",FALSE,FALSE,TRUE,"left","right",FALSE
"56c65a5a305eaa0005f2a634","Apples",2,"Hot Dog",2,"Pajamas",2,"left",TRUE,"left",TRUE,5,TRUE,FALSE,FALSE,"left","middle",TRUE,FALSE,FALSE,"left","left",FALSE
"59fb1518b47dfc0001b6659b","Meat",4,"Purse",4,"Snake",4,"left",FALSE,"right",TRUE,5,FALSE,FALSE,TRUE,"right","middle",FALSE,FALSE,TRUE,"right","left",FALSE
"602c0fc2eff74b4748e9b41e","Bandaid",1,"Barn",2,"Dress",2,"middle",FALSE,"middle",TRUE,5,TRUE,FALSE,FALSE,"middle","left",TRUE,FALSE,FALSE,"middle","middle",FALSE
"5bcc98d1db645700015222b5","Paints",3,"Towels",4,"Books",4,"middle",FALSE,"middle",FALSE,5,FALSE,FALSE,TRUE,"left","right",TRUE,FALSE,FALSE,"middle","middle",FALSE
"6773e6e6b205d22a2e097735","Pie",1,"Dog",5,"Tree",5,"middle",FALSE,"right",TRUE,5,FALSE,FALSE,TRUE,"right","left",FALSE,FALSE,TRUE,"right","middle",FALSE
"67505c42a18c872bab88ed42","Pirate",4,"Tissue",2,"Wheel",2,"middle",FALSE,"left",FALSE,5,FALSE,FALSE,TRUE,"right","left",FALSE,TRUE,FALSE,"left","middle",FALSE
"62a1e021702679d27813a3e2","Fire",1,"Teapot",1,"Bus",1,"middle",FALSE,"middle",FALSE,5,FALSE,FALSE,TRUE,"right","left",TRUE,FALSE,FALSE,"middle","middle",FALSE
"639f294882a3797f77a3dd81","Head",1,"Fly",2,"Swing",2,"right",FALSE,"right",TRUE,5,TRUE,FALSE,FALSE,"right","left",TRUE,FALSE,FALSE,"right","right",FALSE
"654bc148c95bca00d541ec33","Sticker",5,"Mirror",1,"Potatoes",1,"middle",FALSE,"right",FALSE,5,FALSE,TRUE,FALSE,"left","left",FALSE,FALSE,TRUE,"right","middle",TRUE
"5d23460ad4c57900192b129c","Mouse",3,"Necklace",4,"Hose",4,"middle",FALSE,"middle",TRUE,5,TRUE,FALSE,FALSE,"middle","left",TRUE,FALSE,FALSE,"middle","middle",FALSE
"67673cda94b4d0cf1a6a7382","Zebra",5,"Tongue",4,"Tie",4,"left",FALSE,"right",TRUE,5,FALSE,FALSE,TRUE,"right","middle",FALSE,FALSE,TRUE,"right","left",FALSE
"5c4f5967aac8be0001716a65","Whistle",1,"Strawberries",3,"Bandaid",3,"middle",TRUE,"middle",TRUE,5,TRUE,FALSE,FALSE,"middle","left",TRUE,FALSE,FALSE,"middle","middle",FALSE
"67758c9a30d6819221153393","Fork",2,"Slide",1,"Boots",1,"middle",FALSE,"right",TRUE,5,FALSE,TRUE,FALSE,"right","right",FALSE,TRUE,FALSE,"right","middle",FALSE
"66b37344796f45313433abc8","Tongue",4,"Hair",3,"Butterfly",3,"left",FALSE,"left",FALSE,5,FALSE,TRUE,FALSE,"middle","middle",TRUE,FALSE,FALSE,"left","left",FALSE
"632096b5574155e8727c50cc","Snake",4,"Fingernail",3,"Cow",3,"middle",FALSE,"right",TRUE,5,FALSE,TRUE,FALSE,"right","right",FALSE,TRUE,FALSE,"right","middle",FALSE
"66dcc0e54f44ccecf2730c76","Toes",1,"Puppets",1,"Kangaroo",1,"middle",FALSE,"left",FALSE,5,FALSE,FALSE,TRUE,"right","left",FALSE,TRUE,FALSE,"left","middle",TRUE
"60fac7ec133b6bf250d6d668","Lizard",4,"Pants",3,"Elephant",3,"middle",FALSE,"left",FALSE,5,TRUE,FALSE,FALSE,"middle","right",FALSE,FALSE,TRUE,"left","middle",FALSE
"5e459f61418f610891628564","Battery",2,"Helicopter",3,"Spoon",3,"left",FALSE,"middle",FALSE,5,FALSE,TRUE,FALSE,"right","right",FALSE,FALSE,TRUE,"middle","left",FALSE
"5e89ec793c01b3685a00bb12","Feather",5,"Lamp",1,"Princess",1,"middle",FALSE,"left",TRUE,5,FALSE,TRUE,FALSE,"left","left",FALSE,TRUE,FALSE,"left","middle",FALSE
"631d197eba06364cbea7fab2","Straw",4,"Frog",2,"Slinky",2,"right",FALSE,"middle",TRUE,5,FALSE,TRUE,FALSE,"middle","middle",FALSE,TRUE,FALSE,"middle","right",TRUE
"61656042f505fd7fa53e8628","Slinky",4,"Battery",3,"Suitcase",3,"middle",FALSE,"middle",FALSE,1,FALSE,TRUE,FALSE,"left","left",TRUE,FALSE,FALSE,"middle","middle",FALSE
"66fd3f6c93c24ecc119be354","Dresser",1,"Pig",5,"Peas",5,"right",FALSE,"middle",FALSE,5,TRUE,FALSE,FALSE,"right","left",FALSE,FALSE,TRUE,"middle","right",TRUE
"5af1a4bc6e136b0001411714","Dresser",3,"Bottle",5,"Snow",5,"right",FALSE,"left",FALSE,5,TRUE,FALSE,FALSE,"right","middle",FALSE,FALSE,TRUE,"left","right",FALSE
"60ed501279c68ea1a313d0aa","Toes",3,"Strawberries",4,"Hands",4,"middle",TRUE,"middle",TRUE,5,TRUE,FALSE,FALSE,"middle","right",TRUE,FALSE,FALSE,"middle","middle",FALSE
"5bf2f728bd9f150001f6cc42","Frog",3,"Earring",1,"Chips",1,"left",FALSE,"left",TRUE,5,TRUE,FALSE,FALSE,"left","middle",TRUE,FALSE,FALSE,"left","left",FALSE
"59a734ce0c87a000017481ed","Vacuum",3,"Bracelet",2,"Iron",2,"middle",FALSE,"middle",FALSE,5,FALSE,TRUE,FALSE,"right","right",TRUE,FALSE,FALSE,"middle","middle",FALSE
"615e420a23219efe3427a367","Barn",3,"Queen",5,"Shovel",5,"middle",FALSE,"left",FALSE,5,TRUE,FALSE,FALSE,"middle","right",FALSE,FALSE,TRUE,"left","middle",FALSE
"66b244a2f436437d3e109bbe","Ant",4,"Pie",4,"Spoon",4,"middle",FALSE,"middle",TRUE,5,TRUE,FALSE,FALSE,"middle","right",TRUE,FALSE,FALSE,"middle","middle",TRUE
"5f1b05a8703c380d1393bb27","Cereal",3,"Whistle",4,"Dress",4,"middle",FALSE,"left",TRUE,5,FALSE,FALSE,TRUE,"left","right",FALSE,FALSE,TRUE,"left","middle",FALSE
"6684497541f835bd67a199b2","Goal",1,"Truck",4,"Soda",4,"middle",FALSE,"middle",FALSE,5,FALSE,FALSE,TRUE,"right","left",TRUE,FALSE,FALSE,"middle","middle",FALSE
"5eeddefa177a7322144cbc5e","Rabbit",3,"Skateboard",3,"Yo-yo",3,"left",FALSE,"middle",TRUE,5,FALSE,TRUE,FALSE,"middle","middle",FALSE,TRUE,FALSE,"middle","left",FALSE
"63ee9abfa262bea95766dd9c","Hanger",4,"Blanket",2,"String",2,"middle",FALSE,"right",FALSE,5,FALSE,TRUE,FALSE,"left","left",FALSE,FALSE,TRUE,"right","middle",TRUE
"66cfab152c56aa0472529001","Underwear",5,"Nose",1,"Fire",1,"left",FALSE,"right",TRUE,5,FALSE,FALSE,TRUE,"right","middle",FALSE,FALSE,TRUE,"right","left",TRUE
"6571fd9d691befe21fa61d18","Tractor",1,"Lizard",1,"Swimsuit",1,"middle",FALSE,"right",TRUE,5,FALSE,FALSE,TRUE,"right","left",FALSE,FALSE,TRUE,"right","middle",FALSE
"66312361cf5d4099e1330532","Bandaid",4,"Blocks",2,"Bee",2,"left",FALSE,"right",TRUE,5,FALSE,TRUE,FALSE,"right","right",FALSE,TRUE,FALSE,"right","left",FALSE
"6722ea20fb84b196f0a649b6","Lion",5,"Tummy",5,"Fork",5,"right",FALSE,"left",FALSE,5,FALSE,FALSE,TRUE,"middle","left",FALSE,TRUE,FALSE,"left","right",FALSE
"5ddce9f0f85b50c4fc1515a4","Boat",3,"Coloring Book",1,"Yogurt",1,"left",FALSE,"left",TRUE,5,TRUE,FALSE,FALSE,"left","right",TRUE,FALSE,FALSE,"left","left",FALSE
"5c3bdbf548ad2900017fac31","Cable",3,"Shampoo",1,"Nose",1,"left",FALSE,"left",TRUE,5,TRUE,FALSE,FALSE,"left","middle",TRUE,FALSE,FALSE,"left","left",FALSE
"6844a1b95271dfc560af4709","Pot",3,"Pan",2,"Cable",2,"right",FALSE,"middle",TRUE,5,FALSE,FALSE,TRUE,"middle","left",FALSE,FALSE,TRUE,"middle","right",FALSE
"5e121701dc79bd8a1a22ca99","Window",2,"Mouth",2,"Heart",2,"right",FALSE,"right",TRUE,1,TRUE,FALSE,FALSE,"right","left",TRUE,FALSE,FALSE,"right","right",FALSE
"616ef680ab8ca318a227f5ec","Queen",4,"Sofa",1,"Tummy",1,"left",FALSE,"right",FALSE,5,TRUE,FALSE,FALSE,"left","middle",FALSE,FALSE,TRUE,"right","left",FALSE
"66d9cd06e207a93377f7820e","Wagon",5,"Camera",2,"Tiger",2,"middle",FALSE,"right",TRUE,5,FALSE,FALSE,TRUE,"right","left",FALSE,FALSE,TRUE,"right","middle",TRUE
"5962a5b29955ee00015bce98","Toes",2,"Hair",4,"Duck",4,"left",FALSE,"left",TRUE,5,TRUE,FALSE,FALSE,"left","middle",TRUE,FALSE,FALSE,"left","left",TRUE
"641384b3dffcf39ec42d3c23","Stars",5,"Bug",1,"Juice",1,"left",FALSE,"right",TRUE,5,FALSE,TRUE,FALSE,"right","right",FALSE,TRUE,FALSE,"right","left",FALSE
"59692d61355b45000106c592","Cereal",4,"Door",1,"Grass",1,"left",FALSE,"middle",TRUE,5,FALSE,TRUE,FALSE,"middle","middle",FALSE,TRUE,FALSE,"middle","left",FALSE
"5dd05d80b2204f1487f7812c","Magazine",4,"Pants",3,"Dolls",3,"right",FALSE,"left",FALSE,5,FALSE,TRUE,FALSE,"middle","middle",FALSE,FALSE,TRUE,"left","right",FALSE
"6321d9c78e8e3c04f82a0ea0","Pirate",5,"String",1,"Sunglasses",1,"middle",FALSE,"left",TRUE,5,FALSE,TRUE,FALSE,"left","left",FALSE,TRUE,FALSE,"left","middle",FALSE
"632d189d6b8f03d0d3db4c48","Chips",3,"Goal",1,"Slinky",1,"middle",FALSE,"left",TRUE,5,FALSE,FALSE,TRUE,"left","right",FALSE,FALSE,TRUE,"left","middle",TRUE
"63b3377ca1ccdfc7cc567503","Cupcake",2,"Puppets",2,"Blocks",2,"right",FALSE,"left",FALSE,5,FALSE,FALSE,TRUE,"middle","left",FALSE,TRUE,FALSE,"left","right",TRUE
"6678813aec86d687a654dedb","Frog",5,"Bike",3,"Cup",3,"middle",FALSE,"left",FALSE,5,FALSE,FALSE,TRUE,"right","left",FALSE,TRUE,FALSE,"left","middle",FALSE
"55cce6ea34e90600058d1e6d","Umbrella",5,"Knife",1,"Sweater",1,"right",FALSE,"middle",TRUE,5,FALSE,TRUE,FALSE,"middle","middle",FALSE,TRUE,FALSE,"middle","right",FALSE
"6658bba1a51a037d25bb677e","Horse",1,"Pool",3,"Stars",3,"right",FALSE,"right",TRUE,5,TRUE,FALSE,FALSE,"right","left",TRUE,FALSE,FALSE,"right","right",TRUE
"60f5df9db9380d875c320307","Queen",1,"Tricycle",5,"Sun",5,"middle",FALSE,"right",TRUE,5,FALSE,FALSE,TRUE,"right","left",FALSE,FALSE,TRUE,"right","middle",FALSE
"63d5b810f3dbbd11e7e65870","Oranges",5,"String",1,"Ankle",1,"left",TRUE,"left",TRUE,5,TRUE,FALSE,FALSE,"left","middle",TRUE,FALSE,FALSE,"left","left",FALSE
"66d1fdd400acfdbc181f41e0","Shoulders",4,"Doughnut",4,"Monkey",4,"right",FALSE,"left",FALSE,5,FALSE,TRUE,FALSE,"middle","middle",FALSE,FALSE,TRUE,"left","right",FALSE
"67b636c4ea38855cbb08ffe3","Pajamas",1,"Napkin",5,"Swimsuit",5,"right",FALSE,"right",FALSE,5,FALSE,TRUE,FALSE,"middle","middle",TRUE,FALSE,FALSE,"right","right",FALSE
"5e1b795dc799223a3b447ada","Zipper",4,"Boat",2,"Fly",2,"middle",FALSE,"left",TRUE,5,FALSE,TRUE,FALSE,"left","left",FALSE,TRUE,FALSE,"left","middle",FALSE
"5c5cad3e4ee81200018eafe2","Octopus",5,"Plate",2,"Bracelet",2,"left",FALSE,"left",TRUE,5,TRUE,FALSE,FALSE,"left","middle",TRUE,FALSE,FALSE,"left","left",FALSE
"5bc5be2572df5f00014479f9","Mirror",3,"Boat",2,"Bread",2,"right",FALSE,"right",TRUE,5,TRUE,FALSE,FALSE,"right","left",TRUE,FALSE,FALSE,"right","right",FALSE
"5f8f436e4676a71879786b95","Bowl",4,"Rope",1,"Sand",1,"left",FALSE,"middle",FALSE,5,TRUE,FALSE,FALSE,"left","right",FALSE,FALSE,TRUE,"middle","left",FALSE
"669053bbebafdd430e770142","Sink",3,"Soup",5,"Newspaper",5,"right",FALSE,"left",TRUE,5,FALSE,TRUE,FALSE,"left","left",FALSE,TRUE,FALSE,"left","right",FALSE
"677419f93048c66d62d2bf87","Straw",2,"Fire truck",1,"Toilet",1,"right",FALSE,"right",TRUE,5,TRUE,FALSE,FALSE,"right","middle",TRUE,FALSE,FALSE,"right","right",FALSE
"574aff1b5bef980007af2745","Nest",2,"House",2,"Helicopter",2,"right",FALSE,"middle",TRUE,5,FALSE,TRUE,FALSE,"middle","middle",FALSE,TRUE,FALSE,"middle","right",FALSE
"58404fd8ad98e40001ce915f","Blanket",3,"Door",2,"Purse",2,"middle",FALSE,"middle",TRUE,5,TRUE,FALSE,FALSE,"middle","left",TRUE,FALSE,FALSE,"middle","middle",FALSE
"5de8887aa2db898017debf1a","Nest",1,"Bagel",4,"Moon",4,"middle",FALSE,"middle",TRUE,5,TRUE,FALSE,FALSE,"middle","right",TRUE,FALSE,FALSE,"middle","middle",FALSE
"59d949cf8fd07a000184247e","Flashlight",3,"Popsicle",2,"Belt",2,"left",FALSE,"left",FALSE,5,FALSE,TRUE,FALSE,"middle","middle",TRUE,FALSE,FALSE,"left","left",FALSE
"662945728093113a43ab8077","Spaghetti",1,"Shoulders",4,"Chair",4,"right",FALSE,"middle",FALSE,5,FALSE,TRUE,FALSE,"left","left",FALSE,FALSE,TRUE,"middle","right",TRUE
"676058418c08c71e4bb7cbd1","Yo-yo",3,"Door",5,"Tricycle",5,"left",FALSE,"middle",FALSE,5,TRUE,FALSE,FALSE,"left","middle",FALSE,TRUE,FALSE,"middle","left",TRUE
"6643d22289210a4edf21e84d","Yo-yo",4,"Table",3,"Head",3,"left",FALSE,"left",TRUE,5,TRUE,FALSE,FALSE,"left","middle",TRUE,FALSE,FALSE,"left","left",FALSE
"58954e2dc88c680001dd4b7e","Wing",3,"Butter",5,"Bathtub",5,"left",FALSE,"left",FALSE,5,FALSE,TRUE,FALSE,"middle","middle",TRUE,FALSE,FALSE,"left","left",TRUE
"5b757a03976ecb0001b1168f","Brush",1,"Sun",2,"Turtle",2,"right",FALSE,"right",TRUE,5,TRUE,FALSE,FALSE,"right","middle",TRUE,FALSE,FALSE,"right","right",FALSE
"681b781064a5701a5ceee3bc","Can",3,"Zebra",2,"Pancakes",2,"left",FALSE,"right",TRUE,5,FALSE,FALSE,TRUE,"right","middle",FALSE,FALSE,TRUE,"right","left",TRUE
"6716c6700f376dc7f534af9d","Bean",3,"Soda",3,"Milk",3,"left",FALSE,"right",TRUE,5,FALSE,FALSE,TRUE,"right","middle",FALSE,FALSE,TRUE,"right","left",FALSE
"671a3ac3dada5efe6d439698","Milk",5,"Soda",4,"Sweater",4,"right",FALSE,"middle",TRUE,5,FALSE,TRUE,FALSE,"middle","middle",FALSE,TRUE,FALSE,"middle","right",FALSE
"676b89007874c8eace113276","Towels",5,"Umbrella",3,"Plate",3,"right",FALSE,"left",TRUE,5,FALSE,FALSE,TRUE,"left","middle",FALSE,FALSE,TRUE,"left","right",FALSE
"6825af939111d286546fdde6","Shoes",2,"Pan",4,"Coloring Book",4,"middle",FALSE,"middle",TRUE,5,TRUE,FALSE,FALSE,"middle","right",TRUE,FALSE,FALSE,"middle","middle",FALSE
"67164c92298409e37c670b3d","Socks",1,"Fly",1,"Clock",1,"right",FALSE,"right",TRUE,5,TRUE,FALSE,FALSE,"right","left",TRUE,FALSE,FALSE,"right","right",FALSE
"682b3f63d0e2c4eff64fe664","Tree",4,"Hat",4,"Hamburger",4,"middle",FALSE,"middle",TRUE,5,TRUE,FALSE,FALSE,"middle","left",TRUE,FALSE,FALSE,"middle","middle",TRUE
"5d3695969749cc00165c222f","Rock",4,"Turtle",2,"Bell",2,"middle",FALSE,"left",TRUE,5,FALSE,FALSE,TRUE,"left","right",FALSE,FALSE,TRUE,"left","middle",TRUE
"664521e03117b782ed4fff45","Pan",5,"Bean",5,"Shovel",5,"right",FALSE,"middle",TRUE,5,FALSE,FALSE,TRUE,"middle","left",FALSE,FALSE,TRUE,"middle","right",FALSE
"5f0db498f5e4e102c0f65b67","Pirate",1,"Tricycle",1,"Bowl",1,"middle",FALSE,"right",TRUE,1,FALSE,FALSE,TRUE,"right","left",FALSE,FALSE,TRUE,"right","middle",FALSE
"6773dea609f77d473900997a","Cable",2,"Baby",5,"Sofa",5,"left",FALSE,"left",FALSE,5,FALSE,TRUE,FALSE,"middle","middle",TRUE,FALSE,FALSE,"left","left",TRUE
"637fcee60a8378c1c3a65898","Queen",4,"Eyes",4,"Arm",4,"right",FALSE,"left",TRUE,5,FALSE,FALSE,TRUE,"left","middle",FALSE,FALSE,TRUE,"left","right",FALSE
"63f77a5dde1ea03305e119e0","Barn",2,"Moon",2,"Knee",2,"left",FALSE,"middle",TRUE,5,FALSE,FALSE,TRUE,"middle","right",FALSE,FALSE,TRUE,"middle","left",FALSE
"5fbf90f025a567296d943c7e","Spaghetti",4,"Teeth",4,"Mountain",4,"left",FALSE,"middle",FALSE,5,FALSE,FALSE,TRUE,"right","middle",FALSE,TRUE,FALSE,"middle","left",FALSE
"636d6ce3fb3683ff33f9e514","Apples",5,"Chips",3,"Square",3,"left",TRUE,"left",TRUE,5,TRUE,FALSE,FALSE,"left","middle",TRUE,FALSE,FALSE,"left","left",FALSE
"5af2a03697a14300017d2ba4","Necklace",2,"Toes",3,"Chicken",3,"left",FALSE,"right",FALSE,5,TRUE,FALSE,FALSE,"left","middle",FALSE,FALSE,TRUE,"right","left",FALSE
"60e3a25e8be835f754795d93","Mirror",1,"Toilet",1,"Bananas",1,"right",TRUE,"right",TRUE,5,TRUE,FALSE,FALSE,"right","left",TRUE,FALSE,FALSE,"right","right",TRUE
"66b5172c8f0bd3b23ce66c22","Wagon",2,"Bracelet",2,"Bat",2,"middle",FALSE,"left",TRUE,6,FALSE,FALSE,TRUE,"left","right",FALSE,FALSE,TRUE,"left","middle",FALSE
"5ba60abd9629a90001b36fdc","Sink",3,"Wing",4,"Fries",4,"middle",FALSE,"middle",TRUE,6,TRUE,FALSE,FALSE,"middle","left",TRUE,FALSE,FALSE,"middle","middle",FALSE
"65dc99d0191a135ab835bf69","Carrots",2,"Apples",5,"Soup",5,"middle",TRUE,"middle",TRUE,6,TRUE,FALSE,FALSE,"middle","right",TRUE,FALSE,FALSE,"middle","middle",FALSE
"60fe7bf61c7567f5cca9ade6","Tongue",2,"Helicopter",4,"Sweater",4,"left",FALSE,"right",TRUE,6,FALSE,TRUE,FALSE,"right","right",FALSE,TRUE,FALSE,"right","left",TRUE
"5c9d88bb2b3c77001744ec1c","Cheese",1,"Sandwich",2,"Lizard",2,"left",FALSE,"right",TRUE,6,FALSE,FALSE,TRUE,"right","middle",FALSE,FALSE,TRUE,"right","left",FALSE
"5e283f576dbb560114ac7714","Queen",1,"Bathtub",5,"Paper",5,"middle",FALSE,"right",TRUE,6,FALSE,FALSE,TRUE,"right","left",FALSE,FALSE,TRUE,"right","middle",FALSE
"62e02b1ed5b0fbc1b1dc09e7","Giraffe",2,"Stool",5,"Napkin",5,"left",FALSE,"middle",TRUE,6,FALSE,FALSE,TRUE,"middle","right",FALSE,FALSE,TRUE,"middle","left",FALSE
"5ecf9b46617a9b3dd56b3fe3","Knife",1,"TV",5,"Wagon",5,"middle",FALSE,"middle",TRUE,6,TRUE,FALSE,FALSE,"middle","right",TRUE,FALSE,FALSE,"middle","middle",TRUE
"590b3401182caf0001ab5801","Ice Cream",4,"Pan",2,"Yo-yo",2,"right",FALSE,"left",TRUE,6,FALSE,TRUE,FALSE,"left","left",FALSE,TRUE,FALSE,"left","right",FALSE
"65c11389b0d2ba8e63cb8b22","Rainbow",4,"Camera",4,"Bag",4,"right",FALSE,"left",TRUE,6,FALSE,TRUE,FALSE,"left","left",FALSE,TRUE,FALSE,"left","right",FALSE
"5d15160539eeea001683830c","Cow",4,"Glove",5,"Feather",5,"middle",FALSE,"middle",TRUE,6,TRUE,FALSE,FALSE,"middle","left",TRUE,FALSE,FALSE,"middle","middle",FALSE
"6620b6a209127dafd5b2dfb9","Cupcake",2,"Slinky",1,"Frog",1,"right",FALSE,"right",TRUE,6,TRUE,FALSE,FALSE,"right","middle",TRUE,FALSE,FALSE,"right","right",FALSE
"56c65a5a305eaa0005f2a634","Phone",2,"Tie",4,"Bear",4,"right",FALSE,"right",FALSE,6,FALSE,TRUE,FALSE,"middle","middle",TRUE,FALSE,FALSE,"right","right",FALSE
"59fb1518b47dfc0001b6659b","Bowl",4,"Bubbles",4,"Waffle",4,"left",FALSE,"left",TRUE,6,TRUE,FALSE,FALSE,"left","middle",TRUE,FALSE,FALSE,"left","left",FALSE
"602c0fc2eff74b4748e9b41e","Fork",1,"Grapes",5,"Radio",5,"middle",TRUE,"middle",TRUE,6,TRUE,FALSE,FALSE,"middle","left",TRUE,FALSE,FALSE,"middle","middle",FALSE
"5bcc98d1db645700015222b5","Keys",1,"Knife",2,"Stove",2,"left",FALSE,"left",FALSE,6,FALSE,TRUE,FALSE,"right","right",TRUE,FALSE,FALSE,"left","left",FALSE
"6773e6e6b205d22a2e097735","Mouse",4,"Swing",3,"Brush",3,"middle",FALSE,"middle",TRUE,6,TRUE,FALSE,FALSE,"middle","left",TRUE,FALSE,FALSE,"middle","middle",FALSE
"67505c42a18c872bab88ed42","Watch",1,"Chalk",4,"Moon",4,"right",FALSE,"middle",TRUE,6,FALSE,FALSE,TRUE,"middle","left",FALSE,FALSE,TRUE,"middle","right",FALSE
"62a1e021702679d27813a3e2","Stick",3,"Sofa",5,"Meat",5,"right",FALSE,"middle",FALSE,6,FALSE,TRUE,FALSE,"left","left",FALSE,FALSE,TRUE,"middle","right",FALSE
"639f294882a3797f77a3dd81","Mailbox",1,"Play dough",5,"Helicopter",5,"right",FALSE,"right",FALSE,6,FALSE,FALSE,TRUE,"middle","left",TRUE,FALSE,FALSE,"right","right",FALSE
"654bc148c95bca00d541ec33","Boat",5,"Feet",5,"Tummy",5,"right",FALSE,"left",TRUE,6,FALSE,TRUE,FALSE,"left","left",FALSE,TRUE,FALSE,"left","right",TRUE
"5d23460ad4c57900192b129c","Books",1,"Flower",4,"Broom",4,"middle",FALSE,"right",FALSE,6,TRUE,FALSE,FALSE,"middle","left",FALSE,FALSE,TRUE,"right","middle",FALSE
"67673cda94b4d0cf1a6a7382","Crown",3,"Spiderweb",4,"Sunglasses",4,"left",FALSE,"left",TRUE,6,TRUE,FALSE,FALSE,"left","middle",TRUE,FALSE,FALSE,"left","left",FALSE
"5c4f5967aac8be0001716a65","Toy",2,"Candy",3,"Airplane",3,"middle",FALSE,"right",TRUE,6,FALSE,FALSE,TRUE,"right","left",FALSE,FALSE,TRUE,"right","middle",FALSE
"67758c9a30d6819221153393","Net",1,"Pear",1,"Window",1,"middle",TRUE,"middle",TRUE,6,TRUE,FALSE,FALSE,"middle","right",TRUE,FALSE,FALSE,"middle","middle",FALSE
"66b37344796f45313433abc8","Sand",4,"Bow",5,"Brush",5,"left",FALSE,"right",FALSE,6,TRUE,FALSE,FALSE,"left","middle",FALSE,FALSE,TRUE,"right","left",FALSE
"632096b5574155e8727c50cc","Zebra",2,"Sofa",4,"Carrots",4,"left",FALSE,"middle",TRUE,6,FALSE,FALSE,TRUE,"middle","right",FALSE,FALSE,TRUE,"middle","left",FALSE
"66dcc0e54f44ccecf2730c76","Brush",2,"Swing",3,"Paper",3,"right",FALSE,"middle",TRUE,6,FALSE,FALSE,TRUE,"middle","left",FALSE,FALSE,TRUE,"middle","right",TRUE
"60fac7ec133b6bf250d6d668","Magazine",4,"Tissue",5,"Balls",5,"left",FALSE,"left",FALSE,6,FALSE,FALSE,TRUE,"middle","right",TRUE,FALSE,FALSE,"left","left",FALSE
"5e459f61418f610891628564","Tiger",4,"Hands",3,"Knee",3,"left",FALSE,"left",TRUE,6,TRUE,FALSE,FALSE,"left","right",TRUE,FALSE,FALSE,"left","left",FALSE
"5e89ec793c01b3685a00bb12","Yo-yo",5,"Coloring Book",3,"Hose",3,"right",FALSE,"right",FALSE,6,FALSE,TRUE,FALSE,"left","left",TRUE,FALSE,FALSE,"right","right",FALSE
"631d197eba06364cbea7fab2","Fish",4,"Pencil",5,"Chips",5,"left",FALSE,"middle",FALSE,6,TRUE,FALSE,FALSE,"left","middle",FALSE,TRUE,FALSE,"middle","left",TRUE
"61656042f505fd7fa53e8628","Hair",4,"Jump rope",5,"Giraffe",5,"right",FALSE,"middle",TRUE,2,FALSE,FALSE,TRUE,"middle","left",FALSE,FALSE,TRUE,"middle","right",FALSE
"66fd3f6c93c24ecc119be354","Elbow",3,"Bandaid",1,"Mountain",1,"right",FALSE,"right",TRUE,6,TRUE,FALSE,FALSE,"right","left",TRUE,FALSE,FALSE,"right","right",TRUE
"5af1a4bc6e136b0001411714","Fence",3,"Bubbles",5,"Envelope",5,"right",FALSE,"middle",FALSE,6,TRUE,FALSE,FALSE,"right","middle",FALSE,TRUE,FALSE,"middle","right",FALSE
"60ed501279c68ea1a313d0aa","Kangaroo",3,"Sheep",5,"Stairs",5,"left",FALSE,"left",TRUE,6,TRUE,FALSE,FALSE,"left","right",TRUE,FALSE,FALSE,"left","left",FALSE
"5bf2f728bd9f150001f6cc42","Duck",5,"Butterfly",5,"Leg",5,"right",FALSE,"right",FALSE,6,FALSE,FALSE,TRUE,"left","middle",TRUE,FALSE,FALSE,"right","right",FALSE
"59a734ce0c87a000017481ed","Tree",1,"Soda",4,"Chips",4,"middle",FALSE,"right",TRUE,6,FALSE,TRUE,FALSE,"right","right",FALSE,TRUE,FALSE,"right","middle",FALSE
"615e420a23219efe3427a367","Bread",4,"Bike",3,"Movie",3,"left",FALSE,"right",FALSE,6,TRUE,FALSE,FALSE,"left","right",FALSE,TRUE,FALSE,"right","left",FALSE
"66b244a2f436437d3e109bbe","Rice",4,"Stamps",2,"Puzzles",2,"left",FALSE,"left",TRUE,6,TRUE,FALSE,FALSE,"left","right",TRUE,FALSE,FALSE,"left","left",TRUE
"5f1b05a8703c380d1393bb27","Lunch",1,"Pie",3,"Owl",3,"middle",FALSE,"right",TRUE,6,FALSE,TRUE,FALSE,"right","right",FALSE,TRUE,FALSE,"right","middle",FALSE
"6684497541f835bd67a199b2","Cat",2,"Fence",1,"Glove",1,"right",FALSE,"right",TRUE,6,TRUE,FALSE,FALSE,"right","left",TRUE,FALSE,FALSE,"right","right",FALSE
"5eeddefa177a7322144cbc5e","Drum",3,"Flower",4,"Curtain",4,"right",FALSE,"middle",TRUE,6,FALSE,TRUE,FALSE,"middle","middle",FALSE,TRUE,FALSE,"middle","right",FALSE
"63ee9abfa262bea95766dd9c","Hot Dog",3,"Duck",5,"Teapot",5,"right",FALSE,"middle",FALSE,6,FALSE,TRUE,FALSE,"left","left",FALSE,FALSE,TRUE,"middle","right",TRUE
"66cfab152c56aa0472529001","Pizza",1,"Hat",5,"Sink",5,"right",FALSE,"middle",TRUE,6,FALSE,TRUE,FALSE,"middle","middle",FALSE,TRUE,FALSE,"middle","right",TRUE
"6571fd9d691befe21fa61d18","Cat",3,"TV",4,"Bowl",4,"right",FALSE,"middle",FALSE,6,FALSE,TRUE,FALSE,"left","left",FALSE,FALSE,TRUE,"middle","right",FALSE
"66312361cf5d4099e1330532","Fire truck",2,"Hamburger",2,"Cat",2,"middle",FALSE,"left",FALSE,6,FALSE,TRUE,FALSE,"right","right",FALSE,FALSE,TRUE,"left","middle",FALSE
"6722ea20fb84b196f0a649b6","Pajamas",5,"Stick",5,"Boots",5,"middle",FALSE,"left",TRUE,6,FALSE,TRUE,FALSE,"left","left",FALSE,TRUE,FALSE,"left","middle",FALSE
"5ddce9f0f85b50c4fc1515a4","Popcorn",2,"Bell",1,"Clock",1,"middle",FALSE,"left",FALSE,6,FALSE,TRUE,FALSE,"right","right",FALSE,FALSE,TRUE,"left","middle",FALSE
"5c3bdbf548ad2900017fac31","Chicken",5,"Knee",3,"Ant",3,"left",FALSE,"left",TRUE,6,TRUE,FALSE,FALSE,"left","middle",TRUE,FALSE,FALSE,"left","left",FALSE
"6844a1b95271dfc560af4709","Doughnut",1,"Whistle",3,"Dinosaur",3,"middle",FALSE,"left",TRUE,6,FALSE,TRUE,FALSE,"left","left",FALSE,TRUE,FALSE,"left","middle",FALSE
"5e121701dc79bd8a1a22ca99","Queen",2,"Table",2,"Square",2,"right",FALSE,"left",TRUE,2,FALSE,TRUE,FALSE,"left","left",FALSE,TRUE,FALSE,"left","right",FALSE
"616ef680ab8ca318a227f5ec","Airplane",3,"Bean",4,"Bee",4,"right",FALSE,"middle",TRUE,6,FALSE,TRUE,FALSE,"middle","middle",FALSE,TRUE,FALSE,"middle","right",FALSE
"66d9cd06e207a93377f7820e","Circle",2,"Giraffe",5,"Cake",5,"right",FALSE,"middle",TRUE,6,FALSE,FALSE,TRUE,"middle","left",FALSE,FALSE,TRUE,"middle","right",TRUE
"5962a5b29955ee00015bce98","Chicken",4,"Blanket",4,"Comb",4,"right",FALSE,"right",TRUE,6,TRUE,FALSE,FALSE,"right","middle",TRUE,FALSE,FALSE,"right","right",TRUE
"641384b3dffcf39ec42d3c23","Bubbles",5,"Toilet",4,"Lunch",4,"left",FALSE,"left",TRUE,6,TRUE,FALSE,FALSE,"left","right",TRUE,FALSE,FALSE,"left","left",FALSE
"59692d61355b45000106c592","Bat",3,"Teeth",4,"Mirror",4,"left",FALSE,"right",TRUE,6,FALSE,FALSE,TRUE,"right","middle",FALSE,FALSE,TRUE,"right","left",FALSE
"5dd05d80b2204f1487f7812c","Button",4,"Pancakes",3,"Bike",3,"left",FALSE,"right",TRUE,6,FALSE,FALSE,TRUE,"right","middle",FALSE,FALSE,TRUE,"right","left",FALSE
"6321d9c78e8e3c04f82a0ea0","Comb",4,"Glue",4,"Goal",4,"right",FALSE,"middle",FALSE,6,TRUE,FALSE,FALSE,"right","left",FALSE,FALSE,TRUE,"middle","right",FALSE
"632d189d6b8f03d0d3db4c48","Paints",4,"Door",1,"Can",1,"middle",FALSE,"left",TRUE,6,FALSE,FALSE,TRUE,"left","right",FALSE,FALSE,TRUE,"left","middle",TRUE
"63b3377ca1ccdfc7cc567503","Cookies",3,"Turtle",5,"Toothpaste",5,"middle",FALSE,"left",FALSE,6,FALSE,FALSE,TRUE,"right","left",FALSE,TRUE,FALSE,"left","middle",TRUE
"6678813aec86d687a654dedb","Boat",4,"Pancakes",3,"Whistle",3,"right",FALSE,"left",TRUE,6,FALSE,TRUE,FALSE,"left","left",FALSE,TRUE,FALSE,"left","right",FALSE
"55cce6ea34e90600058d1e6d","Spider",2,"Flashlight",4,"Pencil",4,"right",FALSE,"right",TRUE,6,TRUE,FALSE,FALSE,"right","middle",TRUE,FALSE,FALSE,"right","right",FALSE
"6658bba1a51a037d25bb677e","Gorilla",1,"Mirror",2,"Bug",2,"middle",FALSE,"right",TRUE,6,FALSE,FALSE,TRUE,"right","left",FALSE,FALSE,TRUE,"right","middle",TRUE
"60f5df9db9380d875c320307","TV",5,"Fire",2,"Scissors",2,"right",FALSE,"middle",TRUE,6,FALSE,FALSE,TRUE,"middle","left",FALSE,FALSE,TRUE,"middle","right",FALSE
"63d5b810f3dbbd11e7e65870","Tricycle",1,"Pig",3,"Ice Cream",3,"left",FALSE,"left",FALSE,6,FALSE,TRUE,FALSE,"middle","middle",TRUE,FALSE,FALSE,"left","left",FALSE
"66d1fdd400acfdbc181f41e0","Marker",3,"Umbrella",3,"Pants",3,"right",FALSE,"left",TRUE,6,FALSE,FALSE,TRUE,"left","middle",FALSE,FALSE,TRUE,"left","right",FALSE
"67b636c4ea38855cbb08ffe3","Keys",4,"Jump rope",5,"Backpack",5,"right",FALSE,"left",TRUE,6,FALSE,FALSE,TRUE,"left","middle",FALSE,FALSE,TRUE,"left","right",FALSE
"5e1b795dc799223a3b447ada","Magazine",2,"Lamp",3,"Hamburger",3,"middle",FALSE,"middle",TRUE,6,TRUE,FALSE,FALSE,"middle","left",TRUE,FALSE,FALSE,"middle","middle",FALSE
"5c5cad3e4ee81200018eafe2","Leg",1,"Curtain",5,"Ice Cream",5,"left",FALSE,"right",TRUE,6,FALSE,FALSE,TRUE,"right","middle",FALSE,FALSE,TRUE,"right","left",FALSE
"5bc5be2572df5f00014479f9","Magazine",3,"Pool",2,"Baby",2,"right",FALSE,"right",TRUE,6,TRUE,FALSE,FALSE,"right","left",TRUE,FALSE,FALSE,"right","right",FALSE
"5f8f436e4676a71879786b95","Box",5,"Sandwich",1,"Snake",1,"left",FALSE,"left",FALSE,6,FALSE,TRUE,FALSE,"right","right",TRUE,FALSE,FALSE,"left","left",FALSE
"669053bbebafdd430e770142","Bottle",4,"Tiger",2,"Zebra",2,"right",FALSE,"middle",FALSE,6,FALSE,TRUE,FALSE,"left","left",FALSE,FALSE,TRUE,"middle","right",FALSE
"677419f93048c66d62d2bf87","Spider",4,"Bug",1,"Kangaroo",1,"left",FALSE,"left",TRUE,6,TRUE,FALSE,FALSE,"left","middle",TRUE,FALSE,FALSE,"left","left",FALSE
"574aff1b5bef980007af2745","Toilet",3,"Hair",2,"Bubbles",2,"right",FALSE,"right",FALSE,6,FALSE,FALSE,TRUE,"left","middle",TRUE,FALSE,FALSE,"right","right",FALSE
"58404fd8ad98e40001ce915f","Drum",4,"Helicopter",2,"Princess",2,"middle",FALSE,"left",TRUE,6,FALSE,TRUE,FALSE,"left","left",FALSE,TRUE,FALSE,"left","middle",FALSE
"5de8887aa2db898017debf1a","Jump rope",3,"Cookies",3,"Ice Cream",3,"middle",FALSE,"right",TRUE,6,FALSE,TRUE,FALSE,"right","right",FALSE,TRUE,FALSE,"right","middle",FALSE
"59d949cf8fd07a000184247e","Zebra",2,"Bread",1,"Blocks",1,"right",FALSE,"right",FALSE,6,FALSE,TRUE,FALSE,"middle","middle",TRUE,FALSE,FALSE,"right","right",FALSE
"662945728093113a43ab8077","Bacon",4,"Crackers",2,"Rock",2,"middle",FALSE,"right",FALSE,6,TRUE,FALSE,FALSE,"middle","left",FALSE,FALSE,TRUE,"right","middle",TRUE
"676058418c08c71e4bb7cbd1","Cow",3,"Frog",4,"Flashlight",4,"left",FALSE,"right",TRUE,6,FALSE,FALSE,TRUE,"right","middle",FALSE,FALSE,TRUE,"right","left",TRUE
"6643d22289210a4edf21e84d","Stool",1,"Hammer",4,"Crackers",4,"right",FALSE,"right",TRUE,6,TRUE,FALSE,FALSE,"right","middle",TRUE,FALSE,FALSE,"right","right",FALSE
"58954e2dc88c680001dd4b7e","Door",4,"Pretzel",1,"Popsicle",1,"left",FALSE,"right",TRUE,6,FALSE,FALSE,TRUE,"right","middle",FALSE,FALSE,TRUE,"right","left",TRUE
"5b757a03976ecb0001b1168f","Glove",5,"Pancakes",3,"Keys",3,"right",FALSE,"middle",TRUE,6,FALSE,TRUE,FALSE,"middle","middle",FALSE,TRUE,FALSE,"middle","right",FALSE
"681b781064a5701a5ceee3bc","Money",5,"Ankle",3,"Pillow",3,"right",FALSE,"left",TRUE,6,FALSE,FALSE,TRUE,"left","middle",FALSE,FALSE,TRUE,"left","right",TRUE
"6716c6700f376dc7f534af9d","Spaghetti",4,"Skateboard",2,"Cookies",2,"left",FALSE,"right",FALSE,6,TRUE,FALSE,FALSE,"left","middle",FALSE,FALSE,TRUE,"right","left",FALSE
"671a3ac3dada5efe6d439698","Boots",4,"Diaper",2,"Slide",2,"left",FALSE,"left",TRUE,6,TRUE,FALSE,FALSE,"left","middle",TRUE,FALSE,FALSE,"left","left",FALSE
"676b89007874c8eace113276","Nose",5,"Mountain",3,"Elephant",3,"left",FALSE,"left",TRUE,6,TRUE,FALSE,FALSE,"left","middle",TRUE,FALSE,FALSE,"left","left",FALSE
"6825af939111d286546fdde6","Milk",2,"Carrots",2,"Marker",2,"middle",FALSE,"middle",TRUE,6,TRUE,FALSE,FALSE,"middle","right",TRUE,FALSE,FALSE,"middle","middle",FALSE
"67164c92298409e37c670b3d","Paints",4,"Bandaid",4,"Hoop",4,"middle",FALSE,"middle",FALSE,6,FALSE,FALSE,TRUE,"right","left",TRUE,FALSE,FALSE,"middle","middle",FALSE
"682b3f63d0e2c4eff64fe664","Shirt",5,"Bacon",3,"Car",3,"middle",FALSE,"middle",TRUE,6,TRUE,FALSE,FALSE,"middle","left",TRUE,FALSE,FALSE,"middle","middle",TRUE
"5d3695969749cc00165c222f","Pig",3,"Crayons",3,"Crown",3,"middle",FALSE,"right",TRUE,6,FALSE,TRUE,FALSE,"right","right",FALSE,TRUE,FALSE,"right","middle",TRUE
"664521e03117b782ed4fff45","Dinosaur",2,"Lamp",3,"Cloud",3,"right",FALSE,"middle",TRUE,6,FALSE,FALSE,TRUE,"middle","left",FALSE,FALSE,TRUE,"middle","right",FALSE
"5f0db498f5e4e102c0f65b67","Slinky",5,"Feather",5,"Bananas",5,"right",TRUE,"middle",FALSE,2,TRUE,FALSE,FALSE,"right","left",FALSE,FALSE,TRUE,"middle","right",FALSE
"6773dea609f77d473900997a","Snake",4,"Bell",3,"Boat",3,"left",FALSE,"left",TRUE,6,TRUE,FALSE,FALSE,"left","middle",TRUE,FALSE,FALSE,"left","left",TRUE
"637fcee60a8378c1c3a65898","Glove",3,"Bracelet",5,"Yo-yo",5,"left",FALSE,"middle",TRUE,6,FALSE,TRUE,FALSE,"middle","middle",FALSE,TRUE,FALSE,"middle","left",FALSE
"63f77a5dde1ea03305e119e0","Dresser",2,"Movie",4,"Books",4,"left",FALSE,"middle",TRUE,6,FALSE,FALSE,TRUE,"middle","right",FALSE,FALSE,TRUE,"middle","left",FALSE
"5fbf90f025a567296d943c7e","Bed",2,"Hair",1,"Grass",1,"right",FALSE,"left",TRUE,6,FALSE,FALSE,TRUE,"left","middle",FALSE,FALSE,TRUE,"left","right",FALSE
"636d6ce3fb3683ff33f9e514","Airplane",3,"Knee",1,"Yo-yo",1,"left",FALSE,"right",FALSE,6,TRUE,FALSE,FALSE,"left","middle",FALSE,FALSE,TRUE,"right","left",FALSE
"5af2a03697a14300017d2ba4","Cookies",3,"Triangle",2,"Hanger",2,"right",FALSE,"right",FALSE,6,FALSE,TRUE,FALSE,"middle","middle",TRUE,FALSE,FALSE,"right","right",FALSE
"60e3a25e8be835f754795d93","Ghost",4,"Ring",3,"Feet",3,"middle",FALSE,"right",FALSE,6,FALSE,TRUE,FALSE,"left","left",FALSE,FALSE,TRUE,"right","middle",TRUE
"66b5172c8f0bd3b23ce66c22","Books",4,"Battery",2,"Table",2,"left",FALSE,"middle",TRUE,7,FALSE,FALSE,TRUE,"middle","right",FALSE,FALSE,TRUE,"middle","left",FALSE
"5ba60abd9629a90001b36fdc","Bead",2,"Dinosaur",1,"Phone",1,"middle",FALSE,"left",FALSE,7,TRUE,FALSE,FALSE,"middle","left",FALSE,TRUE,FALSE,"left","middle",FALSE
"65dc99d0191a135ab835bf69","Sandals",2,"Baby",1,"Plate",1,"left",FALSE,"left",TRUE,7,TRUE,FALSE,FALSE,"left","right",TRUE,FALSE,FALSE,"left","left",FALSE
"60fe7bf61c7567f5cca9ade6","Popcorn",3,"Stick",5,"Circle",5,"middle",FALSE,"left",TRUE,7,FALSE,FALSE,TRUE,"left","right",FALSE,FALSE,TRUE,"left","middle",TRUE
"5c9d88bb2b3c77001744ec1c","Swimsuit",5,"Tape",1,"Shoulders",1,"right",FALSE,"left",TRUE,7,FALSE,FALSE,TRUE,"left","middle",FALSE,FALSE,TRUE,"left","right",FALSE
"5e283f576dbb560114ac7714","Marker",2,"Rock",1,"Head",1,"middle",FALSE,"right",FALSE,7,FALSE,TRUE,FALSE,"left","left",FALSE,FALSE,TRUE,"right","middle",FALSE
"62e02b1ed5b0fbc1b1dc09e7","Truck",5,"Broom",5,"Pajamas",5,"middle",FALSE,"right",FALSE,7,TRUE,FALSE,FALSE,"middle","right",FALSE,TRUE,FALSE,"right","middle",FALSE
"5ecf9b46617a9b3dd56b3fe3","Boat",4,"Cloud",4,"Moon",4,"middle",FALSE,"middle",TRUE,7,TRUE,FALSE,FALSE,"middle","right",TRUE,FALSE,FALSE,"middle","middle",TRUE
"590b3401182caf0001ab5801","Frog",2,"Tissue",5,"Stairs",5,"right",FALSE,"middle",TRUE,7,FALSE,FALSE,TRUE,"middle","left",FALSE,FALSE,TRUE,"middle","right",FALSE
"65c11389b0d2ba8e63cb8b22","Towels",3,"Giraffe",5,"Flashlight",5,"middle",FALSE,"right",FALSE,7,TRUE,FALSE,FALSE,"middle","left",FALSE,FALSE,TRUE,"right","middle",FALSE
"5d15160539eeea001683830c","Spiderweb",1,"Hanger",1,"Lion",1,"middle",FALSE,"right",TRUE,7,FALSE,FALSE,TRUE,"right","left",FALSE,FALSE,TRUE,"right","middle",FALSE
"6620b6a209127dafd5b2dfb9","Cow",4,"Video Tape",5,"Chair",5,"left",FALSE,"left",FALSE,7,FALSE,TRUE,FALSE,"middle","middle",TRUE,FALSE,FALSE,"left","left",FALSE
"56c65a5a305eaa0005f2a634","Paper",2,"Tape",5,"Sandals",5,"right",FALSE,"left",FALSE,7,TRUE,FALSE,FALSE,"right","middle",FALSE,FALSE,TRUE,"left","right",FALSE
"59fb1518b47dfc0001b6659b","Radio",4,"Sink",5,"Eggs",5,"left",FALSE,"middle",TRUE,7,FALSE,TRUE,FALSE,"middle","middle",FALSE,TRUE,FALSE,"middle","left",FALSE
"602c0fc2eff74b4748e9b41e","Puppets",5,"Tie",4,"Curtain",4,"right",FALSE,"left",FALSE,7,FALSE,FALSE,TRUE,"middle","left",FALSE,TRUE,FALSE,"left","right",FALSE
"5bcc98d1db645700015222b5","Button",5,"Dolls",4,"Vacuum",4,"left",FALSE,"left",TRUE,7,TRUE,FALSE,FALSE,"left","right",TRUE,FALSE,FALSE,"left","left",FALSE
"6773e6e6b205d22a2e097735","Lizard",5,"Bed",5,"Sunglasses",5,"right",FALSE,"left",FALSE,7,FALSE,FALSE,TRUE,"middle","left",FALSE,TRUE,FALSE,"left","right",FALSE
"67505c42a18c872bab88ed42","Brush",5,"Lunch",3,"Pan",3,"right",FALSE,"left",TRUE,7,FALSE,TRUE,FALSE,"left","left",FALSE,TRUE,FALSE,"left","right",FALSE
"62a1e021702679d27813a3e2","Fingernail",3,"Pencil",4,"Belt",4,"middle",FALSE,"left",FALSE,7,TRUE,FALSE,FALSE,"middle","left",FALSE,TRUE,FALSE,"left","middle",FALSE
"639f294882a3797f77a3dd81","Microphone",4,"Rope",5,"Snake",5,"right",FALSE,"middle",FALSE,7,FALSE,TRUE,FALSE,"left","left",FALSE,FALSE,TRUE,"middle","right",FALSE
"654bc148c95bca00d541ec33","Rabbit",1,"Ladder",2,"Fries",2,"right",FALSE,"left",FALSE,7,TRUE,FALSE,FALSE,"right","left",FALSE,TRUE,FALSE,"left","right",TRUE
"5d23460ad4c57900192b129c","Bed",4,"Bathtub",3,"Butter",3,"right",FALSE,"right",FALSE,7,FALSE,TRUE,FALSE,"left","left",TRUE,FALSE,FALSE,"right","right",FALSE
"67673cda94b4d0cf1a6a7382","Pants",1,"Cookies",5,"Candy",5,"right",FALSE,"right",FALSE,7,FALSE,TRUE,FALSE,"middle","middle",TRUE,FALSE,FALSE,"right","right",FALSE
"5c4f5967aac8be0001716a65","Glove",5,"Pear",1,"Sand",1,"middle",TRUE,"middle",TRUE,7,TRUE,FALSE,FALSE,"middle","left",TRUE,FALSE,FALSE,"middle","middle",FALSE
"67758c9a30d6819221153393","Fence",2,"Earring",2,"String",2,"middle",FALSE,"middle",FALSE,7,FALSE,FALSE,TRUE,"left","right",TRUE,FALSE,FALSE,"middle","middle",FALSE
"66b37344796f45313433abc8","Camera",5,"Play dough",3,"Mountain",3,"left",FALSE,"left",FALSE,7,FALSE,TRUE,FALSE,"middle","middle",TRUE,FALSE,FALSE,"left","left",FALSE
"632096b5574155e8727c50cc","Truck",1,"Lamp",4,"Bottle",4,"left",FALSE,"middle",FALSE,7,TRUE,FALSE,FALSE,"left","right",FALSE,FALSE,TRUE,"middle","left",FALSE
"66dcc0e54f44ccecf2730c76","Sunglasses",3,"Cow",4,"Hips",4,"middle",FALSE,"right",FALSE,7,FALSE,TRUE,FALSE,"left","left",FALSE,FALSE,TRUE,"right","middle",TRUE
"60fac7ec133b6bf250d6d668","Eyes",5,"Zebra",2,"Dress",2,"left",FALSE,"left",FALSE,7,FALSE,FALSE,TRUE,"middle","right",TRUE,FALSE,FALSE,"left","left",FALSE
"5e459f61418f610891628564","Fork",3,"Rock",5,"Shorts",5,"left",FALSE,"middle",TRUE,7,FALSE,FALSE,TRUE,"middle","right",FALSE,FALSE,TRUE,"middle","left",FALSE
"5e89ec793c01b3685a00bb12","Shorts",4,"Ghost",5,"Turtle",5,"middle",FALSE,"middle",FALSE,7,FALSE,TRUE,FALSE,"left","left",TRUE,FALSE,FALSE,"middle","middle",FALSE
"631d197eba06364cbea7fab2","Giraffe",4,"Potatoes",2,"Strawberries",2,"right",TRUE,"right",TRUE,7,TRUE,FALSE,FALSE,"right","middle",TRUE,FALSE,FALSE,"right","right",TRUE
"61656042f505fd7fa53e8628","Cow",4,"Bracelet",3,"Towels",3,"middle",FALSE,"middle",TRUE,3,TRUE,FALSE,FALSE,"middle","left",TRUE,FALSE,FALSE,"middle","middle",FALSE
"66fd3f6c93c24ecc119be354","Can",4,"Backpack",1,"Wing",1,"right",FALSE,"middle",FALSE,7,FALSE,TRUE,FALSE,"left","left",FALSE,FALSE,TRUE,"middle","right",TRUE
"5af1a4bc6e136b0001411714","Ladder",3,"Soap",2,"Dolls",2,"right",FALSE,"left",TRUE,7,FALSE,FALSE,TRUE,"left","middle",FALSE,FALSE,TRUE,"left","right",FALSE
"60ed501279c68ea1a313d0aa","Chicken",2,"Soup",2,"TV",2,"middle",FALSE,"right",TRUE,7,FALSE,TRUE,FALSE,"right","right",FALSE,TRUE,FALSE,"right","middle",FALSE
"5bf2f728bd9f150001f6cc42","Sink",5,"Glove",4,"Stars",4,"left",FALSE,"middle",TRUE,7,FALSE,TRUE,FALSE,"middle","middle",FALSE,TRUE,FALSE,"middle","left",FALSE
"59a734ce0c87a000017481ed","Pudding",4,"Ring",5,"Stick",5,"middle",FALSE,"middle",FALSE,7,FALSE,FALSE,TRUE,"left","right",TRUE,FALSE,FALSE,"middle","middle",FALSE
"615e420a23219efe3427a367","Toothbrush",4,"Spiderweb",5,"Fries",5,"left",FALSE,"middle",FALSE,7,FALSE,TRUE,FALSE,"right","right",FALSE,FALSE,TRUE,"middle","left",FALSE
"66b244a2f436437d3e109bbe","Plate",4,"Knife",1,"Princess",1,"left",FALSE,"left",FALSE,7,FALSE,TRUE,FALSE,"right","right",TRUE,FALSE,FALSE,"left","left",TRUE
"5f1b05a8703c380d1393bb27","Pirate",1,"Slinky",2,"Popcorn",2,"left",FALSE,"right",TRUE,7,FALSE,TRUE,FALSE,"right","right",FALSE,TRUE,FALSE,"right","left",FALSE
"6684497541f835bd67a199b2","Teddy Bear",2,"Clock",5,"Hose",5,"middle",FALSE,"middle",FALSE,7,FALSE,FALSE,TRUE,"right","left",TRUE,FALSE,FALSE,"middle","middle",FALSE
"5eeddefa177a7322144cbc5e","Bagel",2,"Eyes",5,"Ring",5,"left",FALSE,"left",TRUE,7,TRUE,FALSE,FALSE,"left","middle",TRUE,FALSE,FALSE,"left","left",FALSE
"63ee9abfa262bea95766dd9c","Chopsticks",2,"Motorcycle",2,"Wing",2,"right",FALSE,"right",FALSE,7,FALSE,TRUE,FALSE,"left","left",TRUE,FALSE,FALSE,"right","right",TRUE
"66cfab152c56aa0472529001","Battery",2,"Toilet",3,"Flashlight",3,"right",FALSE,"right",TRUE,7,TRUE,FALSE,FALSE,"right","middle",TRUE,FALSE,FALSE,"right","right",TRUE
"6571fd9d691befe21fa61d18","Head",5,"Play dough",1,"Bandaid",1,"middle",FALSE,"left",TRUE,7,FALSE,TRUE,FALSE,"left","left",FALSE,TRUE,FALSE,"left","middle",FALSE
"66312361cf5d4099e1330532","Shovel",2,"Swimsuit",1,"Mountain",1,"middle",FALSE,"left",FALSE,7,FALSE,TRUE,FALSE,"right","right",FALSE,FALSE,TRUE,"left","middle",FALSE
"6722ea20fb84b196f0a649b6","Clock",2,"Shorts",2,"Lizard",2,"middle",FALSE,"right",TRUE,7,FALSE,FALSE,TRUE,"right","left",FALSE,FALSE,TRUE,"right","middle",FALSE
"5ddce9f0f85b50c4fc1515a4","Dinosaur",4,"Cow",3,"Owl",3,"left",FALSE,"middle",FALSE,7,TRUE,FALSE,FALSE,"left","right",FALSE,FALSE,TRUE,"middle","left",FALSE
"5c3bdbf548ad2900017fac31","Tongue",2,"Hot Dog",5,"Knife",5,"right",FALSE,"middle",TRUE,7,FALSE,TRUE,FALSE,"middle","middle",FALSE,TRUE,FALSE,"middle","right",FALSE
"6844a1b95271dfc560af4709","Hair",4,"Pig",2,"Rock",2,"right",FALSE,"middle",FALSE,7,TRUE,FALSE,FALSE,"right","left",FALSE,FALSE,TRUE,"middle","right",FALSE
"5e121701dc79bd8a1a22ca99","Bowl",5,"Button",2,"Puzzles",2,"middle",FALSE,"left",TRUE,3,FALSE,TRUE,FALSE,"left","left",FALSE,TRUE,FALSE,"left","middle",FALSE
"616ef680ab8ca318a227f5ec","Shirt",4,"Popcorn",5,"Door",5,"left",FALSE,"right",TRUE,7,FALSE,FALSE,TRUE,"right","middle",FALSE,FALSE,TRUE,"right","left",FALSE
"66d9cd06e207a93377f7820e","Snake",4,"Zipper",5,"Magazine",5,"right",FALSE,"middle",FALSE,7,FALSE,TRUE,FALSE,"left","left",FALSE,FALSE,TRUE,"middle","right",TRUE
"5962a5b29955ee00015bce98","Pen",3,"Dress",3,"Pot",3,"right",FALSE,"right",TRUE,7,TRUE,FALSE,FALSE,"right","middle",TRUE,FALSE,FALSE,"right","right",TRUE
"641384b3dffcf39ec42d3c23","Milk",1,"Pig",4,"Scooter",4,"left",FALSE,"right",FALSE,7,FALSE,FALSE,TRUE,"middle","right",FALSE,TRUE,FALSE,"right","left",FALSE
"59692d61355b45000106c592","Mailbox",4,"Fish",5,"Milk",5,"right",FALSE,"middle",TRUE,7,FALSE,TRUE,FALSE,"middle","middle",FALSE,TRUE,FALSE,"middle","right",FALSE
"5dd05d80b2204f1487f7812c","Butterfly",4,"Elbow",2,"Whistle",2,"right",FALSE,"middle",FALSE,7,FALSE,FALSE,TRUE,"left","middle",FALSE,TRUE,FALSE,"middle","right",FALSE
"6321d9c78e8e3c04f82a0ea0","Arm",1,"Snake",1,"Coloring Book",1,"middle",FALSE,"middle",FALSE,7,FALSE,FALSE,TRUE,"right","left",TRUE,FALSE,FALSE,"middle","middle",FALSE
"632d189d6b8f03d0d3db4c48","Fries",3,"Tractor",3,"Straw",3,"left",FALSE,"middle",TRUE,7,FALSE,FALSE,TRUE,"middle","right",FALSE,FALSE,TRUE,"middle","left",TRUE
"63b3377ca1ccdfc7cc567503","Bug",3,"Pants",2,"Suitcase",2,"middle",FALSE,"middle",FALSE,7,FALSE,FALSE,TRUE,"right","left",TRUE,FALSE,FALSE,"middle","middle",TRUE
"6678813aec86d687a654dedb","Motorcycle",2,"Bathtub",2,"Bracelet",2,"middle",FALSE,"left",FALSE,7,TRUE,FALSE,FALSE,"middle","left",FALSE,TRUE,FALSE,"left","middle",FALSE
"55cce6ea34e90600058d1e6d","Grapes",4,"Crackers",1,"Mailbox",1,"left",TRUE,"left",TRUE,7,TRUE,FALSE,FALSE,"left","middle",TRUE,FALSE,FALSE,"left","left",FALSE
"6658bba1a51a037d25bb677e","Ghost",2,"Ring",4,"Dolphin",4,"right",FALSE,"middle",TRUE,7,FALSE,FALSE,TRUE,"middle","left",FALSE,FALSE,TRUE,"middle","right",TRUE
"60f5df9db9380d875c320307","Rope",4,"Yogurt",3,"Monkey",3,"middle",FALSE,"middle",FALSE,7,FALSE,TRUE,FALSE,"left","left",TRUE,FALSE,FALSE,"middle","middle",FALSE
"63d5b810f3dbbd11e7e65870","Spoon",1,"Cupcake",3,"Net",3,"left",FALSE,"middle",FALSE,7,TRUE,FALSE,FALSE,"left","middle",FALSE,TRUE,FALSE,"middle","left",FALSE
"66d1fdd400acfdbc181f41e0","Tiger",1,"Snake",1,"Strawberries",1,"right",TRUE,"right",TRUE,7,TRUE,FALSE,FALSE,"right","middle",TRUE,FALSE,FALSE,"right","right",FALSE
"67b636c4ea38855cbb08ffe3","Sheep",5,"Comb",2,"Butterfly",2,"right",FALSE,"right",TRUE,7,TRUE,FALSE,FALSE,"right","middle",TRUE,FALSE,FALSE,"right","right",FALSE
"5e1b795dc799223a3b447ada","Giraffe",2,"Knee",1,"Juice",1,"right",FALSE,"right",TRUE,7,TRUE,FALSE,FALSE,"right","left",TRUE,FALSE,FALSE,"right","right",FALSE
"5c5cad3e4ee81200018eafe2","Rock",1,"Swing",1,"Hips",1,"left",FALSE,"left",FALSE,7,FALSE,TRUE,FALSE,"middle","middle",TRUE,FALSE,FALSE,"left","left",FALSE
"5bc5be2572df5f00014479f9","Radio",4,"Pan",2,"Leg",2,"middle",FALSE,"middle",FALSE,7,FALSE,TRUE,FALSE,"left","left",TRUE,FALSE,FALSE,"middle","middle",FALSE
"5f8f436e4676a71879786b95","Sweater",1,"Hammer",4,"Cable",4,"middle",FALSE,"middle",TRUE,7,TRUE,FALSE,FALSE,"middle","right",TRUE,FALSE,FALSE,"middle","middle",FALSE
"669053bbebafdd430e770142","Hips",2,"Video Tape",5,"Books",5,"middle",FALSE,"right",TRUE,7,FALSE,FALSE,TRUE,"right","left",FALSE,FALSE,TRUE,"right","middle",FALSE
"677419f93048c66d62d2bf87","Cloud",4,"Teeth",5,"Flashlight",5,"left",FALSE,"right",FALSE,7,FALSE,TRUE,FALSE,"middle","middle",FALSE,FALSE,TRUE,"right","left",FALSE
"574aff1b5bef980007af2745","Motorcycle",2,"Hot Dog",4,"Glove",4,"right",FALSE,"right",TRUE,7,TRUE,FALSE,FALSE,"right","middle",TRUE,FALSE,FALSE,"right","right",FALSE
"58404fd8ad98e40001ce915f","Camera",3,"Shoes",4,"Duck",4,"right",FALSE,"middle",FALSE,7,TRUE,FALSE,FALSE,"right","left",FALSE,FALSE,TRUE,"middle","right",FALSE
"5de8887aa2db898017debf1a","Fish",1,"Tree",1,"Shoulders",1,"middle",FALSE,"middle",TRUE,7,TRUE,FALSE,FALSE,"middle","right",TRUE,FALSE,FALSE,"middle","middle",FALSE
"59d949cf8fd07a000184247e","Balloons",3,"Rice",5,"Vacuum",5,"right",FALSE,"right",TRUE,7,TRUE,FALSE,FALSE,"right","middle",TRUE,FALSE,FALSE,"right","right",FALSE
"662945728093113a43ab8077","Sandwich",5,"Shirt",2,"Blocks",2,"middle",FALSE,"middle",FALSE,7,FALSE,TRUE,FALSE,"left","left",TRUE,FALSE,FALSE,"middle","middle",TRUE
"676058418c08c71e4bb7cbd1","Dresser",1,"Chair",4,"Ladder",4,"right",FALSE,"middle",FALSE,7,FALSE,FALSE,TRUE,"left","middle",FALSE,TRUE,FALSE,"middle","right",TRUE
"6643d22289210a4edf21e84d","Pancakes",2,"Cable",1,"Phone",1,"left",FALSE,"left",FALSE,7,FALSE,FALSE,TRUE,"right","middle",TRUE,FALSE,FALSE,"left","left",FALSE
"58954e2dc88c680001dd4b7e","Chair",2,"Clock",3,"Ankle",3,"left",FALSE,"left",FALSE,7,FALSE,TRUE,FALSE,"middle","middle",TRUE,FALSE,FALSE,"left","left",TRUE
"5b757a03976ecb0001b1168f","Bandaid",2,"Cheese",4,"Pillow",4,"right",FALSE,"middle",TRUE,7,FALSE,TRUE,FALSE,"middle","middle",FALSE,TRUE,FALSE,"middle","right",FALSE
"681b781064a5701a5ceee3bc","Crackers",3,"Napkin",2,"Fries",2,"right",FALSE,"right",TRUE,7,TRUE,FALSE,FALSE,"right","middle",TRUE,FALSE,FALSE,"right","right",TRUE
"6716c6700f376dc7f534af9d","Newspaper",5,"Flower",4,"CD",4,"right",FALSE,"right",TRUE,7,TRUE,FALSE,FALSE,"right","middle",TRUE,FALSE,FALSE,"right","right",FALSE
"671a3ac3dada5efe6d439698","Bat",1,"Slinky",2,"Teapot",2,"right",FALSE,"right",TRUE,7,TRUE,FALSE,FALSE,"right","middle",TRUE,FALSE,FALSE,"right","right",FALSE
"676b89007874c8eace113276","Soap",5,"Grass",2,"Toilet",2,"right",FALSE,"left",TRUE,7,FALSE,FALSE,TRUE,"left","middle",FALSE,FALSE,TRUE,"left","right",FALSE
"6825af939111d286546fdde6","Balloons",1,"CD",2,"Peas",2,"left",FALSE,"right",TRUE,7,FALSE,TRUE,FALSE,"right","right",FALSE,TRUE,FALSE,"right","left",FALSE
"67164c92298409e37c670b3d","Crayons",3,"Bacon",4,"Corn",4,"right",FALSE,"right",TRUE,7,TRUE,FALSE,FALSE,"right","left",TRUE,FALSE,FALSE,"right","right",FALSE
"682b3f63d0e2c4eff64fe664","Feather",1,"Eggs",5,"Pudding",5,"middle",FALSE,"middle",TRUE,7,TRUE,FALSE,FALSE,"middle","left",TRUE,FALSE,FALSE,"middle","middle",TRUE
"5d3695969749cc00165c222f","Hot Dog",5,"Skateboard",2,"Teeth",2,"left",FALSE,"left",TRUE,7,TRUE,FALSE,FALSE,"left","right",TRUE,FALSE,FALSE,"left","left",TRUE
"664521e03117b782ed4fff45","Pig",2,"Teeth",1,"Juice",1,"middle",FALSE,"right",TRUE,7,FALSE,FALSE,TRUE,"right","left",FALSE,FALSE,TRUE,"right","middle",FALSE
"5f0db498f5e4e102c0f65b67","Queen",2,"Toothbrush",4,"Soda",4,"middle",FALSE,"middle",FALSE,3,FALSE,FALSE,TRUE,"right","left",TRUE,FALSE,FALSE,"middle","middle",FALSE
"6773dea609f77d473900997a","Doughnut",5,"Net",2,"Mirror",2,"left",FALSE,"left",TRUE,7,TRUE,FALSE,FALSE,"left","middle",TRUE,FALSE,FALSE,"left","left",TRUE
"637fcee60a8378c1c3a65898","Shampoo",5,"Drum",3,"Bottle",3,"left",FALSE,"left",TRUE,7,TRUE,FALSE,FALSE,"left","middle",TRUE,FALSE,FALSE,"left","left",FALSE
"63f77a5dde1ea03305e119e0","Tiger",5,"Carrots",3,"Dog",3,"middle",FALSE,"middle",TRUE,7,TRUE,FALSE,FALSE,"middle","right",TRUE,FALSE,FALSE,"middle","middle",FALSE
"5fbf90f025a567296d943c7e","Gorilla",4,"Pretzel",5,"Hanger",5,"right",FALSE,"middle",FALSE,7,FALSE,FALSE,TRUE,"left","middle",FALSE,TRUE,FALSE,"middle","right",FALSE
"636d6ce3fb3683ff33f9e514","Octopus",1,"Clown",5,"Chopsticks",5,"right",FALSE,"middle",FALSE,7,TRUE,FALSE,FALSE,"right","middle",FALSE,TRUE,FALSE,"middle","right",FALSE
"5af2a03697a14300017d2ba4","Rock",3,"Microphone",3,"Tree",3,"left",FALSE,"right",FALSE,7,FALSE,TRUE,FALSE,"middle","middle",FALSE,FALSE,TRUE,"right","left",FALSE
"60e3a25e8be835f754795d93","Stars",3,"Envelope",3,"Button",3,"right",FALSE,"left",TRUE,7,FALSE,TRUE,FALSE,"left","left",FALSE,TRUE,FALSE,"left","right",TRUE
"66b5172c8f0bd3b23ce66c22","Meat",4,"Cat",1,"Fingers",1,"left",FALSE,"right",FALSE,8,TRUE,FALSE,FALSE,"left","right",FALSE,TRUE,FALSE,"right","left",FALSE
"5ba60abd9629a90001b36fdc","Milk",1,"Toilet",5,"Stairs",5,"right",FALSE,"right",TRUE,8,TRUE,FALSE,FALSE,"right","left",TRUE,FALSE,FALSE,"right","right",FALSE
"65dc99d0191a135ab835bf69","Feet",3,"Scooter",3,"Rainbow",3,"middle",FALSE,"right",FALSE,8,TRUE,FALSE,FALSE,"middle","right",FALSE,TRUE,FALSE,"right","middle",FALSE
"60fe7bf61c7567f5cca9ade6","Bottle",1,"Glue",5,"Belt",5,"middle",FALSE,"middle",TRUE,8,TRUE,FALSE,FALSE,"middle","right",TRUE,FALSE,FALSE,"middle","middle",TRUE
"5c9d88bb2b3c77001744ec1c","Bear",3,"Refrigerator",3,"Juice",3,"left",FALSE,"right",TRUE,8,FALSE,FALSE,TRUE,"right","middle",FALSE,FALSE,TRUE,"right","left",FALSE
"5e283f576dbb560114ac7714","Popsicle",4,"Cup",5,"Pencil",5,"middle",FALSE,"left",FALSE,8,TRUE,FALSE,FALSE,"middle","left",FALSE,TRUE,FALSE,"left","middle",FALSE
"62e02b1ed5b0fbc1b1dc09e7","Mouth",1,"Watch",4,"Tongue",4,"left",FALSE,"left",FALSE,8,FALSE,TRUE,FALSE,"right","right",TRUE,FALSE,FALSE,"left","left",FALSE
"5ecf9b46617a9b3dd56b3fe3","Wheel",1,"Pear",2,"Hot Dog",2,"middle",TRUE,"middle",TRUE,8,TRUE,FALSE,FALSE,"middle","right",TRUE,FALSE,FALSE,"middle","middle",TRUE
"590b3401182caf0001ab5801","Circle",1,"Butter",4,"Net",4,"right",FALSE,"right",TRUE,8,TRUE,FALSE,FALSE,"right","left",TRUE,FALSE,FALSE,"right","right",FALSE
"65c11389b0d2ba8e63cb8b22","Cake",5,"Scissors",3,"Pot",3,"right",FALSE,"left",TRUE,8,FALSE,TRUE,FALSE,"left","left",FALSE,TRUE,FALSE,"left","right",FALSE
"5d15160539eeea001683830c","Duck",4,"Heart",3,"Hamburger",3,"right",FALSE,"left",TRUE,8,FALSE,TRUE,FALSE,"left","left",FALSE,TRUE,FALSE,"left","right",FALSE
"6620b6a209127dafd5b2dfb9","Radio",3,"Barn",3,"Clown",3,"left",FALSE,"left",FALSE,8,FALSE,FALSE,TRUE,"right","middle",TRUE,FALSE,FALSE,"left","left",FALSE
"56c65a5a305eaa0005f2a634","Broom",2,"Bandaid",3,"Camera",3,"left",FALSE,"middle",FALSE,8,TRUE,FALSE,FALSE,"left","middle",FALSE,TRUE,FALSE,"middle","left",FALSE
"59fb1518b47dfc0001b6659b","Hips",1,"Water",5,"Arm",5,"left",FALSE,"right",TRUE,8,FALSE,FALSE,TRUE,"right","middle",FALSE,FALSE,TRUE,"right","left",FALSE
"602c0fc2eff74b4748e9b41e","Teapot",3,"Scissors",5,"Gorilla",5,"right",FALSE,"middle",TRUE,8,FALSE,FALSE,TRUE,"middle","left",FALSE,FALSE,TRUE,"middle","right",FALSE
"5bcc98d1db645700015222b5","Mirror",2,"Elbow",2,"Bike",2,"left",FALSE,"left",FALSE,8,FALSE,FALSE,TRUE,"middle","right",TRUE,FALSE,FALSE,"left","left",FALSE
"6773e6e6b205d22a2e097735","Soda",5,"Bagel",4,"Fingers",4,"middle",FALSE,"left",FALSE,8,FALSE,FALSE,TRUE,"right","left",FALSE,TRUE,FALSE,"left","middle",FALSE
"67505c42a18c872bab88ed42","Potatoes",1,"Marker",1,"Bucket",1,"right",FALSE,"right",FALSE,8,FALSE,FALSE,TRUE,"middle","left",TRUE,FALSE,FALSE,"right","right",FALSE
"62a1e021702679d27813a3e2","Rice",5,"Bead",3,"Spoon",3,"right",FALSE,"right",FALSE,8,FALSE,FALSE,TRUE,"middle","left",TRUE,FALSE,FALSE,"right","right",FALSE
"639f294882a3797f77a3dd81","Bat",3,"Peas",5,"Belt",5,"right",FALSE,"middle",TRUE,8,FALSE,FALSE,TRUE,"middle","left",FALSE,FALSE,TRUE,"middle","right",FALSE
"654bc148c95bca00d541ec33","Toothbrush",3,"Glue",1,"Pajamas",1,"middle",FALSE,"right",TRUE,8,FALSE,FALSE,TRUE,"right","left",FALSE,FALSE,TRUE,"right","middle",TRUE
"5d23460ad4c57900192b129c","Brush",3,"Giraffe",4,"Swimsuit",4,"right",FALSE,"middle",TRUE,8,FALSE,FALSE,TRUE,"middle","left",FALSE,FALSE,TRUE,"middle","right",FALSE
"67673cda94b4d0cf1a6a7382","Window",3,"Barn",1,"Chopsticks",1,"right",FALSE,"left",TRUE,8,FALSE,FALSE,TRUE,"left","middle",FALSE,FALSE,TRUE,"left","right",FALSE
"5c4f5967aac8be0001716a65","Spaghetti",5,"Newspaper",1,"Spiderweb",1,"right",FALSE,"left",TRUE,8,FALSE,TRUE,FALSE,"left","left",FALSE,TRUE,FALSE,"left","right",FALSE
"67758c9a30d6819221153393","Can",5,"Rope",5,"Feather",5,"middle",FALSE,"middle",FALSE,8,FALSE,FALSE,TRUE,"left","right",TRUE,FALSE,FALSE,"middle","middle",FALSE
"66b37344796f45313433abc8","Hat",2,"Motorcycle",1,"Door",1,"right",FALSE,"left",FALSE,8,TRUE,FALSE,FALSE,"right","middle",FALSE,FALSE,TRUE,"left","right",FALSE
"632096b5574155e8727c50cc","Slinky",1,"Camera",5,"Pig",5,"middle",FALSE,"middle",FALSE,8,FALSE,TRUE,FALSE,"right","right",TRUE,FALSE,FALSE,"middle","middle",FALSE
"66dcc0e54f44ccecf2730c76","Drum",3,"Notebook",2,"Hat",2,"right",FALSE,"middle",FALSE,8,FALSE,TRUE,FALSE,"left","left",FALSE,FALSE,TRUE,"middle","right",TRUE
"60fac7ec133b6bf250d6d668","Hat",2,"Soap",2,"Window",2,"middle",FALSE,"right",TRUE,8,FALSE,TRUE,FALSE,"right","right",FALSE,TRUE,FALSE,"right","middle",FALSE
"5e459f61418f610891628564","Puzzles",2,"Chopsticks",2,"Eyes",2,"middle",FALSE,"right",TRUE,8,FALSE,TRUE,FALSE,"right","right",FALSE,TRUE,FALSE,"right","middle",FALSE
"5e89ec793c01b3685a00bb12","Glue",1,"Fire",3,"Sandals",3,"middle",FALSE,"middle",TRUE,8,TRUE,FALSE,FALSE,"middle","left",TRUE,FALSE,FALSE,"middle","middle",FALSE
"631d197eba06364cbea7fab2","Hands",1,"Bag",5,"Gorilla",5,"right",FALSE,"left",FALSE,8,TRUE,FALSE,FALSE,"right","middle",FALSE,FALSE,TRUE,"left","right",TRUE
"61656042f505fd7fa53e8628","Meat",3,"Zipper",5,"Hat",5,"middle",FALSE,"middle",TRUE,4,TRUE,FALSE,FALSE,"middle","left",TRUE,FALSE,FALSE,"middle","middle",FALSE
"66fd3f6c93c24ecc119be354","Wagon",4,"Octopus",3,"Spider",3,"middle",FALSE,"right",TRUE,8,FALSE,FALSE,TRUE,"right","left",FALSE,FALSE,TRUE,"right","middle",TRUE
"5af1a4bc6e136b0001411714","Ice Cream",3,"Mirror",4,"TV",4,"left",FALSE,"left",FALSE,8,FALSE,FALSE,TRUE,"right","middle",TRUE,FALSE,FALSE,"left","left",FALSE
"60ed501279c68ea1a313d0aa","Bagel",4,"Boat",2,"Suitcase",2,"middle",FALSE,"left",TRUE,8,FALSE,FALSE,TRUE,"left","right",FALSE,FALSE,TRUE,"left","middle",FALSE
"5bf2f728bd9f150001f6cc42","Swimsuit",3,"Mouth",5,"Net",5,"left",FALSE,"left",FALSE,8,FALSE,TRUE,FALSE,"middle","middle",TRUE,FALSE,FALSE,"left","left",FALSE
"59a734ce0c87a000017481ed","Bandaid",4,"Bread",2,"Blanket",2,"left",FALSE,"middle",TRUE,8,FALSE,FALSE,TRUE,"middle","right",FALSE,FALSE,TRUE,"middle","left",FALSE
"615e420a23219efe3427a367","Pillow",1,"Bucket",5,"Candle",5,"middle",FALSE,"right",FALSE,8,TRUE,FALSE,FALSE,"middle","right",FALSE,TRUE,FALSE,"right","middle",FALSE
"66b244a2f436437d3e109bbe","Phone",5,"Wing",3,"Bag",3,"left",FALSE,"left",TRUE,8,TRUE,FALSE,FALSE,"left","right",TRUE,FALSE,FALSE,"left","left",TRUE
"5f1b05a8703c380d1393bb27","Glue",2,"Window",3,"Lizard",3,"middle",FALSE,"middle",TRUE,8,TRUE,FALSE,FALSE,"middle","right",TRUE,FALSE,FALSE,"middle","middle",FALSE
"6684497541f835bd67a199b2","Stove",4,"Dog",3,"Chair",3,"right",FALSE,"right",TRUE,8,TRUE,FALSE,FALSE,"right","left",TRUE,FALSE,FALSE,"right","right",FALSE
"5eeddefa177a7322144cbc5e","Umbrella",4,"Cereal",3,"Candle",3,"right",FALSE,"middle",TRUE,8,FALSE,TRUE,FALSE,"middle","middle",FALSE,TRUE,FALSE,"middle","right",FALSE
"63ee9abfa262bea95766dd9c","Eggs",3,"Rice",1,"Stick",1,"right",FALSE,"right",FALSE,8,FALSE,TRUE,FALSE,"left","left",TRUE,FALSE,FALSE,"right","right",TRUE
"66cfab152c56aa0472529001","Pirate",4,"Mountain",1,"Cheese",1,"right",FALSE,"right",TRUE,8,TRUE,FALSE,FALSE,"right","middle",TRUE,FALSE,FALSE,"right","right",TRUE
"6571fd9d691befe21fa61d18","Iron",2,"Curtain",5,"Ear",5,"right",FALSE,"middle",TRUE,8,FALSE,FALSE,TRUE,"middle","left",FALSE,FALSE,TRUE,"middle","right",FALSE
"66312361cf5d4099e1330532","Microphone",2,"Eyes",1,"Popsicle",1,"middle",FALSE,"right",TRUE,8,FALSE,TRUE,FALSE,"right","right",FALSE,TRUE,FALSE,"right","middle",FALSE
"6722ea20fb84b196f0a649b6","Sandwich",3,"Popsicle",2,"Bean",2,"middle",FALSE,"middle",TRUE,8,TRUE,FALSE,FALSE,"middle","left",TRUE,FALSE,FALSE,"middle","middle",FALSE
"5ddce9f0f85b50c4fc1515a4","Iron",3,"Boots",4,"Crayons",4,"middle",FALSE,"right",TRUE,8,FALSE,TRUE,FALSE,"right","right",FALSE,TRUE,FALSE,"right","middle",FALSE
"5c3bdbf548ad2900017fac31","Stool",3,"Bubbles",5,"Tricycle",5,"right",FALSE,"middle",TRUE,8,FALSE,TRUE,FALSE,"middle","middle",FALSE,TRUE,FALSE,"middle","right",FALSE
"6844a1b95271dfc560af4709","Newspaper",3,"Pear",4,"Stairs",4,"middle",TRUE,"right",FALSE,8,TRUE,FALSE,FALSE,"middle","left",FALSE,FALSE,TRUE,"right","middle",FALSE
"5e121701dc79bd8a1a22ca99","Taco",3,"Cake",5,"Sheep",5,"middle",FALSE,"middle",FALSE,4,FALSE,FALSE,TRUE,"right","left",TRUE,FALSE,FALSE,"middle","middle",FALSE
"616ef680ab8ca318a227f5ec","Scissors",1,"Jacket",5,"Dolls",5,"left",FALSE,"middle",TRUE,8,FALSE,TRUE,FALSE,"middle","middle",FALSE,TRUE,FALSE,"middle","left",FALSE
"66d9cd06e207a93377f7820e","Rabbit",1,"Spiderweb",2,"Movie",2,"right",FALSE,"middle",TRUE,8,FALSE,FALSE,TRUE,"middle","left",FALSE,FALSE,TRUE,"middle","right",TRUE
"5962a5b29955ee00015bce98","Cow",3,"Popsicle",1,"Nose",1,"left",FALSE,"right",FALSE,8,FALSE,TRUE,FALSE,"middle","middle",FALSE,FALSE,TRUE,"right","left",TRUE
"641384b3dffcf39ec42d3c23","Stairs",3,"Toothbrush",3,"Fire truck",3,"middle",FALSE,"left",FALSE,8,FALSE,TRUE,FALSE,"right","right",FALSE,FALSE,TRUE,"left","middle",FALSE
"59692d61355b45000106c592","Bug",4,"Mountain",3,"Elephant",3,"right",FALSE,"right",FALSE,8,FALSE,FALSE,TRUE,"left","middle",TRUE,FALSE,FALSE,"right","right",FALSE
"5dd05d80b2204f1487f7812c","Hat",4,"Ear",5,"Bone",5,"left",FALSE,"left",FALSE,8,FALSE,TRUE,FALSE,"middle","middle",TRUE,FALSE,FALSE,"left","left",FALSE
"6321d9c78e8e3c04f82a0ea0","Shorts",2,"Heart",1,"Earring",1,"right",FALSE,"right",TRUE,8,TRUE,FALSE,FALSE,"right","left",TRUE,FALSE,FALSE,"right","right",FALSE
"632d189d6b8f03d0d3db4c48","Mailbox",4,"Clown",4,"Spiderweb",4,"middle",FALSE,"middle",TRUE,8,TRUE,FALSE,FALSE,"middle","right",TRUE,FALSE,FALSE,"middle","middle",TRUE
"63b3377ca1ccdfc7cc567503","Kangaroo",2,"Tummy",2,"Pie",2,"right",FALSE,"right",TRUE,8,TRUE,FALSE,FALSE,"right","left",TRUE,FALSE,FALSE,"right","right",TRUE
"6678813aec86d687a654dedb","Net",2,"Wheel",5,"Leaf",5,"middle",FALSE,"right",TRUE,8,FALSE,FALSE,TRUE,"right","left",FALSE,FALSE,TRUE,"right","middle",FALSE
"55cce6ea34e90600058d1e6d","Popsicle",2,"Ice Cream",1,"Magazine",1,"left",FALSE,"left",TRUE,8,TRUE,FALSE,FALSE,"left","middle",TRUE,FALSE,FALSE,"left","left",FALSE
"6658bba1a51a037d25bb677e","Truck",3,"Tissue",4,"Flashlight",4,"right",FALSE,"right",FALSE,8,FALSE,FALSE,TRUE,"middle","left",TRUE,FALSE,FALSE,"right","right",TRUE
"60f5df9db9380d875c320307","Stick",5,"Jump rope",3,"Spiderweb",3,"middle",FALSE,"right",FALSE,8,TRUE,FALSE,FALSE,"middle","left",FALSE,FALSE,TRUE,"right","middle",FALSE
"63d5b810f3dbbd11e7e65870","Radio",5,"Can",5,"Dog",5,"right",FALSE,"middle",TRUE,8,FALSE,TRUE,FALSE,"middle","middle",FALSE,TRUE,FALSE,"middle","right",FALSE
"66d1fdd400acfdbc181f41e0","Gorilla",1,"Refrigerator",1,"Dresser",1,"left",FALSE,"middle",FALSE,8,TRUE,FALSE,FALSE,"left","middle",FALSE,TRUE,FALSE,"middle","left",FALSE
"67b636c4ea38855cbb08ffe3","Pear",2,"Truck",4,"Elbow",4,"left",TRUE,"left",TRUE,8,TRUE,FALSE,FALSE,"left","middle",TRUE,FALSE,FALSE,"left","left",FALSE
"5e1b795dc799223a3b447ada","Bead",1,"Blocks",2,"Movie",2,"right",FALSE,"middle",TRUE,8,FALSE,FALSE,TRUE,"middle","left",FALSE,FALSE,TRUE,"middle","right",FALSE
"5c5cad3e4ee81200018eafe2","Window",4,"Marker",4,"Boat",4,"left",FALSE,"right",TRUE,8,FALSE,FALSE,TRUE,"right","middle",FALSE,FALSE,TRUE,"right","left",FALSE
"5bc5be2572df5f00014479f9","Airplane",4,"Pig",5,"Sun",5,"right",FALSE,"middle",TRUE,8,FALSE,FALSE,TRUE,"middle","left",FALSE,FALSE,TRUE,"middle","right",FALSE
"5f8f436e4676a71879786b95","Straw",3,"Popcorn",4,"Jacket",4,"middle",FALSE,"left",TRUE,8,FALSE,FALSE,TRUE,"left","right",FALSE,FALSE,TRUE,"left","middle",FALSE
"669053bbebafdd430e770142","Leg",4,"Sandwich",5,"Juice",5,"right",FALSE,"right",FALSE,8,FALSE,TRUE,FALSE,"left","left",TRUE,FALSE,FALSE,"right","right",FALSE
"677419f93048c66d62d2bf87","Barn",2,"Puppets",2,"Comb",2,"left",FALSE,"right",TRUE,8,FALSE,FALSE,TRUE,"right","middle",FALSE,FALSE,TRUE,"right","left",FALSE
"574aff1b5bef980007af2745","Square",4,"Sun",4,"Pig",4,"left",FALSE,"left",FALSE,8,FALSE,TRUE,FALSE,"middle","middle",TRUE,FALSE,FALSE,"left","left",FALSE
"58404fd8ad98e40001ce915f","Puzzles",3,"Flower",1,"Battery",1,"middle",FALSE,"middle",TRUE,8,TRUE,FALSE,FALSE,"middle","left",TRUE,FALSE,FALSE,"middle","middle",FALSE
"5de8887aa2db898017debf1a","Tongue",5,"Ring",4,"Crayons",4,"left",FALSE,"right",FALSE,8,FALSE,FALSE,TRUE,"middle","right",FALSE,TRUE,FALSE,"right","left",FALSE
"59d949cf8fd07a000184247e","Turtle",3,"Lion",4,"Chair",4,"right",FALSE,"middle",TRUE,8,FALSE,TRUE,FALSE,"middle","middle",FALSE,TRUE,FALSE,"middle","right",FALSE
"662945728093113a43ab8077","Newspaper",4,"Rope",4,"Toothbrush",4,"middle",FALSE,"middle",FALSE,8,FALSE,FALSE,TRUE,"right","left",TRUE,FALSE,FALSE,"middle","middle",TRUE
"676058418c08c71e4bb7cbd1","Pen",4,"Octopus",5,"Cupcake",5,"left",FALSE,"right",TRUE,8,FALSE,FALSE,TRUE,"right","middle",FALSE,FALSE,TRUE,"right","left",TRUE
"6643d22289210a4edf21e84d","Ladder",1,"Bean",3,"Hat",3,"right",FALSE,"middle",TRUE,8,FALSE,TRUE,FALSE,"middle","middle",FALSE,TRUE,FALSE,"middle","right",FALSE
"58954e2dc88c680001dd4b7e","Socks",1,"Underwear",5,"Pool",5,"left",FALSE,"right",TRUE,8,FALSE,FALSE,TRUE,"right","middle",FALSE,FALSE,TRUE,"right","left",TRUE
"5b757a03976ecb0001b1168f","Tractor",2,"Train",5,"Notebook",5,"right",FALSE,"middle",TRUE,8,FALSE,TRUE,FALSE,"middle","middle",FALSE,TRUE,FALSE,"middle","right",FALSE
"681b781064a5701a5ceee3bc","Bug",2,"Coloring Book",1,"Bell",1,"right",FALSE,"right",TRUE,8,TRUE,FALSE,FALSE,"right","middle",TRUE,FALSE,FALSE,"right","right",TRUE
"6716c6700f376dc7f534af9d","Lizard",1,"Sun",1,"Shampoo",1,"left",FALSE,"right",TRUE,8,FALSE,FALSE,TRUE,"right","middle",FALSE,FALSE,TRUE,"right","left",FALSE
"671a3ac3dada5efe6d439698","Ear",1,"Ice Cream",1,"Bone",1,"right",FALSE,"middle",TRUE,8,FALSE,TRUE,FALSE,"middle","middle",FALSE,TRUE,FALSE,"middle","right",FALSE
"676b89007874c8eace113276","Cloud",5,"Table",4,"Iron",4,"left",FALSE,"left",TRUE,8,TRUE,FALSE,FALSE,"left","middle",TRUE,FALSE,FALSE,"left","left",FALSE
"6825af939111d286546fdde6","Butter",2,"Hanger",1,"Soda",1,"left",FALSE,"left",FALSE,8,FALSE,FALSE,TRUE,"middle","right",TRUE,FALSE,FALSE,"left","left",FALSE
"67164c92298409e37c670b3d","Bowl",2,"Fire truck",4,"Sandwich",4,"middle",FALSE,"right",TRUE,8,FALSE,FALSE,TRUE,"right","left",FALSE,FALSE,TRUE,"right","middle",FALSE
"682b3f63d0e2c4eff64fe664","Rabbit",2,"Paper",1,"Teapot",1,"middle",FALSE,"middle",FALSE,8,FALSE,FALSE,TRUE,"right","left",TRUE,FALSE,FALSE,"middle","middle",TRUE
"5d3695969749cc00165c222f","Bed",4,"Zipper",2,"Tricycle",2,"left",FALSE,"right",TRUE,8,FALSE,TRUE,FALSE,"right","right",FALSE,TRUE,FALSE,"right","left",TRUE
"664521e03117b782ed4fff45","Microphone",4,"Ghost",3,"Knee",3,"right",FALSE,"left",FALSE,8,FALSE,FALSE,TRUE,"middle","left",FALSE,TRUE,FALSE,"left","right",FALSE
"5f0db498f5e4e102c0f65b67","Pants",1,"Fire truck",3,"Vacuum",3,"middle",FALSE,"middle",TRUE,4,TRUE,FALSE,FALSE,"middle","left",TRUE,FALSE,FALSE,"middle","middle",FALSE
"6773dea609f77d473900997a","Play dough",4,"Pen",5,"Bubbles",5,"right",FALSE,"right",FALSE,8,FALSE,TRUE,FALSE,"middle","middle",TRUE,FALSE,FALSE,"right","right",TRUE
"637fcee60a8378c1c3a65898","Towels",2,"Mountain",4,"Radio",4,"right",FALSE,"middle",FALSE,8,TRUE,FALSE,FALSE,"right","middle",FALSE,TRUE,FALSE,"middle","right",FALSE
"63f77a5dde1ea03305e119e0","Refrigerator",4,"Bed",2,"Suitcase",2,"middle",FALSE,"right",TRUE,8,FALSE,TRUE,FALSE,"right","right",FALSE,TRUE,FALSE,"right","middle",FALSE
"5fbf90f025a567296d943c7e","Bandaid",3,"Shirt",5,"Dress",5,"left",FALSE,"middle",FALSE,8,FALSE,FALSE,TRUE,"right","middle",FALSE,TRUE,FALSE,"middle","left",FALSE
"636d6ce3fb3683ff33f9e514","Bottle",1,"Belt",5,"Hips",5,"left",FALSE,"middle",FALSE,8,FALSE,FALSE,TRUE,"right","middle",FALSE,TRUE,FALSE,"middle","left",FALSE
"5af2a03697a14300017d2ba4","Popcorn",3,"Wheel",5,"Arm",5,"left",FALSE,"middle",FALSE,8,TRUE,FALSE,FALSE,"left","middle",FALSE,TRUE,FALSE,"middle","left",FALSE
"60e3a25e8be835f754795d93","CD",2,"Bandaid",1,"Napkin",1,"right",FALSE,"right",TRUE,8,TRUE,FALSE,FALSE,"right","left",TRUE,FALSE,FALSE,"right","right",TRUE
"66b5172c8f0bd3b23ce66c22","Puzzles",2,"Airplane",4,"Scooter",4,"left",FALSE,"right",TRUE,9,FALSE,TRUE,FALSE,"right","right",FALSE,TRUE,FALSE,"right","left",FALSE
"5ba60abd9629a90001b36fdc","Sticker",1,"Eggs",2,"Brush",2,"right",FALSE,"middle",FALSE,9,TRUE,FALSE,FALSE,"right","left",FALSE,FALSE,TRUE,"middle","right",FALSE
"65dc99d0191a135ab835bf69","Water",3,"Eyes",3,"Bracelet",3,"middle",FALSE,"right",TRUE,9,FALSE,TRUE,FALSE,"right","right",FALSE,TRUE,FALSE,"right","middle",FALSE
"60fe7bf61c7567f5cca9ade6","Toothpaste",4,"Bone",2,"Taco",2,"middle",FALSE,"left",TRUE,9,FALSE,FALSE,TRUE,"left","right",FALSE,FALSE,TRUE,"left","middle",TRUE
"5c9d88bb2b3c77001744ec1c","Glasses",4,"Vacuum",3,"Plate",3,"left",FALSE,"left",TRUE,9,TRUE,FALSE,FALSE,"left","middle",TRUE,FALSE,FALSE,"left","left",FALSE
"5e283f576dbb560114ac7714","Earring",1,"Cake",3,"Pan",3,"right",FALSE,"right",TRUE,9,TRUE,FALSE,FALSE,"right","left",TRUE,FALSE,FALSE,"right","right",FALSE
"62e02b1ed5b0fbc1b1dc09e7","Arm",4,"Fire truck",1,"Gorilla",1,"middle",FALSE,"right",FALSE,9,FALSE,FALSE,TRUE,"left","right",FALSE,TRUE,FALSE,"right","middle",FALSE
"5ecf9b46617a9b3dd56b3fe3","Queen",2,"Refrigerator",2,"Goal",2,"left",FALSE,"left",FALSE,9,FALSE,FALSE,TRUE,"middle","right",TRUE,FALSE,FALSE,"left","left",TRUE
"590b3401182caf0001ab5801","Toothpaste",4,"Butterfly",5,"Octopus",5,"right",FALSE,"left",TRUE,9,FALSE,TRUE,FALSE,"left","left",FALSE,TRUE,FALSE,"left","right",FALSE
"65c11389b0d2ba8e63cb8b22","Wing",1,"Mirror",1,"Suitcase",1,"middle",FALSE,"middle",TRUE,9,TRUE,FALSE,FALSE,"middle","left",TRUE,FALSE,FALSE,"middle","middle",FALSE
"5d15160539eeea001683830c","Bandaid",5,"Hair",1,"Tie",1,"right",FALSE,"left",TRUE,9,FALSE,TRUE,FALSE,"left","left",FALSE,TRUE,FALSE,"left","right",FALSE
"6620b6a209127dafd5b2dfb9","Princess",3,"Boots",1,"Diaper",1,"left",FALSE,"right",FALSE,9,TRUE,FALSE,FALSE,"left","middle",FALSE,FALSE,TRUE,"right","left",FALSE
"56c65a5a305eaa0005f2a634","Rainbow",3,"Stamps",2,"Wagon",2,"left",FALSE,"left",TRUE,9,TRUE,FALSE,FALSE,"left","middle",TRUE,FALSE,FALSE,"left","left",FALSE
"59fb1518b47dfc0001b6659b","Dinosaur",2,"Battery",1,"Hair",1,"right",FALSE,"left",TRUE,9,FALSE,FALSE,TRUE,"left","middle",FALSE,FALSE,TRUE,"left","right",FALSE
"602c0fc2eff74b4748e9b41e","Rice",2,"Napkin",5,"Ice Cream",5,"right",FALSE,"right",TRUE,9,TRUE,FALSE,FALSE,"right","left",TRUE,FALSE,FALSE,"right","right",FALSE
"5bcc98d1db645700015222b5","Airplane",4,"Window",4,"Bone",4,"left",FALSE,"middle",TRUE,9,FALSE,FALSE,TRUE,"middle","right",FALSE,FALSE,TRUE,"middle","left",FALSE
"6773e6e6b205d22a2e097735","Butter",5,"Bracelet",3,"Knife",3,"right",FALSE,"right",FALSE,9,FALSE,TRUE,FALSE,"left","left",TRUE,FALSE,FALSE,"right","right",FALSE
"67505c42a18c872bab88ed42","Goal",5,"Pool",1,"Nest",1,"right",FALSE,"left",TRUE,9,FALSE,TRUE,FALSE,"left","left",FALSE,TRUE,FALSE,"left","right",FALSE
"62a1e021702679d27813a3e2","House",2,"Bread",3,"Octopus",3,"middle",FALSE,"right",TRUE,9,FALSE,FALSE,TRUE,"right","left",FALSE,FALSE,TRUE,"right","middle",FALSE
"639f294882a3797f77a3dd81","Bag",2,"Pencil",5,"Pirate",5,"right",FALSE,"right",TRUE,9,TRUE,FALSE,FALSE,"right","left",TRUE,FALSE,FALSE,"right","right",FALSE
"654bc148c95bca00d541ec33","Lion",2,"Cheese",2,"Taco",2,"right",FALSE,"right",FALSE,9,FALSE,TRUE,FALSE,"left","left",TRUE,FALSE,FALSE,"right","right",TRUE
"5d23460ad4c57900192b129c","Teddy Bear",2,"Sun",4,"Dolls",4,"middle",FALSE,"middle",TRUE,9,TRUE,FALSE,FALSE,"middle","left",TRUE,FALSE,FALSE,"middle","middle",FALSE
"67673cda94b4d0cf1a6a7382","Bone",2,"Dinosaur",1,"Strawberries",1,"right",TRUE,"right",TRUE,9,TRUE,FALSE,FALSE,"right","middle",TRUE,FALSE,FALSE,"right","right",FALSE
"5c4f5967aac8be0001716a65","Fire truck",5,"Cupcake",5,"Eyes",5,"middle",FALSE,"middle",TRUE,9,TRUE,FALSE,FALSE,"middle","left",TRUE,FALSE,FALSE,"middle","middle",FALSE
"67758c9a30d6819221153393","Boat",5,"Mirror",3,"Feet",3,"left",FALSE,"left",FALSE,9,FALSE,TRUE,FALSE,"right","right",TRUE,FALSE,FALSE,"left","left",FALSE
"66b37344796f45313433abc8","Bag",1,"Bridge",1,"Pan",1,"left",FALSE,"right",TRUE,9,FALSE,FALSE,TRUE,"right","middle",FALSE,FALSE,TRUE,"right","left",FALSE
"632096b5574155e8727c50cc","Brush",2,"CD",4,"Stairs",4,"left",FALSE,"right",TRUE,9,FALSE,TRUE,FALSE,"right","right",FALSE,TRUE,FALSE,"right","left",FALSE
"66dcc0e54f44ccecf2730c76","Toothbrush",2,"Tape",1,"Napkin",1,"right",FALSE,"right",TRUE,9,TRUE,FALSE,FALSE,"right","left",TRUE,FALSE,FALSE,"right","right",TRUE
"60fac7ec133b6bf250d6d668","Baby",1,"Chair",1,"Dolls",1,"left",FALSE,"right",TRUE,9,FALSE,TRUE,FALSE,"right","right",FALSE,TRUE,FALSE,"right","left",FALSE
"5e459f61418f610891628564","Train",2,"Pencil",2,"Sticker",2,"left",FALSE,"right",FALSE,9,TRUE,FALSE,FALSE,"left","right",FALSE,TRUE,FALSE,"right","left",FALSE
"5e89ec793c01b3685a00bb12","Keys",3,"Arm",3,"Necklace",3,"middle",FALSE,"right",TRUE,9,FALSE,FALSE,TRUE,"right","left",FALSE,FALSE,TRUE,"right","middle",FALSE
"631d197eba06364cbea7fab2","Wing",2,"Paper",4,"Plate",4,"left",FALSE,"left",FALSE,9,FALSE,TRUE,FALSE,"middle","middle",TRUE,FALSE,FALSE,"left","left",TRUE
"61656042f505fd7fa53e8628","Bottle",3,"Radio",2,"Flower",2,"right",FALSE,"middle",FALSE,5,TRUE,FALSE,FALSE,"right","left",FALSE,FALSE,TRUE,"middle","right",FALSE
"66fd3f6c93c24ecc119be354","Butterfly",1,"Scissors",2,"Fork",2,"right",FALSE,"middle",FALSE,9,TRUE,FALSE,FALSE,"right","left",FALSE,FALSE,TRUE,"middle","right",TRUE
"5af1a4bc6e136b0001411714","Eggs",2,"Notebook",4,"Leaf",4,"left",FALSE,"right",TRUE,9,FALSE,FALSE,TRUE,"right","middle",FALSE,FALSE,TRUE,"right","left",FALSE
"60ed501279c68ea1a313d0aa","Pirate",5,"Blanket",2,"Candy",2,"left",FALSE,"right",FALSE,9,FALSE,FALSE,TRUE,"middle","right",FALSE,TRUE,FALSE,"right","left",FALSE
"5bf2f728bd9f150001f6cc42","Marker",1,"Window",2,"Elbow",2,"right",FALSE,"right",TRUE,9,TRUE,FALSE,FALSE,"right","middle",TRUE,FALSE,FALSE,"right","right",FALSE
"59a734ce0c87a000017481ed","Cow",5,"Doughnut",5,"Envelope",5,"left",FALSE,"middle",TRUE,9,FALSE,FALSE,TRUE,"middle","right",FALSE,FALSE,TRUE,"middle","left",FALSE
"615e420a23219efe3427a367","Motorcycle",2,"Rain",4,"Brush",4,"middle",FALSE,"left",TRUE,9,FALSE,FALSE,TRUE,"left","right",FALSE,FALSE,TRUE,"left","middle",FALSE
"66b244a2f436437d3e109bbe","Carrots",3,"Bear",1,"Brush",1,"middle",FALSE,"left",TRUE,9,FALSE,FALSE,TRUE,"left","right",FALSE,FALSE,TRUE,"left","middle",TRUE
"5f1b05a8703c380d1393bb27","Comb",5,"Bug",4,"Puppets",4,"left",FALSE,"left",TRUE,9,TRUE,FALSE,FALSE,"left","right",TRUE,FALSE,FALSE,"left","left",FALSE
"6684497541f835bd67a199b2","Cake",4,"Ghost",5,"Ear",5,"middle",FALSE,"right",FALSE,9,TRUE,FALSE,FALSE,"middle","left",FALSE,FALSE,TRUE,"right","middle",FALSE
"5eeddefa177a7322144cbc5e","Grass",2,"CD",5,"Phone",5,"right",FALSE,"left",TRUE,9,FALSE,FALSE,TRUE,"left","middle",FALSE,FALSE,TRUE,"left","right",FALSE
"63ee9abfa262bea95766dd9c","Computer",3,"Keys",1,"Pillow",1,"right",FALSE,"right",FALSE,9,FALSE,FALSE,TRUE,"middle","left",TRUE,FALSE,FALSE,"right","right",TRUE
"66cfab152c56aa0472529001","Bandaid",5,"Snow",1,"Straw",1,"right",FALSE,"right",TRUE,9,TRUE,FALSE,FALSE,"right","middle",TRUE,FALSE,FALSE,"right","right",TRUE
"6571fd9d691befe21fa61d18","Hat",2,"Butter",3,"Boat",3,"middle",FALSE,"middle",TRUE,9,TRUE,FALSE,FALSE,"middle","left",TRUE,FALSE,FALSE,"middle","middle",FALSE
"66312361cf5d4099e1330532","Sandwich",2,"Helicopter",1,"Spaghetti",1,"left",FALSE,"left",TRUE,9,TRUE,FALSE,FALSE,"left","right",TRUE,FALSE,FALSE,"left","left",FALSE
"6722ea20fb84b196f0a649b6","Hips",3,"Duck",2,"Pie",2,"middle",FALSE,"right",TRUE,9,FALSE,FALSE,TRUE,"right","left",FALSE,FALSE,TRUE,"right","middle",FALSE
"5ddce9f0f85b50c4fc1515a4","Butterfly",2,"Queen",3,"Blocks",3,"middle",FALSE,"right",TRUE,9,FALSE,TRUE,FALSE,"right","right",FALSE,TRUE,FALSE,"right","middle",FALSE
"5c3bdbf548ad2900017fac31","Door",2,"Bean",5,"Doughnut",5,"right",FALSE,"middle",TRUE,9,FALSE,TRUE,FALSE,"middle","middle",FALSE,TRUE,FALSE,"middle","right",FALSE
"6844a1b95271dfc560af4709","Chair",5,"Backpack",4,"Bear",4,"middle",FALSE,"middle",FALSE,9,FALSE,TRUE,FALSE,"left","left",TRUE,FALSE,FALSE,"middle","middle",FALSE
"5e121701dc79bd8a1a22ca99","Stamps",2,"Eyes",1,"Suitcase",1,"middle",FALSE,"left",TRUE,5,FALSE,TRUE,FALSE,"left","left",FALSE,TRUE,FALSE,"left","middle",FALSE
"616ef680ab8ca318a227f5ec","Spaghetti",2,"Battery",2,"Coloring Book",2,"left",FALSE,"left",TRUE,9,TRUE,FALSE,FALSE,"left","middle",TRUE,FALSE,FALSE,"left","left",FALSE
"66d9cd06e207a93377f7820e","Belt",1,"Rainbow",1,"Pancakes",1,"right",FALSE,"right",TRUE,9,TRUE,FALSE,FALSE,"right","left",TRUE,FALSE,FALSE,"right","right",TRUE
"5962a5b29955ee00015bce98","Pizza",3,"Chalk",5,"Motorcycle",5,"left",FALSE,"left",FALSE,9,FALSE,FALSE,TRUE,"right","middle",TRUE,FALSE,FALSE,"left","left",TRUE
"641384b3dffcf39ec42d3c23","Stick",1,"Teapot",4,"Truck",4,"middle",FALSE,"right",FALSE,9,TRUE,FALSE,FALSE,"middle","right",FALSE,TRUE,FALSE,"right","middle",FALSE
"59692d61355b45000106c592","Octopus",5,"Hot Dog",2,"Sun",2,"right",FALSE,"middle",TRUE,9,FALSE,TRUE,FALSE,"middle","middle",FALSE,TRUE,FALSE,"middle","right",FALSE
"5dd05d80b2204f1487f7812c","Bead",4,"Pillow",1,"Tie",1,"right",FALSE,"middle",TRUE,9,FALSE,TRUE,FALSE,"middle","middle",FALSE,TRUE,FALSE,"middle","right",FALSE
"6321d9c78e8e3c04f82a0ea0","Cupcake",1,"Bear",5,"Scissors",5,"right",FALSE,"middle",TRUE,9,FALSE,FALSE,TRUE,"middle","left",FALSE,FALSE,TRUE,"middle","right",FALSE
"632d189d6b8f03d0d3db4c48","Pig",4,"Stairs",1,"Cake",1,"middle",FALSE,"right",FALSE,9,TRUE,FALSE,FALSE,"middle","right",FALSE,TRUE,FALSE,"right","middle",TRUE
"63b3377ca1ccdfc7cc567503","Hips",3,"Helicopter",3,"Bag",3,"middle",FALSE,"right",TRUE,9,FALSE,FALSE,TRUE,"right","left",FALSE,FALSE,TRUE,"right","middle",TRUE
"6678813aec86d687a654dedb","Underwear",5,"Pillow",1,"Hose",1,"right",FALSE,"left",TRUE,9,FALSE,TRUE,FALSE,"left","left",FALSE,TRUE,FALSE,"left","right",FALSE
"55cce6ea34e90600058d1e6d","Mouth",2,"Ring",4,"Soap",4,"right",FALSE,"middle",FALSE,9,FALSE,FALSE,TRUE,"left","middle",FALSE,TRUE,FALSE,"middle","right",FALSE
"6658bba1a51a037d25bb677e","Teeth",2,"Slinky",1,"Teapot",1,"middle",FALSE,"left",FALSE,9,FALSE,FALSE,TRUE,"right","left",FALSE,TRUE,FALSE,"left","middle",TRUE
"60f5df9db9380d875c320307","Comb",5,"Grass",3,"Pirate",3,"right",FALSE,"middle",TRUE,9,FALSE,FALSE,TRUE,"middle","left",FALSE,FALSE,TRUE,"middle","right",FALSE
"63d5b810f3dbbd11e7e65870","Dolphin",3,"Taco",2,"Toothbrush",2,"right",FALSE,"left",TRUE,9,FALSE,FALSE,TRUE,"left","middle",FALSE,FALSE,TRUE,"left","right",FALSE
"66d1fdd400acfdbc181f41e0","Tractor",1,"Underwear",1,"Bandaid",1,"right",FALSE,"right",TRUE,9,TRUE,FALSE,FALSE,"right","middle",TRUE,FALSE,FALSE,"right","right",FALSE
"67b636c4ea38855cbb08ffe3","Teeth",3,"Magazine",5,"Rainbow",5,"left",FALSE,"left",FALSE,9,FALSE,FALSE,TRUE,"right","middle",TRUE,FALSE,FALSE,"left","left",FALSE
"5e1b795dc799223a3b447ada","Tummy",1,"Pudding",5,"Feet",5,"middle",FALSE,"middle",TRUE,9,TRUE,FALSE,FALSE,"middle","left",TRUE,FALSE,FALSE,"middle","middle",FALSE
"5c5cad3e4ee81200018eafe2","Arm",5,"Toothbrush",5,"Strawberries",5,"right",TRUE,"right",FALSE,9,FALSE,TRUE,FALSE,"middle","middle",TRUE,FALSE,FALSE,"right","right",FALSE
"5bc5be2572df5f00014479f9","Hanger",4,"Swing",5,"Pretzel",5,"middle",FALSE,"right",TRUE,9,FALSE,FALSE,TRUE,"right","left",FALSE,FALSE,TRUE,"right","middle",FALSE
"5f8f436e4676a71879786b95","Skateboard",3,"Bear",5,"Suitcase",5,"middle",FALSE,"middle",FALSE,9,FALSE,FALSE,TRUE,"left","right",TRUE,FALSE,FALSE,"middle","middle",FALSE
"669053bbebafdd430e770142","Blocks",1,"Bowl",3,"Candy",3,"middle",FALSE,"middle",TRUE,9,TRUE,FALSE,FALSE,"middle","left",TRUE,FALSE,FALSE,"middle","middle",FALSE
"677419f93048c66d62d2bf87","Cookies",3,"Glue",1,"Grapes",1,"right",TRUE,"right",TRUE,9,TRUE,FALSE,FALSE,"right","middle",TRUE,FALSE,FALSE,"right","right",FALSE
"574aff1b5bef980007af2745","Dog",5,"Cheese",5,"Bottle",5,"left",FALSE,"right",FALSE,9,FALSE,TRUE,FALSE,"middle","middle",FALSE,FALSE,TRUE,"right","left",FALSE
"58404fd8ad98e40001ce915f","Jump rope",2,"Queen",3,"Sofa",3,"middle",FALSE,"right",TRUE,9,FALSE,FALSE,TRUE,"right","left",FALSE,FALSE,TRUE,"right","middle",FALSE
"5de8887aa2db898017debf1a","Straw",5,"Bacon",5,"Hot Dog",5,"left",FALSE,"middle",TRUE,9,FALSE,FALSE,TRUE,"middle","right",FALSE,FALSE,TRUE,"middle","left",FALSE
"59d949cf8fd07a000184247e","Water",2,"Heart",3,"Crackers",3,"right",FALSE,"right",FALSE,9,FALSE,TRUE,FALSE,"middle","middle",TRUE,FALSE,FALSE,"right","right",FALSE
"662945728093113a43ab8077","Bandaid",5,"Ant",2,"Movie",2,"middle",FALSE,"right",TRUE,9,FALSE,FALSE,TRUE,"right","left",FALSE,FALSE,TRUE,"right","middle",TRUE
"676058418c08c71e4bb7cbd1","Hands",5,"Hat",3,"Dinosaur",3,"right",FALSE,"middle",TRUE,9,FALSE,TRUE,FALSE,"middle","middle",FALSE,TRUE,FALSE,"middle","right",TRUE
"6643d22289210a4edf21e84d","Chopsticks",3,"Giraffe",5,"Barn",5,"left",FALSE,"middle",TRUE,9,FALSE,TRUE,FALSE,"middle","middle",FALSE,TRUE,FALSE,"middle","left",FALSE
"58954e2dc88c680001dd4b7e","String",3,"Comb",4,"Wagon",4,"right",FALSE,"right",FALSE,9,FALSE,TRUE,FALSE,"middle","middle",TRUE,FALSE,FALSE,"right","right",TRUE
"5b757a03976ecb0001b1168f","Door",2,"Bucket",3,"Wheel",3,"left",FALSE,"middle",TRUE,9,FALSE,TRUE,FALSE,"middle","middle",FALSE,TRUE,FALSE,"middle","left",FALSE
"681b781064a5701a5ceee3bc","Hips",2,"Table",5,"Princess",5,"right",FALSE,"right",TRUE,9,TRUE,FALSE,FALSE,"right","middle",TRUE,FALSE,FALSE,"right","right",TRUE
"6716c6700f376dc7f534af9d","Ladder",4,"Fingernail",3,"Pirate",3,"left",FALSE,"right",FALSE,9,FALSE,TRUE,FALSE,"middle","middle",FALSE,FALSE,TRUE,"right","left",FALSE
"671a3ac3dada5efe6d439698","Pancakes",1,"Hammer",1,"Clock",1,"right",FALSE,"left",TRUE,9,FALSE,FALSE,TRUE,"left","middle",FALSE,FALSE,TRUE,"left","right",FALSE
"676b89007874c8eace113276","Movie",1,"Necklace",3,"Bean",3,"right",FALSE,"right",TRUE,9,TRUE,FALSE,FALSE,"right","middle",TRUE,FALSE,FALSE,"right","right",FALSE
"6825af939111d286546fdde6","Fence",3,"Owl",1,"Leg",1,"middle",FALSE,"middle",FALSE,9,FALSE,FALSE,TRUE,"left","right",TRUE,FALSE,FALSE,"middle","middle",FALSE
"67164c92298409e37c670b3d","Snake",1,"Zipper",3,"Rock",3,"middle",FALSE,"middle",TRUE,9,TRUE,FALSE,FALSE,"middle","left",TRUE,FALSE,FALSE,"middle","middle",FALSE
"682b3f63d0e2c4eff64fe664","Door",2,"Pig",4,"Mirror",4,"right",FALSE,"middle",TRUE,9,FALSE,FALSE,TRUE,"middle","left",FALSE,FALSE,TRUE,"middle","right",TRUE
"5d3695969749cc00165c222f","Shampoo",4,"Rainbow",4,"Money",4,"left",FALSE,"middle",FALSE,9,TRUE,FALSE,FALSE,"left","right",FALSE,FALSE,TRUE,"middle","left",TRUE
"664521e03117b782ed4fff45","Swing",1,"Tissue",5,"Circle",5,"middle",FALSE,"middle",TRUE,9,TRUE,FALSE,FALSE,"middle","left",TRUE,FALSE,FALSE,"middle","middle",FALSE
"5f0db498f5e4e102c0f65b67","Bow",5,"Eyes",4,"Hose",4,"right",FALSE,"right",FALSE,5,FALSE,TRUE,FALSE,"left","left",TRUE,FALSE,FALSE,"right","right",FALSE
"6773dea609f77d473900997a","Battery",2,"Bacon",4,"Eyes",4,"right",FALSE,"left",FALSE,9,FALSE,TRUE,FALSE,"middle","middle",FALSE,FALSE,TRUE,"left","right",TRUE
"637fcee60a8378c1c3a65898","Bike",4,"Bacon",4,"Squirrel",4,"left",FALSE,"middle",TRUE,9,FALSE,TRUE,FALSE,"middle","middle",FALSE,TRUE,FALSE,"middle","left",FALSE
"63f77a5dde1ea03305e119e0","Horse",4,"Puppets",4,"Shampoo",4,"middle",FALSE,"middle",TRUE,9,TRUE,FALSE,FALSE,"middle","right",TRUE,FALSE,FALSE,"middle","middle",FALSE
"5fbf90f025a567296d943c7e","Bagel",5,"Leg",1,"Bowl",1,"left",FALSE,"left",TRUE,9,TRUE,FALSE,FALSE,"left","middle",TRUE,FALSE,FALSE,"left","left",FALSE
"636d6ce3fb3683ff33f9e514","Envelope",3,"Cookies",3,"Popcorn",3,"left",FALSE,"left",TRUE,9,TRUE,FALSE,FALSE,"left","middle",TRUE,FALSE,FALSE,"left","left",FALSE
"5af2a03697a14300017d2ba4","Pudding",5,"Pencil",5,"Yogurt",5,"left",FALSE,"middle",TRUE,9,FALSE,TRUE,FALSE,"middle","middle",FALSE,TRUE,FALSE,"middle","left",FALSE
"60e3a25e8be835f754795d93","Bug",3,"Ant",3,"Stairs",3,"right",FALSE,"left",TRUE,9,FALSE,TRUE,FALSE,"left","left",FALSE,TRUE,FALSE,"left","right",TRUE
"66b5172c8f0bd3b23ce66c22","Blocks",1,"Peas",3,"Pirate",3,"left",FALSE,"middle",TRUE,10,FALSE,FALSE,TRUE,"middle","right",FALSE,FALSE,TRUE,"middle","left",FALSE
"5ba60abd9629a90001b36fdc","Pretzel",1,"Shovel",4,"Bridge",4,"right",FALSE,"middle",TRUE,10,FALSE,FALSE,TRUE,"middle","left",FALSE,FALSE,TRUE,"middle","right",FALSE
"65dc99d0191a135ab835bf69","Fly",2,"Oranges",5,"Sink",5,"middle",TRUE,"middle",TRUE,10,TRUE,FALSE,FALSE,"middle","right",TRUE,FALSE,FALSE,"middle","middle",FALSE
"60fe7bf61c7567f5cca9ade6","Washcloth",3,"Snake",3,"Shirt",3,"left",FALSE,"middle",TRUE,10,FALSE,FALSE,TRUE,"middle","right",FALSE,FALSE,TRUE,"middle","left",TRUE
"5c9d88bb2b3c77001744ec1c","Fire",3,"Glove",3,"Grapes",3,"right",TRUE,"middle",FALSE,10,TRUE,FALSE,FALSE,"right","middle",FALSE,TRUE,FALSE,"middle","right",FALSE
"5e283f576dbb560114ac7714","Candle",1,"Snow",4,"Grapes",4,"right",TRUE,"right",TRUE,10,TRUE,FALSE,FALSE,"right","left",TRUE,FALSE,FALSE,"right","right",FALSE
"62e02b1ed5b0fbc1b1dc09e7","Hot Dog",4,"Washcloth",4,"Stamps",4,"middle",FALSE,"left",TRUE,10,FALSE,FALSE,TRUE,"left","right",FALSE,FALSE,TRUE,"left","middle",FALSE
"5ecf9b46617a9b3dd56b3fe3","Balls",4,"Puzzles",1,"Heart",1,"left",FALSE,"left",TRUE,10,TRUE,FALSE,FALSE,"left","right",TRUE,FALSE,FALSE,"left","left",TRUE
"590b3401182caf0001ab5801","Slide",2,"Sweater",3,"Shoes",3,"middle",FALSE,"middle",FALSE,10,FALSE,FALSE,TRUE,"right","left",TRUE,FALSE,FALSE,"middle","middle",FALSE
"65c11389b0d2ba8e63cb8b22","Toy",3,"Microphone",4,"Fork",4,"middle",FALSE,"left",TRUE,10,FALSE,TRUE,FALSE,"left","left",FALSE,TRUE,FALSE,"left","middle",FALSE
"5d15160539eeea001683830c","Bus",2,"Triangle",3,"Cupcake",3,"middle",FALSE,"right",TRUE,10,FALSE,FALSE,TRUE,"right","left",FALSE,FALSE,TRUE,"right","middle",FALSE
"6620b6a209127dafd5b2dfb9","Fire",1,"Moon",1,"Refrigerator",1,"left",FALSE,"right",TRUE,10,FALSE,FALSE,TRUE,"right","middle",FALSE,FALSE,TRUE,"right","left",FALSE
"56c65a5a305eaa0005f2a634","Eggs",3,"Pencil",3,"Purse",3,"left",FALSE,"right",TRUE,10,FALSE,FALSE,TRUE,"right","middle",FALSE,FALSE,TRUE,"right","left",FALSE
"59fb1518b47dfc0001b6659b","Backpack",3,"Umbrella",2,"Keys",2,"left",FALSE,"left",FALSE,10,FALSE,TRUE,FALSE,"middle","middle",TRUE,FALSE,FALSE,"left","left",FALSE
"602c0fc2eff74b4748e9b41e","Shovel",2,"Shoes",1,"Tiger",1,"middle",FALSE,"middle",FALSE,10,FALSE,FALSE,TRUE,"right","left",TRUE,FALSE,FALSE,"middle","middle",FALSE
"5bcc98d1db645700015222b5","Owl",4,"Ant",1,"Cereal",1,"middle",FALSE,"middle",FALSE,10,FALSE,TRUE,FALSE,"right","right",TRUE,FALSE,FALSE,"middle","middle",FALSE
"6773e6e6b205d22a2e097735","Ring",2,"Button",1,"Tape",1,"middle",FALSE,"left",FALSE,10,FALSE,FALSE,TRUE,"right","left",FALSE,TRUE,FALSE,"left","middle",FALSE
"67505c42a18c872bab88ed42","Pizza",2,"Sofa",1,"Sunglasses",1,"right",FALSE,"right",FALSE,10,FALSE,TRUE,FALSE,"left","left",TRUE,FALSE,FALSE,"right","right",FALSE
"62a1e021702679d27813a3e2","Hat",1,"Radio",1,"Ankle",1,"right",FALSE,"right",FALSE,10,FALSE,TRUE,FALSE,"left","left",TRUE,FALSE,FALSE,"right","right",FALSE
"639f294882a3797f77a3dd81","Sink",1,"Crown",5,"Teddy Bear",5,"right",FALSE,"middle",TRUE,10,FALSE,FALSE,TRUE,"middle","left",FALSE,FALSE,TRUE,"middle","right",FALSE
"654bc148c95bca00d541ec33","Elbow",2,"Cookies",4,"Owl",4,"right",FALSE,"right",FALSE,10,FALSE,FALSE,TRUE,"middle","left",TRUE,FALSE,FALSE,"right","right",TRUE
"5d23460ad4c57900192b129c","Fire",3,"Lamp",1,"Owl",1,"middle",FALSE,"left",TRUE,10,FALSE,TRUE,FALSE,"left","left",FALSE,TRUE,FALSE,"left","middle",FALSE
"67673cda94b4d0cf1a6a7382","Teeth",5,"Chair",1,"Pig",1,"right",FALSE,"right",TRUE,10,TRUE,FALSE,FALSE,"right","middle",TRUE,FALSE,FALSE,"right","right",FALSE
"5c4f5967aac8be0001716a65","Tricycle",4,"Umbrella",4,"Clock",4,"right",FALSE,"left",FALSE,10,TRUE,FALSE,FALSE,"right","left",FALSE,TRUE,FALSE,"left","right",FALSE
"67758c9a30d6819221153393","Mouse",2,"Lizard",5,"Pizza",5,"middle",FALSE,"right",FALSE,10,TRUE,FALSE,FALSE,"middle","right",FALSE,TRUE,FALSE,"right","middle",FALSE
"66b37344796f45313433abc8","Sofa",5,"Books",2,"Tricycle",2,"right",FALSE,"left",FALSE,10,TRUE,FALSE,FALSE,"right","middle",FALSE,FALSE,TRUE,"left","right",FALSE
"632096b5574155e8727c50cc","Grapes",4,"Rabbit",3,"Keys",3,"left",TRUE,"left",FALSE,10,FALSE,FALSE,TRUE,"middle","right",TRUE,FALSE,FALSE,"left","left",FALSE
"66dcc0e54f44ccecf2730c76","Pan",4,"Window",5,"Tongue",5,"middle",FALSE,"middle",TRUE,10,TRUE,FALSE,FALSE,"middle","left",TRUE,FALSE,FALSE,"middle","middle",TRUE
"60fac7ec133b6bf250d6d668","Skateboard",2,"Bell",3,"Leg",3,"middle",FALSE,"middle",TRUE,10,TRUE,FALSE,FALSE,"middle","right",TRUE,FALSE,FALSE,"middle","middle",FALSE
"5e459f61418f610891628564","Sheep",1,"Soda",5,"Elephant",5,"left",FALSE,"right",TRUE,10,FALSE,TRUE,FALSE,"right","right",FALSE,TRUE,FALSE,"right","left",FALSE
"5e89ec793c01b3685a00bb12","Fire truck",1,"Teeth",3,"Ankle",3,"middle",FALSE,"middle",FALSE,10,FALSE,FALSE,TRUE,"right","left",TRUE,FALSE,FALSE,"middle","middle",FALSE
"631d197eba06364cbea7fab2","Clock",4,"Bat",2,"Cheese",2,"left",FALSE,"right",TRUE,10,FALSE,FALSE,TRUE,"right","middle",FALSE,FALSE,TRUE,"right","left",TRUE
"61656042f505fd7fa53e8628","Pizza",4,"Grass",1,"Sun",1,"right",FALSE,"middle",FALSE,6,TRUE,FALSE,FALSE,"right","left",FALSE,FALSE,TRUE,"middle","right",FALSE
"66fd3f6c93c24ecc119be354","Train",1,"Computer",5,"Paper",5,"middle",FALSE,"right",TRUE,10,FALSE,FALSE,TRUE,"right","left",FALSE,FALSE,TRUE,"right","middle",TRUE
"5af1a4bc6e136b0001411714","Jacket",2,"Stick",3,"Chicken",3,"left",FALSE,"right",TRUE,10,FALSE,FALSE,TRUE,"right","middle",FALSE,FALSE,TRUE,"right","left",FALSE
"60ed501279c68ea1a313d0aa","Bag",5,"Chalk",3,"Stars",3,"left",FALSE,"left",FALSE,10,FALSE,TRUE,FALSE,"right","right",TRUE,FALSE,FALSE,"left","left",FALSE
"5bf2f728bd9f150001f6cc42","Horse",5,"Can",1,"Ant",1,"right",FALSE,"left",TRUE,10,FALSE,FALSE,TRUE,"left","middle",FALSE,FALSE,TRUE,"left","right",FALSE
"59a734ce0c87a000017481ed","Shirt",5,"Heart",4,"Shampoo",4,"left",FALSE,"right",TRUE,10,FALSE,TRUE,FALSE,"right","right",FALSE,TRUE,FALSE,"right","left",FALSE
"615e420a23219efe3427a367","Slinky",1,"Net",2,"Cable",2,"middle",FALSE,"left",TRUE,10,FALSE,FALSE,TRUE,"left","right",FALSE,FALSE,TRUE,"left","middle",FALSE
"66b244a2f436437d3e109bbe","Fork",1,"Dolls",4,"Keys",4,"middle",FALSE,"left",TRUE,10,FALSE,FALSE,TRUE,"left","right",FALSE,FALSE,TRUE,"left","middle",TRUE
"5f1b05a8703c380d1393bb27","Gorilla",5,"Spider",4,"Zebra",4,"left",FALSE,"left",TRUE,10,TRUE,FALSE,FALSE,"left","right",TRUE,FALSE,FALSE,"left","left",FALSE
"6684497541f835bd67a199b2","Stool",3,"Knife",1,"Glasses",1,"right",FALSE,"right",TRUE,10,TRUE,FALSE,FALSE,"right","left",TRUE,FALSE,FALSE,"right","right",FALSE
"5eeddefa177a7322144cbc5e","Pencil",2,"Paper",1,"Pie",1,"left",FALSE,"left",FALSE,10,FALSE,FALSE,TRUE,"right","middle",TRUE,FALSE,FALSE,"left","left",FALSE
"63ee9abfa262bea95766dd9c","Newspaper",4,"Rock",3,"Slide",3,"right",FALSE,"right",TRUE,10,TRUE,FALSE,FALSE,"right","left",TRUE,FALSE,FALSE,"right","right",TRUE
"66cfab152c56aa0472529001","Pool",4,"Box",1,"Cereal",1,"left",FALSE,"left",FALSE,10,FALSE,FALSE,TRUE,"right","middle",TRUE,FALSE,FALSE,"left","left",TRUE
"6571fd9d691befe21fa61d18","Magazine",2,"Coloring Book",4,"Cheese",4,"middle",FALSE,"middle",FALSE,10,FALSE,FALSE,TRUE,"right","left",TRUE,FALSE,FALSE,"middle","middle",FALSE
"66312361cf5d4099e1330532","Ring",3,"Bow",2,"Iron",2,"middle",FALSE,"middle",TRUE,10,TRUE,FALSE,FALSE,"middle","right",TRUE,FALSE,FALSE,"middle","middle",FALSE
"6722ea20fb84b196f0a649b6","Arm",4,"Play dough",3,"Movie",3,"right",FALSE,"middle",TRUE,10,FALSE,FALSE,TRUE,"middle","left",FALSE,FALSE,TRUE,"middle","right",FALSE
"5ddce9f0f85b50c4fc1515a4","Clown",3,"Rain",2,"Can",2,"left",FALSE,"left",TRUE,10,TRUE,FALSE,FALSE,"left","right",TRUE,FALSE,FALSE,"left","left",FALSE
"5c3bdbf548ad2900017fac31","Socks",4,"Slide",3,"Iron",3,"left",FALSE,"right",TRUE,10,FALSE,FALSE,TRUE,"right","middle",FALSE,FALSE,TRUE,"right","left",FALSE
"6844a1b95271dfc560af4709","Bird",4,"Marker",3,"Duck",3,"right",FALSE,"left",FALSE,10,FALSE,FALSE,TRUE,"middle","left",FALSE,TRUE,FALSE,"left","right",FALSE
"5e121701dc79bd8a1a22ca99","Computer",5,"Fries",4,"Mirror",4,"right",FALSE,"right",FALSE,6,FALSE,TRUE,FALSE,"left","left",TRUE,FALSE,FALSE,"right","right",FALSE
"616ef680ab8ca318a227f5ec","Slinky",1,"Yo-yo",3,"Teddy Bear",3,"left",FALSE,"left",FALSE,10,FALSE,FALSE,TRUE,"right","middle",TRUE,FALSE,FALSE,"left","left",FALSE
"66d9cd06e207a93377f7820e","Scooter",1,"Battery",4,"Glasses",4,"middle",FALSE,"middle",FALSE,10,FALSE,FALSE,TRUE,"right","left",TRUE,FALSE,FALSE,"middle","middle",TRUE
"5962a5b29955ee00015bce98","Dog",5,"Snow",3,"Bird",3,"right",FALSE,"right",TRUE,10,TRUE,FALSE,FALSE,"right","middle",TRUE,FALSE,FALSE,"right","right",TRUE
"641384b3dffcf39ec42d3c23","Fingers",5,"Tissue",1,"Sunglasses",1,"middle",FALSE,"right",FALSE,10,FALSE,FALSE,TRUE,"left","right",FALSE,TRUE,FALSE,"right","middle",FALSE
"59692d61355b45000106c592","Slinky",3,"Frog",2,"Cow",2,"left",FALSE,"left",TRUE,10,TRUE,FALSE,FALSE,"left","middle",TRUE,FALSE,FALSE,"left","left",FALSE
"5dd05d80b2204f1487f7812c","Apples",1,"Bowl",4,"Books",4,"left",TRUE,"left",TRUE,10,TRUE,FALSE,FALSE,"left","middle",TRUE,FALSE,FALSE,"left","left",FALSE
"6321d9c78e8e3c04f82a0ea0","Shoes",3,"Umbrella",2,"Crayons",2,"middle",FALSE,"middle",TRUE,10,TRUE,FALSE,FALSE,"middle","left",TRUE,FALSE,FALSE,"middle","middle",FALSE
"632d189d6b8f03d0d3db4c48","Hamburger",2,"House",3,"Bacon",3,"middle",FALSE,"middle",TRUE,10,TRUE,FALSE,FALSE,"middle","right",TRUE,FALSE,FALSE,"middle","middle",TRUE
"63b3377ca1ccdfc7cc567503","Paints",1,"Pot",4,"Toy",4,"middle",FALSE,"right",TRUE,10,FALSE,FALSE,TRUE,"right","left",FALSE,FALSE,TRUE,"right","middle",TRUE
"6678813aec86d687a654dedb","Sand",1,"Soap",5,"House",5,"middle",FALSE,"right",FALSE,10,TRUE,FALSE,FALSE,"middle","left",FALSE,FALSE,TRUE,"right","middle",FALSE
"55cce6ea34e90600058d1e6d","Newspaper",2,"Shoulders",2,"Battery",2,"left",FALSE,"middle",TRUE,10,FALSE,TRUE,FALSE,"middle","middle",FALSE,TRUE,FALSE,"middle","left",FALSE
"6658bba1a51a037d25bb677e","Eyes",2,"Paper",3,"Belt",3,"middle",FALSE,"middle",FALSE,10,FALSE,TRUE,FALSE,"left","left",TRUE,FALSE,FALSE,"middle","middle",TRUE
"60f5df9db9380d875c320307","Toilet",2,"Bird",2,"Candy",2,"right",FALSE,"right",TRUE,10,TRUE,FALSE,FALSE,"right","left",TRUE,FALSE,FALSE,"right","right",FALSE
"63d5b810f3dbbd11e7e65870","Snow",4,"Iron",4,"Movie",4,"right",FALSE,"left",TRUE,10,FALSE,FALSE,TRUE,"left","middle",FALSE,FALSE,TRUE,"left","right",FALSE
"66d1fdd400acfdbc181f41e0","Dog",5,"Slinky",4,"Spider",4,"right",FALSE,"left",TRUE,10,FALSE,FALSE,TRUE,"left","middle",FALSE,FALSE,TRUE,"left","right",FALSE
"67b636c4ea38855cbb08ffe3","Balls",5,"Chair",5,"Fish",5,"left",FALSE,"left",FALSE,10,FALSE,FALSE,TRUE,"right","middle",TRUE,FALSE,FALSE,"left","left",FALSE
"5e1b795dc799223a3b447ada","Chicken",2,"Bubbles",3,"Keys",3,"right",FALSE,"middle",TRUE,10,FALSE,FALSE,TRUE,"middle","left",FALSE,FALSE,TRUE,"middle","right",FALSE
"5c5cad3e4ee81200018eafe2","Refrigerator",4,"Mailbox",3,"Butter",3,"left",FALSE,"left",TRUE,10,TRUE,FALSE,FALSE,"left","middle",TRUE,FALSE,FALSE,"left","left",FALSE
"5bc5be2572df5f00014479f9","Lunch",1,"Cherry",1,"Soap",1,"middle",TRUE,"middle",TRUE,10,TRUE,FALSE,FALSE,"middle","left",TRUE,FALSE,FALSE,"middle","middle",FALSE
"5f8f436e4676a71879786b95","Pretzel",1,"Slide",4,"Shoes",4,"left",FALSE,"middle",TRUE,10,FALSE,FALSE,TRUE,"middle","right",FALSE,FALSE,TRUE,"middle","left",FALSE
"669053bbebafdd430e770142","Fish",1,"Baby",2,"Curtain",2,"middle",FALSE,"right",TRUE,10,FALSE,FALSE,TRUE,"right","left",FALSE,FALSE,TRUE,"right","middle",FALSE
"677419f93048c66d62d2bf87","Battery",2,"Sink",3,"Bandaid",3,"left",FALSE,"middle",TRUE,10,FALSE,TRUE,FALSE,"middle","middle",FALSE,TRUE,FALSE,"middle","left",FALSE
"574aff1b5bef980007af2745","Backpack",2,"Pool",5,"Scooter",5,"right",FALSE,"left",TRUE,10,FALSE,FALSE,TRUE,"left","middle",FALSE,FALSE,TRUE,"left","right",FALSE
"58404fd8ad98e40001ce915f","Rice",5,"Curtain",1,"Books",1,"middle",FALSE,"left",TRUE,10,FALSE,TRUE,FALSE,"left","left",FALSE,TRUE,FALSE,"left","middle",FALSE
"5de8887aa2db898017debf1a","Stick",2,"Sink",4,"Frog",4,"middle",FALSE,"left",FALSE,10,TRUE,FALSE,FALSE,"middle","right",FALSE,FALSE,TRUE,"left","middle",FALSE
"59d949cf8fd07a000184247e","Pretzel",3,"Puzzles",3,"Leaf",3,"left",FALSE,"left",TRUE,10,TRUE,FALSE,FALSE,"left","middle",TRUE,FALSE,FALSE,"left","left",FALSE
"662945728093113a43ab8077","Cookies",2,"Helicopter",2,"Grapes",2,"right",TRUE,"right",TRUE,10,TRUE,FALSE,FALSE,"right","left",TRUE,FALSE,FALSE,"right","right",TRUE
"676058418c08c71e4bb7cbd1","Spider",1,"Straw",5,"Ghost",5,"left",FALSE,"middle",TRUE,10,FALSE,TRUE,FALSE,"middle","middle",FALSE,TRUE,FALSE,"middle","left",TRUE
"6643d22289210a4edf21e84d","Fly",2,"Juice",3,"Fire truck",3,"right",FALSE,"middle",TRUE,10,FALSE,TRUE,FALSE,"middle","middle",FALSE,TRUE,FALSE,"middle","right",FALSE
"58954e2dc88c680001dd4b7e","Pirate",2,"Turtle",1,"Chalk",1,"left",FALSE,"right",FALSE,10,FALSE,TRUE,FALSE,"middle","middle",FALSE,FALSE,TRUE,"right","left",TRUE
"5b757a03976ecb0001b1168f","Pot",5,"Sunglasses",4,"Milk",4,"right",FALSE,"right",FALSE,10,FALSE,TRUE,FALSE,"middle","middle",TRUE,FALSE,FALSE,"right","right",FALSE
"681b781064a5701a5ceee3bc","Spider",4,"Crayons",5,"Cupcake",5,"left",FALSE,"right",TRUE,10,FALSE,FALSE,TRUE,"right","middle",FALSE,FALSE,TRUE,"right","left",TRUE
"6716c6700f376dc7f534af9d","Shovel",2,"Pan",3,"Swing",3,"right",FALSE,"right",FALSE,10,FALSE,TRUE,FALSE,"middle","middle",TRUE,FALSE,FALSE,"right","right",FALSE
"671a3ac3dada5efe6d439698","Soup",4,"Rope",1,"Popcorn",1,"right",FALSE,"right",TRUE,10,TRUE,FALSE,FALSE,"right","middle",TRUE,FALSE,FALSE,"right","right",FALSE
"676b89007874c8eace113276","Toothbrush",5,"Washcloth",1,"Cake",1,"left",FALSE,"left",TRUE,10,TRUE,FALSE,FALSE,"left","middle",TRUE,FALSE,FALSE,"left","left",FALSE
"6825af939111d286546fdde6","Lamp",2,"Tissue",4,"Button",4,"left",FALSE,"middle",TRUE,10,FALSE,FALSE,TRUE,"middle","right",FALSE,FALSE,TRUE,"middle","left",FALSE
"67164c92298409e37c670b3d","Phone",4,"Pizza",2,"Sofa",2,"middle",FALSE,"left",TRUE,10,FALSE,TRUE,FALSE,"left","left",FALSE,TRUE,FALSE,"left","middle",FALSE
"682b3f63d0e2c4eff64fe664","Video Tape",3,"Fence",3,"Tractor",3,"right",FALSE,"middle",TRUE,10,FALSE,FALSE,TRUE,"middle","left",FALSE,FALSE,TRUE,"middle","right",TRUE
"5d3695969749cc00165c222f","Taco",3,"Frog",1,"Glasses",1,"middle",FALSE,"right",TRUE,10,FALSE,TRUE,FALSE,"right","right",FALSE,TRUE,FALSE,"right","middle",TRUE
"664521e03117b782ed4fff45","Ant",5,"Dress",4,"Zipper",4,"right",FALSE,"middle",FALSE,10,FALSE,TRUE,FALSE,"left","left",FALSE,FALSE,TRUE,"middle","right",FALSE
"5f0db498f5e4e102c0f65b67","Teeth",2,"Pig",5,"Battery",5,"right",FALSE,"middle",TRUE,6,FALSE,FALSE,TRUE,"middle","left",FALSE,FALSE,TRUE,"middle","right",FALSE
"6773dea609f77d473900997a","Corn",4,"Vacuum",1,"Newspaper",1,"left",FALSE,"left",TRUE,10,TRUE,FALSE,FALSE,"left","middle",TRUE,FALSE,FALSE,"left","left",TRUE
"637fcee60a8378c1c3a65898","Mirror",2,"Wheel",4,"Bread",4,"left",FALSE,"middle",TRUE,10,FALSE,TRUE,FALSE,"middle","middle",FALSE,TRUE,FALSE,"middle","left",FALSE
"63f77a5dde1ea03305e119e0","Bottle",5,"Toothbrush",1,"Bone",1,"middle",FALSE,"left",FALSE,10,TRUE,FALSE,FALSE,"middle","right",FALSE,FALSE,TRUE,"left","middle",FALSE
"5fbf90f025a567296d943c7e","Goal",3,"Dolphin",2,"Nose",2,"right",FALSE,"left",FALSE,10,FALSE,TRUE,FALSE,"middle","middle",FALSE,FALSE,TRUE,"left","right",FALSE
"636d6ce3fb3683ff33f9e514","Bracelet",3,"Comb",1,"Tricycle",1,"right",FALSE,"left",FALSE,10,TRUE,FALSE,FALSE,"right","middle",FALSE,FALSE,TRUE,"left","right",FALSE
"5af2a03697a14300017d2ba4","House",2,"Rabbit",4,"Octopus",4,"left",FALSE,"middle",TRUE,10,FALSE,TRUE,FALSE,"middle","middle",FALSE,TRUE,FALSE,"middle","left",FALSE
"60e3a25e8be835f754795d93","Pan",3,"Teeth",4,"Paper",4,"right",FALSE,"middle",TRUE,10,FALSE,FALSE,TRUE,"middle","left",FALSE,FALSE,TRUE,"middle","right",TRUE
"66b5172c8f0bd3b23ce66c22","Tape",3,"Popsicle",1,"Barn",1,"left",FALSE,"left",TRUE,11,TRUE,FALSE,FALSE,"left","right",TRUE,FALSE,FALSE,"left","left",FALSE
"5ba60abd9629a90001b36fdc","Refrigerator",3,"Underwear",2,"Cat",2,"right",FALSE,"left",FALSE,11,TRUE,FALSE,FALSE,"right","left",FALSE,TRUE,FALSE,"left","right",FALSE
"65dc99d0191a135ab835bf69","Hammer",5,"Glasses",5,"Stool",5,"left",FALSE,"middle",TRUE,11,FALSE,FALSE,TRUE,"middle","right",FALSE,FALSE,TRUE,"middle","left",FALSE
"60fe7bf61c7567f5cca9ade6","Hair",3,"Suitcase",5,"Yogurt",5,"left",FALSE,"middle",TRUE,11,FALSE,FALSE,TRUE,"middle","right",FALSE,FALSE,TRUE,"middle","left",TRUE
"5c9d88bb2b3c77001744ec1c","Knife",4,"Toothpaste",4,"Pudding",4,"right",FALSE,"right",TRUE,11,TRUE,FALSE,FALSE,"right","middle",TRUE,FALSE,FALSE,"right","right",FALSE
"5e283f576dbb560114ac7714","Triangle",3,"Snake",2,"Bottle",2,"right",FALSE,"right",TRUE,11,TRUE,FALSE,FALSE,"right","left",TRUE,FALSE,FALSE,"right","right",FALSE
"62e02b1ed5b0fbc1b1dc09e7","Grapes",1,"Dresser",2,"Lion",2,"left",TRUE,"left",TRUE,11,TRUE,FALSE,FALSE,"left","right",TRUE,FALSE,FALSE,"left","left",FALSE
"5ecf9b46617a9b3dd56b3fe3","Spoon",5,"Knee",2,"Cable",2,"left",FALSE,"left",TRUE,11,TRUE,FALSE,FALSE,"left","right",TRUE,FALSE,FALSE,"left","left",TRUE
"590b3401182caf0001ab5801","Gorilla",1,"Lunch",2,"Dolls",2,"right",FALSE,"middle",TRUE,11,FALSE,FALSE,TRUE,"middle","left",FALSE,FALSE,TRUE,"middle","right",FALSE
"65c11389b0d2ba8e63cb8b22","Movie",2,"Princess",3,"Tie",3,"middle",FALSE,"left",FALSE,11,FALSE,FALSE,TRUE,"right","left",FALSE,TRUE,FALSE,"left","middle",FALSE
"5d15160539eeea001683830c","Can",5,"Radio",2,"Underwear",2,"right",FALSE,"left",TRUE,11,FALSE,TRUE,FALSE,"left","left",FALSE,TRUE,FALSE,"left","right",FALSE
"6620b6a209127dafd5b2dfb9","Bacon",2,"Meat",1,"Keys",1,"left",FALSE,"right",TRUE,11,FALSE,FALSE,TRUE,"right","middle",FALSE,FALSE,TRUE,"right","left",FALSE
"56c65a5a305eaa0005f2a634","Ear",2,"Hips",4,"Pen",4,"right",FALSE,"middle",FALSE,11,TRUE,FALSE,FALSE,"right","middle",FALSE,TRUE,FALSE,"middle","right",FALSE
"59fb1518b47dfc0001b6659b","Brush",4,"Mountain",4,"Soap",4,"left",FALSE,"left",FALSE,11,FALSE,FALSE,TRUE,"right","middle",TRUE,FALSE,FALSE,"left","left",FALSE
"602c0fc2eff74b4748e9b41e","Clock",1,"Hands",3,"Table",3,"right",FALSE,"middle",TRUE,11,FALSE,FALSE,TRUE,"middle","left",FALSE,FALSE,TRUE,"middle","right",FALSE
"5bcc98d1db645700015222b5","Milk",3,"Cat",4,"Ice Cream",4,"middle",FALSE,"left",TRUE,11,FALSE,FALSE,TRUE,"left","right",FALSE,FALSE,TRUE,"left","middle",FALSE
"6773e6e6b205d22a2e097735","Jump rope",4,"Mountain",4,"Iron",4,"right",FALSE,"left",TRUE,11,FALSE,TRUE,FALSE,"left","left",FALSE,TRUE,FALSE,"left","right",FALSE
"67505c42a18c872bab88ed42","Magazine",4,"Chopsticks",4,"Necklace",4,"right",FALSE,"left",FALSE,11,TRUE,FALSE,FALSE,"right","left",FALSE,TRUE,FALSE,"left","right",FALSE
"62a1e021702679d27813a3e2","Pot",3,"Swing",4,"Mountain",4,"middle",FALSE,"right",FALSE,11,FALSE,TRUE,FALSE,"left","left",FALSE,FALSE,TRUE,"right","middle",FALSE
"639f294882a3797f77a3dd81","Underwear",1,"Fire truck",1,"Glasses",1,"middle",FALSE,"right",TRUE,11,FALSE,FALSE,TRUE,"right","left",FALSE,FALSE,TRUE,"right","middle",FALSE
"654bc148c95bca00d541ec33","Drum",4,"Lunch",4,"Fork",4,"middle",FALSE,"middle",FALSE,11,FALSE,TRUE,FALSE,"left","left",TRUE,FALSE,FALSE,"middle","middle",TRUE
"5d23460ad4c57900192b129c","Fork",5,"Toy",1,"Mirror",1,"right",FALSE,"left",FALSE,11,FALSE,FALSE,TRUE,"middle","left",FALSE,TRUE,FALSE,"left","right",FALSE
"67673cda94b4d0cf1a6a7382","Pancakes",1,"Spoon",3,"Underwear",3,"right",FALSE,"middle",TRUE,11,FALSE,TRUE,FALSE,"middle","middle",FALSE,TRUE,FALSE,"middle","right",FALSE
"5c4f5967aac8be0001716a65","Flashlight",3,"Hose",1,"Shoulders",1,"middle",FALSE,"right",TRUE,11,FALSE,FALSE,TRUE,"right","left",FALSE,FALSE,TRUE,"right","middle",FALSE
"67758c9a30d6819221153393","Sand",1,"Hat",5,"Bottle",5,"left",FALSE,"middle",TRUE,11,FALSE,FALSE,TRUE,"middle","right",FALSE,FALSE,TRUE,"middle","left",FALSE
"66b37344796f45313433abc8","Boots",5,"Ear",3,"Phone",3,"right",FALSE,"right",TRUE,11,TRUE,FALSE,FALSE,"right","middle",TRUE,FALSE,FALSE,"right","right",FALSE
"632096b5574155e8727c50cc","Glove",3,"Rock",5,"Can",5,"middle",FALSE,"left",FALSE,11,TRUE,FALSE,FALSE,"middle","right",FALSE,FALSE,TRUE,"left","middle",FALSE
"66dcc0e54f44ccecf2730c76","Taco",2,"Leg",2,"Pancakes",2,"middle",FALSE,"right",FALSE,11,FALSE,TRUE,FALSE,"left","left",FALSE,FALSE,TRUE,"right","middle",TRUE
"60fac7ec133b6bf250d6d668","Flashlight",3,"Toilet",5,"Microphone",5,"left",FALSE,"middle",TRUE,11,FALSE,FALSE,TRUE,"middle","right",FALSE,FALSE,TRUE,"middle","left",FALSE
"5e459f61418f610891628564","Clock",4,"Spider",1,"Umbrella",1,"middle",FALSE,"left",TRUE,11,FALSE,FALSE,TRUE,"left","right",FALSE,FALSE,TRUE,"left","middle",FALSE
"5e89ec793c01b3685a00bb12","Kangaroo",5,"Scooter",1,"Camera",1,"middle",FALSE,"left",TRUE,11,FALSE,TRUE,FALSE,"left","left",FALSE,TRUE,FALSE,"left","middle",FALSE
"631d197eba06364cbea7fab2","TV",4,"Dress",2,"Glue",2,"left",FALSE,"right",FALSE,11,TRUE,FALSE,FALSE,"left","middle",FALSE,FALSE,TRUE,"right","left",TRUE
"61656042f505fd7fa53e8628","Ladder",2,"Chalk",3,"Socks",3,"middle",FALSE,"middle",TRUE,7,TRUE,FALSE,FALSE,"middle","left",TRUE,FALSE,FALSE,"middle","middle",FALSE
"66fd3f6c93c24ecc119be354","Swimsuit",4,"Tape",4,"Bagel",4,"middle",FALSE,"right",TRUE,11,FALSE,FALSE,TRUE,"right","left",FALSE,FALSE,TRUE,"right","middle",TRUE
"5af1a4bc6e136b0001411714","Skateboard",1,"Fries",3,"Swing",3,"right",FALSE,"left",TRUE,11,FALSE,FALSE,TRUE,"left","middle",FALSE,FALSE,TRUE,"left","right",FALSE
"60ed501279c68ea1a313d0aa","Nose",1,"Cow",5,"Stick",5,"left",FALSE,"right",FALSE,11,FALSE,FALSE,TRUE,"middle","right",FALSE,TRUE,FALSE,"right","left",FALSE
"5bf2f728bd9f150001f6cc42","Dolls",1,"Hamburger",4,"Notebook",4,"right",FALSE,"middle",FALSE,11,TRUE,FALSE,FALSE,"right","middle",FALSE,TRUE,FALSE,"middle","right",FALSE
"59a734ce0c87a000017481ed","Pig",1,"Bucket",1,"Milk",1,"left",FALSE,"right",TRUE,11,FALSE,TRUE,FALSE,"right","right",FALSE,TRUE,FALSE,"right","left",FALSE
"615e420a23219efe3427a367","Pan",5,"Cheese",5,"Pudding",5,"left",FALSE,"middle",TRUE,11,FALSE,FALSE,TRUE,"middle","right",FALSE,FALSE,TRUE,"middle","left",FALSE
"66b244a2f436437d3e109bbe","Mirror",3,"Paints",2,"Button",2,"middle",FALSE,"left",TRUE,11,FALSE,FALSE,TRUE,"left","right",FALSE,FALSE,TRUE,"left","middle",TRUE
"5f1b05a8703c380d1393bb27","Necklace",4,"Pear",1,"Cupcake",1,"middle",TRUE,"middle",TRUE,11,TRUE,FALSE,FALSE,"middle","right",TRUE,FALSE,FALSE,"middle","middle",FALSE
"6684497541f835bd67a199b2","Ladder",4,"Kangaroo",3,"Dolls",3,"middle",FALSE,"right",TRUE,11,FALSE,FALSE,TRUE,"right","left",FALSE,FALSE,TRUE,"right","middle",FALSE
"5eeddefa177a7322144cbc5e","Spaghetti",5,"Mouth",4,"Gorilla",4,"right",FALSE,"middle",FALSE,11,TRUE,FALSE,FALSE,"right","middle",FALSE,TRUE,FALSE,"middle","right",FALSE
"63ee9abfa262bea95766dd9c","Ant",1,"Video Tape",4,"Teddy Bear",4,"middle",FALSE,"right",TRUE,11,FALSE,FALSE,TRUE,"right","left",FALSE,FALSE,TRUE,"right","middle",TRUE
"66cfab152c56aa0472529001","Teeth",5,"Princess",5,"Grapes",5,"right",TRUE,"right",TRUE,11,TRUE,FALSE,FALSE,"right","middle",TRUE,FALSE,FALSE,"right","right",TRUE
"6571fd9d691befe21fa61d18","Sofa",1,"Refrigerator",5,"Train",5,"middle",FALSE,"right",FALSE,11,TRUE,FALSE,FALSE,"middle","left",FALSE,FALSE,TRUE,"right","middle",FALSE
"66312361cf5d4099e1330532","Glove",2,"Moon",1,"Washcloth",1,"middle",FALSE,"right",TRUE,11,FALSE,TRUE,FALSE,"right","right",FALSE,TRUE,FALSE,"right","middle",FALSE
"6722ea20fb84b196f0a649b6","Bus",1,"Hammer",2,"Newspaper",2,"right",FALSE,"right",TRUE,11,TRUE,FALSE,FALSE,"right","left",TRUE,FALSE,FALSE,"right","right",FALSE
"5ddce9f0f85b50c4fc1515a4","Stairs",4,"Balloons",5,"Backpack",5,"left",FALSE,"right",FALSE,11,FALSE,FALSE,TRUE,"middle","right",FALSE,TRUE,FALSE,"right","left",FALSE
"5c3bdbf548ad2900017fac31","Teeth",1,"Squirrel",5,"Soda",5,"right",FALSE,"middle",TRUE,11,FALSE,TRUE,FALSE,"middle","middle",FALSE,TRUE,FALSE,"middle","right",FALSE
"6844a1b95271dfc560af4709","Sweater",4,"Triangle",3,"Fork",3,"right",FALSE,"middle",TRUE,11,FALSE,FALSE,TRUE,"middle","left",FALSE,FALSE,TRUE,"middle","right",FALSE
"5e121701dc79bd8a1a22ca99","Waffle",2,"Can",4,"Ring",4,"middle",FALSE,"right",TRUE,7,FALSE,FALSE,TRUE,"right","left",FALSE,FALSE,TRUE,"right","middle",FALSE
"616ef680ab8ca318a227f5ec","Leg",2,"Ice Cream",2,"Bag",2,"left",FALSE,"middle",TRUE,11,FALSE,TRUE,FALSE,"middle","middle",FALSE,TRUE,FALSE,"middle","left",FALSE
"66d9cd06e207a93377f7820e","Earring",4,"Cow",5,"Chicken",5,"middle",FALSE,"middle",FALSE,11,FALSE,FALSE,TRUE,"right","left",TRUE,FALSE,FALSE,"middle","middle",TRUE
"5962a5b29955ee00015bce98","Blocks",5,"Toilet",1,"Drum",1,"left",FALSE,"middle",TRUE,11,FALSE,TRUE,FALSE,"middle","middle",FALSE,TRUE,FALSE,"middle","left",TRUE
"641384b3dffcf39ec42d3c23","Butter",1,"House",2,"Drum",2,"middle",FALSE,"middle",TRUE,11,TRUE,FALSE,FALSE,"middle","right",TRUE,FALSE,FALSE,"middle","middle",FALSE
"59692d61355b45000106c592","Ice Cream",4,"Spaghetti",1,"Wing",1,"right",FALSE,"middle",TRUE,11,FALSE,TRUE,FALSE,"middle","middle",FALSE,TRUE,FALSE,"middle","right",FALSE
"5dd05d80b2204f1487f7812c","Queen",1,"Motorcycle",3,"Pizza",3,"left",FALSE,"right",TRUE,11,FALSE,FALSE,TRUE,"right","middle",FALSE,FALSE,TRUE,"right","left",FALSE
"6321d9c78e8e3c04f82a0ea0","Can",2,"Butterfly",4,"Balls",4,"middle",FALSE,"middle",TRUE,11,TRUE,FALSE,FALSE,"middle","left",TRUE,FALSE,FALSE,"middle","middle",FALSE
"632d189d6b8f03d0d3db4c48","Spoon",2,"Teddy Bear",4,"Dresser",4,"left",FALSE,"middle",FALSE,11,TRUE,FALSE,FALSE,"left","right",FALSE,FALSE,TRUE,"middle","left",TRUE
"63b3377ca1ccdfc7cc567503","Mountain",3,"Wheel",5,"Bell",5,"middle",FALSE,"right",TRUE,11,FALSE,FALSE,TRUE,"right","left",FALSE,FALSE,TRUE,"right","middle",TRUE
"6678813aec86d687a654dedb","Mirror",1,"Apples",4,"Socks",4,"middle",TRUE,"middle",TRUE,11,TRUE,FALSE,FALSE,"middle","left",TRUE,FALSE,FALSE,"middle","middle",FALSE
"55cce6ea34e90600058d1e6d","Water",4,"Envelope",4,"Tummy",4,"left",FALSE,"left",TRUE,11,TRUE,FALSE,FALSE,"left","middle",TRUE,FALSE,FALSE,"left","left",FALSE
"6658bba1a51a037d25bb677e","Leg",1,"Microphone",3,"Moon",3,"right",FALSE,"right",TRUE,11,TRUE,FALSE,FALSE,"right","left",TRUE,FALSE,FALSE,"right","right",TRUE
"60f5df9db9380d875c320307","Pot",3,"Pancakes",2,"Wing",2,"right",FALSE,"right",FALSE,11,FALSE,FALSE,TRUE,"middle","left",TRUE,FALSE,FALSE,"right","right",FALSE
"63d5b810f3dbbd11e7e65870","Tongue",1,"Bubbles",4,"Glasses",4,"left",FALSE,"right",FALSE,11,FALSE,TRUE,FALSE,"middle","middle",FALSE,FALSE,TRUE,"right","left",FALSE
"66d1fdd400acfdbc181f41e0","Taco",5,"Goal",4,"Bottle",4,"right",FALSE,"right",FALSE,11,FALSE,TRUE,FALSE,"middle","middle",TRUE,FALSE,FALSE,"right","right",FALSE
"67b636c4ea38855cbb08ffe3","Bike",2,"Bowl",4,"Bear",4,"left",FALSE,"middle",FALSE,11,FALSE,FALSE,TRUE,"right","middle",FALSE,TRUE,FALSE,"middle","left",FALSE
"5e1b795dc799223a3b447ada","Whistle",2,"Bandaid",4,"Cat",4,"right",FALSE,"middle",TRUE,11,FALSE,FALSE,TRUE,"middle","left",FALSE,FALSE,TRUE,"middle","right",FALSE
"5c5cad3e4ee81200018eafe2","Clock",3,"Pot",1,"Tissue",1,"right",FALSE,"left",TRUE,11,FALSE,FALSE,TRUE,"left","middle",FALSE,FALSE,TRUE,"left","right",FALSE
"5bc5be2572df5f00014479f9","Knee",1,"Watch",3,"Fence",3,"right",FALSE,"right",TRUE,11,TRUE,FALSE,FALSE,"right","left",TRUE,FALSE,FALSE,"right","right",FALSE
"5f8f436e4676a71879786b95","Kangaroo",1,"Keys",5,"Heart",5,"middle",FALSE,"middle",FALSE,11,FALSE,TRUE,FALSE,"right","right",TRUE,FALSE,FALSE,"middle","middle",FALSE
"669053bbebafdd430e770142","Feather",2,"Meat",2,"Stool",2,"right",FALSE,"right",TRUE,11,TRUE,FALSE,FALSE,"right","left",TRUE,FALSE,FALSE,"right","right",FALSE
"677419f93048c66d62d2bf87","Washcloth",1,"Bird",2,"Button",2,"right",FALSE,"right",TRUE,11,TRUE,FALSE,FALSE,"right","middle",TRUE,FALSE,FALSE,"right","right",FALSE
"574aff1b5bef980007af2745","Bananas",3,"Bridge",3,"TV",3,"left",TRUE,"left",TRUE,11,TRUE,FALSE,FALSE,"left","middle",TRUE,FALSE,FALSE,"left","left",FALSE
"58404fd8ad98e40001ce915f","Circle",4,"Mouth",4,"Leaf",4,"middle",FALSE,"right",TRUE,11,FALSE,FALSE,TRUE,"right","left",FALSE,FALSE,TRUE,"right","middle",FALSE
"5de8887aa2db898017debf1a","Grapes",1,"Bucket",3,"Head",3,"left",TRUE,"left",TRUE,11,TRUE,FALSE,FALSE,"left","right",TRUE,FALSE,FALSE,"left","left",FALSE
"59d949cf8fd07a000184247e","Glue",2,"Duck",4,"Earring",4,"right",FALSE,"right",TRUE,11,TRUE,FALSE,FALSE,"right","middle",TRUE,FALSE,FALSE,"right","right",FALSE
"662945728093113a43ab8077","Scissors",3,"Chicken",3,"Wagon",3,"middle",FALSE,"middle",TRUE,11,TRUE,FALSE,FALSE,"middle","left",TRUE,FALSE,FALSE,"middle","middle",TRUE
"676058418c08c71e4bb7cbd1","Clown",4,"Shampoo",5,"Taco",5,"right",FALSE,"right",TRUE,11,TRUE,FALSE,FALSE,"right","middle",TRUE,FALSE,FALSE,"right","right",TRUE
"6643d22289210a4edf21e84d","Window",4,"Elephant",5,"Grass",5,"right",FALSE,"middle",TRUE,11,FALSE,TRUE,FALSE,"middle","middle",FALSE,TRUE,FALSE,"middle","right",FALSE
"58954e2dc88c680001dd4b7e","Movie",2,"Bow",2,"Balloons",2,"right",FALSE,"left",TRUE,11,FALSE,FALSE,TRUE,"left","middle",FALSE,FALSE,TRUE,"left","right",TRUE
"5b757a03976ecb0001b1168f","Bean",2,"Leaf",1,"Stars",1,"right",FALSE,"right",TRUE,11,TRUE,FALSE,FALSE,"right","middle",TRUE,FALSE,FALSE,"right","right",FALSE
"681b781064a5701a5ceee3bc","Iron",3,"Blocks",1,"Sofa",1,"left",FALSE,"right",FALSE,11,TRUE,FALSE,FALSE,"left","middle",FALSE,FALSE,TRUE,"right","left",TRUE
"6716c6700f376dc7f534af9d","Shoulders",3,"Stick",5,"Tree",5,"right",FALSE,"right",TRUE,11,TRUE,FALSE,FALSE,"right","middle",TRUE,FALSE,FALSE,"right","right",FALSE
"671a3ac3dada5efe6d439698","Coloring Book",1,"Pot",5,"Whistle",5,"left",FALSE,"middle",TRUE,11,FALSE,TRUE,FALSE,"middle","middle",FALSE,TRUE,FALSE,"middle","left",FALSE
"676b89007874c8eace113276","Mouse",5,"Mirror",3,"Clown",3,"left",FALSE,"left",TRUE,11,TRUE,FALSE,FALSE,"left","middle",TRUE,FALSE,FALSE,"left","left",FALSE
"6825af939111d286546fdde6","Bell",5,"Newspaper",3,"Pencil",3,"middle",FALSE,"left",TRUE,11,FALSE,FALSE,TRUE,"left","right",FALSE,FALSE,TRUE,"left","middle",FALSE
"67164c92298409e37c670b3d","Broom",3,"Hammer",3,"Net",3,"middle",FALSE,"middle",TRUE,11,TRUE,FALSE,FALSE,"middle","left",TRUE,FALSE,FALSE,"middle","middle",FALSE
"682b3f63d0e2c4eff64fe664","Mouse",1,"Eyes",3,"Bone",3,"middle",FALSE,"right",FALSE,11,TRUE,FALSE,FALSE,"middle","left",FALSE,FALSE,TRUE,"right","middle",TRUE
"5d3695969749cc00165c222f","Cookies",3,"Lizard",5,"Lunch",5,"middle",FALSE,"middle",TRUE,11,TRUE,FALSE,FALSE,"middle","right",TRUE,FALSE,FALSE,"middle","middle",TRUE
"664521e03117b782ed4fff45","Pencil",3,"Shirt",4,"Plate",4,"middle",FALSE,"left",FALSE,11,FALSE,FALSE,TRUE,"right","left",FALSE,TRUE,FALSE,"left","middle",FALSE
"5f0db498f5e4e102c0f65b67","Baby",1,"Knife",3,"Swimsuit",3,"middle",FALSE,"middle",TRUE,7,TRUE,FALSE,FALSE,"middle","left",TRUE,FALSE,FALSE,"middle","middle",FALSE
"6773dea609f77d473900997a","Tummy",5,"Square",3,"Microphone",3,"left",FALSE,"left",TRUE,11,TRUE,FALSE,FALSE,"left","middle",TRUE,FALSE,FALSE,"left","left",TRUE
"637fcee60a8378c1c3a65898","Wing",1,"Bed",4,"Square",4,"right",FALSE,"middle",TRUE,11,FALSE,TRUE,FALSE,"middle","middle",FALSE,TRUE,FALSE,"middle","right",FALSE
"63f77a5dde1ea03305e119e0","Bagel",3,"Ring",4,"Goal",4,"middle",FALSE,"middle",FALSE,11,FALSE,TRUE,FALSE,"right","right",TRUE,FALSE,FALSE,"middle","middle",FALSE
"5fbf90f025a567296d943c7e","Pants",3,"Sand",2,"Ring",2,"left",FALSE,"right",FALSE,11,TRUE,FALSE,FALSE,"left","middle",FALSE,FALSE,TRUE,"right","left",FALSE
"636d6ce3fb3683ff33f9e514","Sunglasses",4,"Princess",2,"Mirror",2,"left",FALSE,"left",FALSE,11,FALSE,TRUE,FALSE,"middle","middle",TRUE,FALSE,FALSE,"left","left",FALSE
"5af2a03697a14300017d2ba4","Queen",2,"Bead",2,"Tricycle",2,"left",FALSE,"right",TRUE,11,FALSE,FALSE,TRUE,"right","middle",FALSE,FALSE,TRUE,"right","left",FALSE
"60e3a25e8be835f754795d93","Dinosaur",3,"Sandwich",5,"Head",5,"right",FALSE,"middle",TRUE,11,FALSE,FALSE,TRUE,"middle","left",FALSE,FALSE,TRUE,"middle","right",TRUE
"66b5172c8f0bd3b23ce66c22","Keys",5,"Tree",2,"Movie",2,"left",FALSE,"middle",TRUE,12,FALSE,FALSE,TRUE,"middle","right",FALSE,FALSE,TRUE,"middle","left",FALSE
"5ba60abd9629a90001b36fdc","Bubbles",2,"Mailbox",2,"Broom",2,"middle",FALSE,"middle",FALSE,12,FALSE,TRUE,FALSE,"left","left",TRUE,FALSE,FALSE,"middle","middle",FALSE
"65dc99d0191a135ab835bf69","Zebra",1,"Books",1,"Money",1,"left",FALSE,"right",TRUE,12,FALSE,TRUE,FALSE,"right","right",FALSE,TRUE,FALSE,"right","left",FALSE
"60fe7bf61c7567f5cca9ade6","Doughnut",3,"Car",5,"Purse",5,"left",FALSE,"left",TRUE,12,TRUE,FALSE,FALSE,"left","right",TRUE,FALSE,FALSE,"left","left",TRUE
"5c9d88bb2b3c77001744ec1c","Square",2,"Wheel",5,"Underwear",5,"right",FALSE,"right",TRUE,12,TRUE,FALSE,FALSE,"right","middle",TRUE,FALSE,FALSE,"right","right",FALSE
"5e283f576dbb560114ac7714","CD",3,"Hose",4,"Frog",4,"middle",FALSE,"middle",TRUE,12,TRUE,FALSE,FALSE,"middle","left",TRUE,FALSE,FALSE,"middle","middle",FALSE
"62e02b1ed5b0fbc1b1dc09e7","Doughnut",2,"Flower",5,"Teapot",5,"left",FALSE,"left",TRUE,12,TRUE,FALSE,FALSE,"left","right",TRUE,FALSE,FALSE,"left","left",FALSE
"5ecf9b46617a9b3dd56b3fe3","Candy",5,"Blocks",1,"Eyes",1,"left",FALSE,"left",TRUE,12,TRUE,FALSE,FALSE,"left","right",TRUE,FALSE,FALSE,"left","left",TRUE
"590b3401182caf0001ab5801","Snake",4,"Rain",5,"Ring",5,"middle",FALSE,"middle",TRUE,12,TRUE,FALSE,FALSE,"middle","left",TRUE,FALSE,FALSE,"middle","middle",FALSE
"65c11389b0d2ba8e63cb8b22","Stick",4,"Cupcake",4,"Blanket",4,"right",FALSE,"right",FALSE,12,FALSE,FALSE,TRUE,"middle","left",TRUE,FALSE,FALSE,"right","right",FALSE
"5d15160539eeea001683830c","Balloons",4,"Vacuum",3,"Ankle",3,"right",FALSE,"left",TRUE,12,FALSE,TRUE,FALSE,"left","left",FALSE,TRUE,FALSE,"left","right",FALSE
"6620b6a209127dafd5b2dfb9","Hands",3,"Balloons",4,"Teeth",4,"right",FALSE,"right",FALSE,12,FALSE,TRUE,FALSE,"middle","middle",TRUE,FALSE,FALSE,"right","right",FALSE
"56c65a5a305eaa0005f2a634","Lunch",4,"Underwear",2,"Magazine",2,"right",FALSE,"left",TRUE,12,FALSE,FALSE,TRUE,"left","middle",FALSE,FALSE,TRUE,"left","right",FALSE
"59fb1518b47dfc0001b6659b","Bone",2,"Broom",3,"Scooter",3,"right",FALSE,"right",FALSE,12,FALSE,FALSE,TRUE,"left","middle",TRUE,FALSE,FALSE,"right","right",FALSE
"602c0fc2eff74b4748e9b41e","Eggs",1,"Stars",1,"Bubbles",1,"right",FALSE,"left",TRUE,12,FALSE,TRUE,FALSE,"left","left",FALSE,TRUE,FALSE,"left","right",FALSE
"5bcc98d1db645700015222b5","Crown",4,"Bean",4,"Toothbrush",4,"left",FALSE,"left",TRUE,12,TRUE,FALSE,FALSE,"left","right",TRUE,FALSE,FALSE,"left","left",FALSE
"6773e6e6b205d22a2e097735","Barn",3,"Necklace",1,"Dress",1,"middle",FALSE,"right",TRUE,12,FALSE,FALSE,TRUE,"right","left",FALSE,FALSE,TRUE,"right","middle",FALSE
"67505c42a18c872bab88ed42","Ant",2,"Slide",4,"Umbrella",4,"right",FALSE,"right",TRUE,12,TRUE,FALSE,FALSE,"right","left",TRUE,FALSE,FALSE,"right","right",FALSE
"62a1e021702679d27813a3e2","Purse",5,"Arm",3,"Kangaroo",3,"middle",FALSE,"left",FALSE,12,FALSE,FALSE,TRUE,"right","left",FALSE,TRUE,FALSE,"left","middle",FALSE
"639f294882a3797f77a3dd81","Jump rope",4,"Kangaroo",4,"Fingernail",4,"right",FALSE,"middle",FALSE,12,TRUE,FALSE,FALSE,"right","left",FALSE,FALSE,TRUE,"middle","right",FALSE
"654bc148c95bca00d541ec33","Teeth",4,"Vacuum",2,"Earring",2,"middle",FALSE,"left",TRUE,12,FALSE,TRUE,FALSE,"left","left",FALSE,TRUE,FALSE,"left","middle",TRUE
"5d23460ad4c57900192b129c","Chicken",4,"Leg",3,"Earring",3,"middle",FALSE,"left",TRUE,12,FALSE,TRUE,FALSE,"left","left",FALSE,TRUE,FALSE,"left","middle",FALSE
"67673cda94b4d0cf1a6a7382","Rock",1,"Crackers",2,"Cherry",2,"right",TRUE,"right",TRUE,12,TRUE,FALSE,FALSE,"right","middle",TRUE,FALSE,FALSE,"right","right",FALSE
"5c4f5967aac8be0001716a65","TV",4,"Toothbrush",1,"Motorcycle",1,"middle",FALSE,"middle",FALSE,12,FALSE,TRUE,FALSE,"left","left",TRUE,FALSE,FALSE,"middle","middle",FALSE
"67758c9a30d6819221153393","Cow",1,"Potatoes",4,"Popcorn",4,"left",FALSE,"right",FALSE,12,FALSE,FALSE,TRUE,"middle","right",FALSE,TRUE,FALSE,"right","left",FALSE
"66b37344796f45313433abc8","Bike",2,"Shovel",3,"Cat",3,"left",FALSE,"middle",TRUE,12,FALSE,TRUE,FALSE,"middle","middle",FALSE,TRUE,FALSE,"middle","left",FALSE
"632096b5574155e8727c50cc","Dolls",4,"Lizard",5,"Necklace",5,"middle",FALSE,"middle",FALSE,12,FALSE,TRUE,FALSE,"right","right",TRUE,FALSE,FALSE,"middle","middle",FALSE
"66dcc0e54f44ccecf2730c76","Tree",5,"Pool",3,"Bow",3,"middle",FALSE,"middle",FALSE,12,FALSE,TRUE,FALSE,"left","left",TRUE,FALSE,FALSE,"middle","middle",TRUE
"60fac7ec133b6bf250d6d668","Popsicle",1,"Corn",2,"Purse",2,"left",FALSE,"middle",TRUE,12,FALSE,FALSE,TRUE,"middle","right",FALSE,FALSE,TRUE,"middle","left",FALSE
"5e459f61418f610891628564","Leaf",3,"Lizard",5,"Sandwich",5,"middle",FALSE,"middle",TRUE,12,TRUE,FALSE,FALSE,"middle","right",TRUE,FALSE,FALSE,"middle","middle",FALSE
"5e89ec793c01b3685a00bb12","Octopus",5,"Stool",1,"Puppets",1,"right",FALSE,"left",TRUE,12,FALSE,TRUE,FALSE,"left","left",FALSE,TRUE,FALSE,"left","right",FALSE
"631d197eba06364cbea7fab2","Fries",2,"Bear",1,"Ghost",1,"right",FALSE,"right",TRUE,12,TRUE,FALSE,FALSE,"right","middle",TRUE,FALSE,FALSE,"right","right",TRUE
"61656042f505fd7fa53e8628","Ghost",3,"Pool",5,"Corn",5,"right",FALSE,"middle",FALSE,8,TRUE,FALSE,FALSE,"right","left",FALSE,FALSE,TRUE,"middle","right",FALSE
"66fd3f6c93c24ecc119be354","Ant",3,"Radio",1,"Meat",1,"right",FALSE,"middle",FALSE,12,FALSE,TRUE,FALSE,"left","left",FALSE,FALSE,TRUE,"middle","right",TRUE
"5af1a4bc6e136b0001411714","Frog",3,"Dog",4,"Bowl",4,"left",FALSE,"right",TRUE,12,FALSE,FALSE,TRUE,"right","middle",FALSE,FALSE,TRUE,"right","left",FALSE
"60ed501279c68ea1a313d0aa","Arm",5,"Ice Cream",5,"Balls",5,"middle",FALSE,"left",TRUE,12,FALSE,FALSE,TRUE,"left","right",FALSE,FALSE,TRUE,"left","middle",FALSE
"5bf2f728bd9f150001f6cc42","Goal",1,"Butter",3,"Toothpaste",3,"right",FALSE,"right",TRUE,12,TRUE,FALSE,FALSE,"right","middle",TRUE,FALSE,FALSE,"right","right",FALSE
"59a734ce0c87a000017481ed","Microphone",4,"Rain",3,"Sunglasses",3,"left",FALSE,"right",TRUE,12,FALSE,TRUE,FALSE,"right","right",FALSE,TRUE,FALSE,"right","left",FALSE
"615e420a23219efe3427a367","Train",1,"Balloons",5,"Plate",5,"left",FALSE,"right",TRUE,12,FALSE,TRUE,FALSE,"right","right",FALSE,TRUE,FALSE,"right","left",FALSE
"66b244a2f436437d3e109bbe","Toilet",5,"Microphone",2,"Cookies",2,"middle",FALSE,"middle",FALSE,12,FALSE,TRUE,FALSE,"right","right",TRUE,FALSE,FALSE,"middle","middle",TRUE
"5f1b05a8703c380d1393bb27","Sticker",1,"Wing",4,"Fingernail",4,"left",FALSE,"middle",TRUE,12,FALSE,FALSE,TRUE,"middle","right",FALSE,FALSE,TRUE,"middle","left",FALSE
"6684497541f835bd67a199b2","Cloud",5,"Ankle",3,"Radio",3,"middle",FALSE,"right",TRUE,12,FALSE,FALSE,TRUE,"right","left",FALSE,FALSE,TRUE,"right","middle",FALSE
"5eeddefa177a7322144cbc5e","Tractor",3,"Radio",2,"Suitcase",2,"left",FALSE,"left",TRUE,12,TRUE,FALSE,FALSE,"left","middle",TRUE,FALSE,FALSE,"left","left",FALSE
"63ee9abfa262bea95766dd9c","Rain",3,"Cable",1,"Rainbow",1,"right",FALSE,"right",FALSE,12,FALSE,TRUE,FALSE,"left","left",TRUE,FALSE,FALSE,"right","right",TRUE
"66cfab152c56aa0472529001","Spaghetti",2,"Heart",4,"Tricycle",4,"right",FALSE,"middle",FALSE,12,TRUE,FALSE,FALSE,"right","middle",FALSE,TRUE,FALSE,"middle","right",TRUE
"6571fd9d691befe21fa61d18","Stairs",3,"Gorilla",4,"Pretzel",4,"middle",FALSE,"middle",TRUE,12,TRUE,FALSE,FALSE,"middle","left",TRUE,FALSE,FALSE,"middle","middle",FALSE
"66312361cf5d4099e1330532","Mouse",1,"Ostrich",4,"Nest",4,"left",FALSE,"middle",TRUE,12,FALSE,FALSE,TRUE,"middle","right",FALSE,FALSE,TRUE,"middle","left",FALSE
"6722ea20fb84b196f0a649b6","Fries",4,"Dolls",5,"Wheel",5,"middle",FALSE,"middle",TRUE,12,TRUE,FALSE,FALSE,"middle","left",TRUE,FALSE,FALSE,"middle","middle",FALSE
"5ddce9f0f85b50c4fc1515a4","Airplane",1,"Lion",2,"Knife",2,"left",FALSE,"right",TRUE,12,FALSE,TRUE,FALSE,"right","right",FALSE,TRUE,FALSE,"right","left",FALSE
"5c3bdbf548ad2900017fac31","Duck",5,"Bat",4,"Pie",4,"right",FALSE,"left",TRUE,12,FALSE,FALSE,TRUE,"left","middle",FALSE,FALSE,TRUE,"left","right",FALSE
"6844a1b95271dfc560af4709","Corn",3,"Bead",1,"Shorts",1,"middle",FALSE,"left",FALSE,12,FALSE,FALSE,TRUE,"right","left",FALSE,TRUE,FALSE,"left","middle",FALSE
"5e121701dc79bd8a1a22ca99","Balls",1,"Hoop",2,"Blocks",2,"middle",FALSE,"right",TRUE,8,FALSE,FALSE,TRUE,"right","left",FALSE,FALSE,TRUE,"right","middle",FALSE
"616ef680ab8ca318a227f5ec","Zebra",5,"Barn",2,"Square",2,"right",FALSE,"left",TRUE,12,FALSE,FALSE,TRUE,"left","middle",FALSE,FALSE,TRUE,"left","right",FALSE
"66d9cd06e207a93377f7820e","Lunch",1,"Dog",4,"Phone",4,"right",FALSE,"middle",TRUE,12,FALSE,FALSE,TRUE,"middle","left",FALSE,FALSE,TRUE,"middle","right",TRUE
"5962a5b29955ee00015bce98","Cereal",4,"Shovel",1,"Cable",1,"left",FALSE,"right",TRUE,12,FALSE,FALSE,TRUE,"right","middle",FALSE,FALSE,TRUE,"right","left",TRUE
"641384b3dffcf39ec42d3c23","Pudding",4,"Fly",2,"Hips",2,"left",FALSE,"left",TRUE,12,TRUE,FALSE,FALSE,"left","right",TRUE,FALSE,FALSE,"left","left",FALSE
"59692d61355b45000106c592","Ladder",1,"Bowl",1,"Stick",1,"right",FALSE,"right",TRUE,12,TRUE,FALSE,FALSE,"right","middle",TRUE,FALSE,FALSE,"right","right",FALSE
"5dd05d80b2204f1487f7812c","Feet",5,"Scooter",4,"Owl",4,"right",FALSE,"right",TRUE,12,TRUE,FALSE,FALSE,"right","middle",TRUE,FALSE,FALSE,"right","right",FALSE
"6321d9c78e8e3c04f82a0ea0","Iron",1,"Sticker",3,"Bathtub",3,"middle",FALSE,"right",TRUE,12,FALSE,FALSE,TRUE,"right","left",FALSE,FALSE,TRUE,"right","middle",FALSE
"632d189d6b8f03d0d3db4c48","Arm",3,"Bean",4,"Bell",4,"left",FALSE,"middle",TRUE,12,FALSE,FALSE,TRUE,"middle","right",FALSE,FALSE,TRUE,"middle","left",TRUE
"63b3377ca1ccdfc7cc567503","Pajamas",2,"Iron",3,"CD",3,"right",FALSE,"middle",FALSE,12,TRUE,FALSE,FALSE,"right","left",FALSE,FALSE,TRUE,"middle","right",TRUE
"6678813aec86d687a654dedb","Triangle",1,"Soda",4,"Bone",4,"right",FALSE,"right",TRUE,12,TRUE,FALSE,FALSE,"right","left",TRUE,FALSE,FALSE,"right","right",FALSE
"55cce6ea34e90600058d1e6d","Peas",1,"Jump rope",2,"Ostrich",2,"right",FALSE,"left",TRUE,12,FALSE,FALSE,TRUE,"left","middle",FALSE,FALSE,TRUE,"left","right",FALSE
"6658bba1a51a037d25bb677e","Blocks",4,"Leaf",1,"Pot",1,"middle",FALSE,"middle",FALSE,12,FALSE,FALSE,TRUE,"right","left",TRUE,FALSE,FALSE,"middle","middle",TRUE
"60f5df9db9380d875c320307","Soup",4,"Doughnut",5,"CD",5,"right",FALSE,"middle",TRUE,12,FALSE,FALSE,TRUE,"middle","left",FALSE,FALSE,TRUE,"middle","right",FALSE
"63d5b810f3dbbd11e7e65870","Bow",4,"Sand",4,"Bead",4,"right",FALSE,"right",TRUE,12,TRUE,FALSE,FALSE,"right","middle",TRUE,FALSE,FALSE,"right","right",FALSE
"66d1fdd400acfdbc181f41e0","Pancakes",2,"Wheel",3,"Wing",3,"left",FALSE,"middle",TRUE,12,FALSE,TRUE,FALSE,"middle","middle",FALSE,TRUE,FALSE,"middle","left",FALSE
"67b636c4ea38855cbb08ffe3","Scissors",2,"Plate",3,"Soap",3,"right",FALSE,"left",FALSE,12,FALSE,TRUE,FALSE,"middle","middle",FALSE,FALSE,TRUE,"left","right",FALSE
"5e1b795dc799223a3b447ada","Pencil",4,"Video Tape",5,"Triangle",5,"right",FALSE,"middle",TRUE,12,FALSE,FALSE,TRUE,"middle","left",FALSE,FALSE,TRUE,"middle","right",FALSE
"5c5cad3e4ee81200018eafe2","Chopsticks",5,"Bubbles",4,"Juice",4,"left",FALSE,"right",TRUE,12,FALSE,FALSE,TRUE,"right","middle",FALSE,FALSE,TRUE,"right","left",FALSE
"5bc5be2572df5f00014479f9","Carrots",1,"Tree",5,"Teddy Bear",5,"middle",FALSE,"left",TRUE,12,FALSE,TRUE,FALSE,"left","left",FALSE,TRUE,FALSE,"left","middle",FALSE
"5f8f436e4676a71879786b95","Spoon",2,"Pajamas",2,"Fries",2,"left",FALSE,"middle",FALSE,12,FALSE,TRUE,FALSE,"right","right",FALSE,FALSE,TRUE,"middle","left",FALSE
"669053bbebafdd430e770142","Princess",1,"Pan",1,"Mouth",1,"middle",FALSE,"right",FALSE,12,TRUE,FALSE,FALSE,"middle","left",FALSE,FALSE,TRUE,"right","middle",FALSE
"677419f93048c66d62d2bf87","Crown",1,"Leg",1,"Wing",1,"right",FALSE,"right",TRUE,12,TRUE,FALSE,FALSE,"right","middle",TRUE,FALSE,FALSE,"right","right",FALSE
"574aff1b5bef980007af2745","Popsicle",4,"Chips",3,"Arm",3,"right",FALSE,"left",FALSE,12,TRUE,FALSE,FALSE,"right","middle",FALSE,FALSE,TRUE,"left","right",FALSE
"58404fd8ad98e40001ce915f","Rain",4,"CD",4,"Spaghetti",4,"right",FALSE,"right",TRUE,12,TRUE,FALSE,FALSE,"right","left",TRUE,FALSE,FALSE,"right","right",FALSE
"5de8887aa2db898017debf1a","Candle",5,"Socks",3,"Shirt",3,"left",FALSE,"left",TRUE,12,TRUE,FALSE,FALSE,"left","right",TRUE,FALSE,FALSE,"left","left",FALSE
"59d949cf8fd07a000184247e","Spider",2,"Butterfly",5,"Ostrich",5,"right",FALSE,"right",TRUE,12,TRUE,FALSE,FALSE,"right","middle",TRUE,FALSE,FALSE,"right","right",FALSE
"662945728093113a43ab8077","Gorilla",1,"Puppets",5,"Paper",5,"middle",FALSE,"middle",TRUE,12,TRUE,FALSE,FALSE,"middle","left",TRUE,FALSE,FALSE,"middle","middle",TRUE
"676058418c08c71e4bb7cbd1","Cereal",2,"Pancakes",1,"Glasses",1,"right",FALSE,"left",TRUE,12,FALSE,FALSE,TRUE,"left","middle",FALSE,FALSE,TRUE,"left","right",TRUE
"6643d22289210a4edf21e84d","Lion",3,"Bee",5,"Tiger",5,"right",FALSE,"right",TRUE,12,TRUE,FALSE,FALSE,"right","middle",TRUE,FALSE,FALSE,"right","right",FALSE
"58954e2dc88c680001dd4b7e","Hat",3,"Candle",3,"Duck",3,"left",FALSE,"middle",TRUE,12,FALSE,TRUE,FALSE,"middle","middle",FALSE,TRUE,FALSE,"middle","left",TRUE
"5b757a03976ecb0001b1168f","Refrigerator",4,"Soda",4,"Bee",4,"right",FALSE,"middle",FALSE,12,FALSE,FALSE,TRUE,"left","middle",FALSE,TRUE,FALSE,"middle","right",FALSE
"681b781064a5701a5ceee3bc","Dinosaur",4,"Hoop",3,"Toy",3,"left",FALSE,"left",TRUE,12,TRUE,FALSE,FALSE,"left","middle",TRUE,FALSE,FALSE,"left","left",TRUE
"6716c6700f376dc7f534af9d","Flashlight",1,"Jump rope",1,"Rabbit",1,"right",FALSE,"right",TRUE,12,TRUE,FALSE,FALSE,"right","middle",TRUE,FALSE,FALSE,"right","right",FALSE
"671a3ac3dada5efe6d439698","Clown",5,"Circle",3,"Spiderweb",3,"right",FALSE,"left",FALSE,12,TRUE,FALSE,FALSE,"right","middle",FALSE,FALSE,TRUE,"left","right",FALSE
"676b89007874c8eace113276","Oranges",1,"Lizard",4,"String",4,"left",TRUE,"left",TRUE,12,TRUE,FALSE,FALSE,"left","middle",TRUE,FALSE,FALSE,"left","left",FALSE
"6825af939111d286546fdde6","Pool",3,"Shoulders",3,"Iron",3,"middle",FALSE,"middle",FALSE,12,FALSE,TRUE,FALSE,"right","right",TRUE,FALSE,FALSE,"middle","middle",FALSE
"67164c92298409e37c670b3d","Hamburger",4,"Pear",1,"Cable",1,"middle",TRUE,"middle",FALSE,12,FALSE,TRUE,FALSE,"left","left",TRUE,FALSE,FALSE,"middle","middle",FALSE
"682b3f63d0e2c4eff64fe664","Toilet",4,"Pizza",4,"Net",4,"middle",FALSE,"middle",TRUE,12,TRUE,FALSE,FALSE,"middle","left",TRUE,FALSE,FALSE,"middle","middle",TRUE
"5d3695969749cc00165c222f","Box",5,"Owl",5,"Flower",5,"left",FALSE,"left",FALSE,12,FALSE,FALSE,TRUE,"middle","right",TRUE,FALSE,FALSE,"left","left",TRUE
"664521e03117b782ed4fff45","Underwear",1,"Feet",1,"Airplane",1,"right",FALSE,"right",TRUE,12,TRUE,FALSE,FALSE,"right","left",TRUE,FALSE,FALSE,"right","right",FALSE
"5f0db498f5e4e102c0f65b67","Bat",3,"Tree",2,"Sweater",2,"middle",FALSE,"left",TRUE,8,FALSE,TRUE,FALSE,"left","left",FALSE,TRUE,FALSE,"left","middle",FALSE
"6773dea609f77d473900997a","Phone",2,"Socks",4,"Soda",4,"left",FALSE,"left",FALSE,12,FALSE,FALSE,TRUE,"right","middle",TRUE,FALSE,FALSE,"left","left",TRUE
"637fcee60a8378c1c3a65898","Rock",4,"Bug",2,"Peas",2,"right",FALSE,"right",TRUE,12,TRUE,FALSE,FALSE,"right","middle",TRUE,FALSE,FALSE,"right","right",FALSE
"63f77a5dde1ea03305e119e0","Tie",2,"Dress",5,"Rice",5,"middle",FALSE,"middle",FALSE,12,FALSE,FALSE,TRUE,"left","right",TRUE,FALSE,FALSE,"middle","middle",FALSE
"5fbf90f025a567296d943c7e","Sofa",4,"Truck",2,"Flower",2,"left",FALSE,"left",FALSE,12,FALSE,FALSE,TRUE,"right","middle",TRUE,FALSE,FALSE,"left","left",FALSE
"636d6ce3fb3683ff33f9e514","Bear",4,"Candy",1,"Fork",1,"right",FALSE,"right",FALSE,12,FALSE,FALSE,TRUE,"left","middle",TRUE,FALSE,FALSE,"right","right",FALSE
"5af2a03697a14300017d2ba4","Sweater",5,"Boat",5,"Bow",5,"right",FALSE,"middle",FALSE,12,FALSE,FALSE,TRUE,"left","middle",FALSE,TRUE,FALSE,"middle","right",FALSE
"60e3a25e8be835f754795d93","Soap",5,"Hips",2,"Spaghetti",2,"right",FALSE,"right",TRUE,12,TRUE,FALSE,FALSE,"right","left",TRUE,FALSE,FALSE,"right","right",TRUE
"66b5172c8f0bd3b23ce66c22","Paper",4,"Jacket",3,"Pencil",3,"left",FALSE,"right",FALSE,13,TRUE,FALSE,FALSE,"left","right",FALSE,TRUE,FALSE,"right","left",FALSE
"5ba60abd9629a90001b36fdc","Mirror",1,"Coloring Book",4,"Taco",4,"right",FALSE,"middle",TRUE,13,FALSE,FALSE,TRUE,"middle","left",FALSE,FALSE,TRUE,"middle","right",FALSE
"65dc99d0191a135ab835bf69","String",2,"Tractor",3,"Hat",3,"left",FALSE,"middle",TRUE,13,FALSE,FALSE,TRUE,"middle","right",FALSE,FALSE,TRUE,"middle","left",FALSE
"60fe7bf61c7567f5cca9ade6","Heart",2,"Ladder",3,"Swimsuit",3,"left",FALSE,"left",FALSE,13,FALSE,TRUE,FALSE,"right","right",TRUE,FALSE,FALSE,"left","left",TRUE
"5c9d88bb2b3c77001744ec1c","Chalk",3,"Bat",1,"Motorcycle",1,"left",FALSE,"left",TRUE,13,TRUE,FALSE,FALSE,"left","middle",TRUE,FALSE,FALSE,"left","left",FALSE
"5e283f576dbb560114ac7714","Owl",4,"Shoulders",2,"Jacket",2,"right",FALSE,"right",TRUE,13,TRUE,FALSE,FALSE,"right","left",TRUE,FALSE,FALSE,"right","right",FALSE
"62e02b1ed5b0fbc1b1dc09e7","Wheel",2,"Juice",2,"Movie",2,"left",FALSE,"middle",TRUE,13,FALSE,FALSE,TRUE,"middle","right",FALSE,FALSE,TRUE,"middle","left",FALSE
"5ecf9b46617a9b3dd56b3fe3","Gorilla",2,"Teapot",3,"Water",3,"middle",FALSE,"middle",FALSE,13,FALSE,FALSE,TRUE,"left","right",TRUE,FALSE,FALSE,"middle","middle",TRUE
"590b3401182caf0001ab5801","Computer",1,"Flower",1,"Bottle",1,"right",FALSE,"middle",TRUE,13,FALSE,FALSE,TRUE,"middle","left",FALSE,FALSE,TRUE,"middle","right",FALSE
"65c11389b0d2ba8e63cb8b22","Zebra",1,"Pool",3,"Sheep",3,"right",FALSE,"right",TRUE,13,TRUE,FALSE,FALSE,"right","left",TRUE,FALSE,FALSE,"right","right",FALSE
"5d15160539eeea001683830c","Dinosaur",4,"Helicopter",3,"Fork",3,"middle",FALSE,"left",TRUE,13,FALSE,TRUE,FALSE,"left","left",FALSE,TRUE,FALSE,"left","middle",FALSE
"6620b6a209127dafd5b2dfb9","Juice",5,"Octopus",4,"Fire truck",4,"left",FALSE,"middle",FALSE,13,TRUE,FALSE,FALSE,"left","middle",FALSE,TRUE,FALSE,"middle","left",FALSE
"56c65a5a305eaa0005f2a634","Chair",3,"Belt",1,"Stairs",1,"right",FALSE,"left",FALSE,13,FALSE,TRUE,FALSE,"middle","middle",FALSE,FALSE,TRUE,"left","right",FALSE
"59fb1518b47dfc0001b6659b","Soup",4,"Bread",1,"Fence",1,"right",FALSE,"middle",TRUE,13,FALSE,TRUE,FALSE,"middle","middle",FALSE,TRUE,FALSE,"middle","right",FALSE
"602c0fc2eff74b4748e9b41e","Ankle",1,"Pretzel",2,"Envelope",2,"middle",FALSE,"middle",TRUE,13,TRUE,FALSE,FALSE,"middle","left",TRUE,FALSE,FALSE,"middle","middle",FALSE
"5bcc98d1db645700015222b5","Pizza",3,"Sand",2,"Pants",2,"left",FALSE,"left",TRUE,13,TRUE,FALSE,FALSE,"left","right",TRUE,FALSE,FALSE,"left","left",FALSE
"6773e6e6b205d22a2e097735","Teapot",3,"Head",2,"Fence",2,"right",FALSE,"left",TRUE,13,FALSE,TRUE,FALSE,"left","left",FALSE,TRUE,FALSE,"left","right",FALSE
"67505c42a18c872bab88ed42","Battery",1,"Ostrich",1,"Lizard",1,"right",FALSE,"right",FALSE,13,FALSE,FALSE,TRUE,"middle","left",TRUE,FALSE,FALSE,"right","right",FALSE
"62a1e021702679d27813a3e2","Rabbit",3,"Cereal",3,"Clock",3,"right",FALSE,"middle",TRUE,13,FALSE,FALSE,TRUE,"middle","left",FALSE,FALSE,TRUE,"middle","right",FALSE
"639f294882a3797f77a3dd81","Zipper",1,"Yogurt",3,"Carrots",3,"middle",FALSE,"right",TRUE,13,FALSE,FALSE,TRUE,"right","left",FALSE,FALSE,TRUE,"right","middle",FALSE
"654bc148c95bca00d541ec33","Teddy Bear",2,"Pants",2,"Plate",2,"right",FALSE,"right",TRUE,13,TRUE,FALSE,FALSE,"right","left",TRUE,FALSE,FALSE,"right","right",TRUE
"5d23460ad4c57900192b129c","Bird",5,"Bagel",5,"Diaper",5,"right",FALSE,"middle",FALSE,13,TRUE,FALSE,FALSE,"right","left",FALSE,FALSE,TRUE,"middle","right",FALSE
"67673cda94b4d0cf1a6a7382","Bridge",5,"Necklace",2,"String",2,"right",FALSE,"middle",TRUE,13,FALSE,TRUE,FALSE,"middle","middle",FALSE,TRUE,FALSE,"middle","right",FALSE
"5c4f5967aac8be0001716a65","Bracelet",4,"Nest",5,"Hammer",5,"right",FALSE,"middle",FALSE,13,FALSE,TRUE,FALSE,"left","left",FALSE,FALSE,TRUE,"middle","right",FALSE
"67758c9a30d6819221153393","Butter",4,"Pen",3,"Pajamas",3,"left",FALSE,"left",TRUE,13,TRUE,FALSE,FALSE,"left","right",TRUE,FALSE,FALSE,"left","left",FALSE
"66b37344796f45313433abc8","Candle",1,"Fire truck",4,"Rain",4,"left",FALSE,"right",FALSE,13,FALSE,TRUE,FALSE,"middle","middle",FALSE,FALSE,TRUE,"right","left",FALSE
"632096b5574155e8727c50cc","Washcloth",4,"Stick",1,"Fire",1,"left",FALSE,"right",FALSE,13,TRUE,FALSE,FALSE,"left","right",FALSE,TRUE,FALSE,"right","left",FALSE
"66dcc0e54f44ccecf2730c76","Hoop",5,"Ice Cream",3,"Helicopter",3,"right",FALSE,"left",FALSE,13,FALSE,FALSE,TRUE,"middle","left",FALSE,TRUE,FALSE,"left","right",TRUE
"60fac7ec133b6bf250d6d668","Battery",3,"Sandwich",1,"Balloons",1,"left",FALSE,"left",TRUE,13,TRUE,FALSE,FALSE,"left","right",TRUE,FALSE,FALSE,"left","left",FALSE
"5e459f61418f610891628564","Shoes",1,"Kangaroo",4,"Stove",4,"left",FALSE,"middle",TRUE,13,FALSE,FALSE,TRUE,"middle","right",FALSE,FALSE,TRUE,"middle","left",FALSE
"5e89ec793c01b3685a00bb12","Flower",2,"Bread",2,"Dress",2,"right",FALSE,"right",TRUE,13,TRUE,FALSE,FALSE,"right","left",TRUE,FALSE,FALSE,"right","right",FALSE
"631d197eba06364cbea7fab2","Arm",3,"Teapot",4,"Rock",4,"left",FALSE,"left",TRUE,13,TRUE,FALSE,FALSE,"left","middle",TRUE,FALSE,FALSE,"left","left",TRUE
"61656042f505fd7fa53e8628","Princess",2,"Napkin",3,"Shovel",3,"middle",FALSE,"middle",TRUE,9,TRUE,FALSE,FALSE,"middle","left",TRUE,FALSE,FALSE,"middle","middle",FALSE
"66fd3f6c93c24ecc119be354","Waffle",4,"Sandwich",4,"Shampoo",4,"middle",FALSE,"right",FALSE,13,FALSE,TRUE,FALSE,"left","left",FALSE,FALSE,TRUE,"right","middle",TRUE
"5af1a4bc6e136b0001411714","Chopsticks",5,"Bead",1,"Underwear",1,"right",FALSE,"left",TRUE,13,FALSE,FALSE,TRUE,"left","middle",FALSE,FALSE,TRUE,"left","right",FALSE
"60ed501279c68ea1a313d0aa","Movie",3,"Camera",4,"Pajamas",4,"left",FALSE,"right",FALSE,13,FALSE,FALSE,TRUE,"middle","right",FALSE,TRUE,FALSE,"right","left",FALSE
"5bf2f728bd9f150001f6cc42","Curtain",5,"Sunglasses",4,"Tissue",4,"left",FALSE,"middle",FALSE,13,TRUE,FALSE,FALSE,"left","middle",FALSE,TRUE,FALSE,"middle","left",FALSE
"59a734ce0c87a000017481ed","Flower",3,"Knee",2,"Bird",2,"middle",FALSE,"left",FALSE,13,FALSE,TRUE,FALSE,"right","right",FALSE,FALSE,TRUE,"left","middle",FALSE
"615e420a23219efe3427a367","Napkin",2,"Bear",1,"Cereal",1,"left",FALSE,"left",TRUE,13,TRUE,FALSE,FALSE,"left","right",TRUE,FALSE,FALSE,"left","left",FALSE
"66b244a2f436437d3e109bbe","Cat",4,"Triangle",1,"Boat",1,"middle",FALSE,"middle",FALSE,13,FALSE,TRUE,FALSE,"right","right",TRUE,FALSE,FALSE,"middle","middle",TRUE
"5f1b05a8703c380d1393bb27","Spaghetti",4,"Bone",3,"Swing",3,"middle",FALSE,"left",TRUE,13,FALSE,FALSE,TRUE,"left","right",FALSE,FALSE,TRUE,"left","middle",FALSE
"6684497541f835bd67a199b2","Fingers",5,"Swing",3,"Pie",3,"right",FALSE,"right",FALSE,13,FALSE,FALSE,TRUE,"middle","left",TRUE,FALSE,FALSE,"right","right",FALSE
"5eeddefa177a7322144cbc5e","Comb",2,"Bowl",3,"Coloring Book",3,"left",FALSE,"right",TRUE,13,FALSE,FALSE,TRUE,"right","middle",FALSE,FALSE,TRUE,"right","left",FALSE
"63ee9abfa262bea95766dd9c","Puppets",5,"Hair",1,"Elephant",1,"right",FALSE,"right",FALSE,13,FALSE,FALSE,TRUE,"middle","left",TRUE,FALSE,FALSE,"right","right",TRUE
"66cfab152c56aa0472529001","Broom",5,"Clown",3,"Hands",3,"left",FALSE,"right",TRUE,13,FALSE,FALSE,TRUE,"right","middle",FALSE,FALSE,TRUE,"right","left",TRUE
"6571fd9d691befe21fa61d18","Kangaroo",1,"Envelope",3,"Bone",3,"right",FALSE,"right",TRUE,13,TRUE,FALSE,FALSE,"right","left",TRUE,FALSE,FALSE,"right","right",FALSE
"66312361cf5d4099e1330532","Pear",4,"Nose",2,"Hoop",2,"left",TRUE,"left",TRUE,13,TRUE,FALSE,FALSE,"left","right",TRUE,FALSE,FALSE,"left","left",FALSE
"6722ea20fb84b196f0a649b6","Coloring Book",1,"Grass",4,"Fire",4,"middle",FALSE,"middle",FALSE,13,FALSE,TRUE,FALSE,"left","left",TRUE,FALSE,FALSE,"middle","middle",FALSE
"5ddce9f0f85b50c4fc1515a4","Fries",5,"Bug",2,"Bubbles",2,"left",FALSE,"left",TRUE,13,TRUE,FALSE,FALSE,"left","right",TRUE,FALSE,FALSE,"left","left",FALSE
"5c3bdbf548ad2900017fac31","Magazine",2,"Phone",4,"Wheel",4,"right",FALSE,"right",TRUE,13,TRUE,FALSE,FALSE,"right","middle",TRUE,FALSE,FALSE,"right","right",FALSE
"6844a1b95271dfc560af4709","Cookies",3,"Sandwich",1,"Giraffe",1,"right",FALSE,"middle",TRUE,13,FALSE,FALSE,TRUE,"middle","left",FALSE,FALSE,TRUE,"middle","right",FALSE
"5e121701dc79bd8a1a22ca99","Bead",3,"Ghost",2,"Leaf",2,"middle",FALSE,"right",TRUE,9,FALSE,FALSE,TRUE,"right","left",FALSE,FALSE,TRUE,"right","middle",FALSE
"616ef680ab8ca318a227f5ec","Knee",1,"Pants",2,"Spoon",2,"right",FALSE,"right",FALSE,13,FALSE,TRUE,FALSE,"middle","middle",TRUE,FALSE,FALSE,"right","right",FALSE
"66d9cd06e207a93377f7820e","Jump rope",2,"Frog",2,"Blocks",2,"right",FALSE,"left",TRUE,13,FALSE,TRUE,FALSE,"left","left",FALSE,TRUE,FALSE,"left","right",TRUE
"5962a5b29955ee00015bce98","Pancakes",2,"Horse",4,"Bear",4,"right",FALSE,"right",FALSE,13,FALSE,FALSE,TRUE,"left","middle",TRUE,FALSE,FALSE,"right","right",TRUE
"641384b3dffcf39ec42d3c23","Fries",3,"Sandwich",2,"Glue",2,"left",FALSE,"left",FALSE,13,FALSE,TRUE,FALSE,"right","right",TRUE,FALSE,FALSE,"left","left",FALSE
"59692d61355b45000106c592","Wheel",2,"Slide",3,"Spiderweb",3,"right",FALSE,"left",FALSE,13,FALSE,TRUE,FALSE,"middle","middle",FALSE,FALSE,TRUE,"left","right",FALSE
"5dd05d80b2204f1487f7812c","Spider",5,"Battery",1,"Pen",1,"left",FALSE,"left",TRUE,13,TRUE,FALSE,FALSE,"left","middle",TRUE,FALSE,FALSE,"left","left",FALSE
"6321d9c78e8e3c04f82a0ea0","Water",4,"Bean",5,"Radio",5,"right",FALSE,"middle",TRUE,13,FALSE,FALSE,TRUE,"middle","left",FALSE,FALSE,TRUE,"middle","right",FALSE
"632d189d6b8f03d0d3db4c48","Play dough",3,"Glue",5,"Ghost",5,"middle",FALSE,"middle",TRUE,13,TRUE,FALSE,FALSE,"middle","right",TRUE,FALSE,FALSE,"middle","middle",TRUE
"63b3377ca1ccdfc7cc567503","Hammer",3,"Pirate",2,"Apples",2,"right",TRUE,"right",TRUE,13,TRUE,FALSE,FALSE,"right","left",TRUE,FALSE,FALSE,"right","right",TRUE
"6678813aec86d687a654dedb","Purse",5,"Eggs",3,"Fries",3,"middle",FALSE,"left",TRUE,13,FALSE,TRUE,FALSE,"left","left",FALSE,TRUE,FALSE,"left","middle",FALSE
"55cce6ea34e90600058d1e6d","Bug",4,"Crown",4,"Fire truck",4,"right",FALSE,"middle",TRUE,13,FALSE,TRUE,FALSE,"middle","middle",FALSE,TRUE,FALSE,"middle","right",FALSE
"6658bba1a51a037d25bb677e","Lamp",5,"Tree",2,"Tricycle",2,"middle",FALSE,"middle",TRUE,13,TRUE,FALSE,FALSE,"middle","left",TRUE,FALSE,FALSE,"middle","middle",TRUE
"60f5df9db9380d875c320307","Shovel",3,"Net",3,"Fire truck",3,"middle",FALSE,"right",TRUE,13,FALSE,FALSE,TRUE,"right","left",FALSE,FALSE,TRUE,"right","middle",FALSE
"63d5b810f3dbbd11e7e65870","Bug",3,"Moon",5,"Blanket",5,"left",FALSE,"middle",TRUE,13,FALSE,TRUE,FALSE,"middle","middle",FALSE,TRUE,FALSE,"middle","left",FALSE
"66d1fdd400acfdbc181f41e0","Bridge",4,"Pool",4,"Towels",4,"left",FALSE,"middle",FALSE,13,FALSE,FALSE,TRUE,"right","middle",FALSE,TRUE,FALSE,"middle","left",FALSE
"67b636c4ea38855cbb08ffe3","Ankle",2,"Fence",4,"Rock",4,"left",FALSE,"left",FALSE,13,FALSE,TRUE,FALSE,"middle","middle",TRUE,FALSE,FALSE,"left","left",FALSE
"5e1b795dc799223a3b447ada","Elbow",1,"Blanket",2,"Napkin",2,"right",FALSE,"right",TRUE,13,TRUE,FALSE,FALSE,"right","left",TRUE,FALSE,FALSE,"right","right",FALSE
"5c5cad3e4ee81200018eafe2","Sticker",3,"Bottle",1,"Bat",1,"right",FALSE,"left",TRUE,13,FALSE,FALSE,TRUE,"left","middle",FALSE,FALSE,TRUE,"left","right",FALSE
"5bc5be2572df5f00014479f9","Paper",5,"Feet",3,"Tie",3,"right",FALSE,"middle",FALSE,13,FALSE,TRUE,FALSE,"left","left",FALSE,FALSE,TRUE,"middle","right",FALSE
"5f8f436e4676a71879786b95","Pudding",2,"Horse",2,"Cupcake",2,"left",FALSE,"right",FALSE,13,TRUE,FALSE,FALSE,"left","right",FALSE,TRUE,FALSE,"right","left",FALSE
"669053bbebafdd430e770142","Teddy Bear",3,"Bracelet",1,"Umbrella",1,"right",FALSE,"right",TRUE,13,TRUE,FALSE,FALSE,"right","left",TRUE,FALSE,FALSE,"right","right",FALSE
"677419f93048c66d62d2bf87","Giraffe",5,"Bubbles",2,"Pig",2,"left",FALSE,"left",TRUE,13,TRUE,FALSE,FALSE,"left","middle",TRUE,FALSE,FALSE,"left","left",FALSE
"574aff1b5bef980007af2745","Wing",4,"Knee",2,"Sand",2,"right",FALSE,"middle",TRUE,13,FALSE,TRUE,FALSE,"middle","middle",FALSE,TRUE,FALSE,"middle","right",FALSE
"58404fd8ad98e40001ce915f","Flashlight",4,"Fingernail",3,"Popcorn",3,"middle",FALSE,"right",TRUE,13,FALSE,FALSE,TRUE,"right","left",FALSE,FALSE,TRUE,"right","middle",FALSE
"5de8887aa2db898017debf1a","Kangaroo",1,"Rain",2,"Wagon",2,"middle",FALSE,"right",TRUE,13,FALSE,TRUE,FALSE,"right","right",FALSE,TRUE,FALSE,"right","middle",FALSE
"59d949cf8fd07a000184247e","Hammer",3,"Stool",5,"Shampoo",5,"right",FALSE,"middle",TRUE,13,FALSE,TRUE,FALSE,"middle","middle",FALSE,TRUE,FALSE,"middle","right",FALSE
"662945728093113a43ab8077","Ankle",4,"Bottle",3,"Chopsticks",3,"right",FALSE,"right",FALSE,13,FALSE,TRUE,FALSE,"left","left",TRUE,FALSE,FALSE,"right","right",TRUE
"676058418c08c71e4bb7cbd1","Boat",4,"Whistle",5,"Mountain",5,"right",FALSE,"middle",TRUE,13,FALSE,TRUE,FALSE,"middle","middle",FALSE,TRUE,FALSE,"middle","right",TRUE
"6643d22289210a4edf21e84d","Earring",2,"Water",2,"Carrots",2,"right",FALSE,"right",TRUE,13,TRUE,FALSE,FALSE,"right","middle",TRUE,FALSE,FALSE,"right","right",FALSE
"58954e2dc88c680001dd4b7e","Snake",5,"Keys",4,"Fire",4,"right",FALSE,"middle",TRUE,13,FALSE,TRUE,FALSE,"middle","middle",FALSE,TRUE,FALSE,"middle","right",TRUE
"5b757a03976ecb0001b1168f","Cookies",5,"Ghost",5,"Cup",5,"right",FALSE,"left",FALSE,13,FALSE,TRUE,FALSE,"middle","middle",FALSE,FALSE,TRUE,"left","right",FALSE
"681b781064a5701a5ceee3bc","Comb",3,"Balloons",3,"Lion",3,"right",FALSE,"middle",TRUE,13,FALSE,TRUE,FALSE,"middle","middle",FALSE,TRUE,FALSE,"middle","right",TRUE
"6716c6700f376dc7f534af9d","Train",2,"Sunglasses",5,"Truck",5,"right",FALSE,"left",FALSE,13,FALSE,TRUE,FALSE,"middle","middle",FALSE,FALSE,TRUE,"left","right",FALSE
"671a3ac3dada5efe6d439698","Bathtub",3,"Rabbit",3,"Crown",3,"right",FALSE,"middle",TRUE,13,FALSE,TRUE,FALSE,"middle","middle",FALSE,TRUE,FALSE,"middle","right",FALSE
"676b89007874c8eace113276","Suitcase",2,"Carrots",1,"Bug",1,"left",FALSE,"right",TRUE,13,FALSE,FALSE,TRUE,"right","middle",FALSE,FALSE,TRUE,"right","left",FALSE
"6825af939111d286546fdde6","Pizza",1,"Nose",2,"Bug",2,"middle",FALSE,"left",FALSE,13,TRUE,FALSE,FALSE,"middle","right",FALSE,FALSE,TRUE,"left","middle",FALSE
"67164c92298409e37c670b3d","Peas",3,"Pants",4,"Bed",4,"right",FALSE,"middle",FALSE,13,FALSE,TRUE,FALSE,"left","left",FALSE,FALSE,TRUE,"middle","right",FALSE
"682b3f63d0e2c4eff64fe664","Hands",2,"Broom",2,"Owl",2,"middle",FALSE,"middle",TRUE,13,TRUE,FALSE,FALSE,"middle","left",TRUE,FALSE,FALSE,"middle","middle",TRUE
"5d3695969749cc00165c222f","Puzzles",3,"Cereal",1,"Rice",1,"left",FALSE,"right",TRUE,13,FALSE,TRUE,FALSE,"right","right",FALSE,TRUE,FALSE,"right","left",TRUE
"664521e03117b782ed4fff45","Crown",1,"Cable",5,"Car",5,"middle",FALSE,"middle",FALSE,13,FALSE,TRUE,FALSE,"left","left",TRUE,FALSE,FALSE,"middle","middle",FALSE
"5f0db498f5e4e102c0f65b67","Zebra",5,"Notebook",5,"Cherry",5,"right",TRUE,"middle",FALSE,9,TRUE,FALSE,FALSE,"right","left",FALSE,FALSE,TRUE,"middle","right",FALSE
"6773dea609f77d473900997a","Pizza",3,"Bird",4,"Pancakes",4,"right",FALSE,"left",TRUE,13,FALSE,FALSE,TRUE,"left","middle",FALSE,FALSE,TRUE,"left","right",TRUE
"637fcee60a8378c1c3a65898","Puppets",4,"Sink",3,"Bowl",3,"right",FALSE,"left",TRUE,13,FALSE,FALSE,TRUE,"left","middle",FALSE,FALSE,TRUE,"left","right",FALSE
"63f77a5dde1ea03305e119e0","Umbrella",1,"Feet",3,"Keys",3,"left",FALSE,"left",FALSE,13,FALSE,TRUE,FALSE,"right","right",TRUE,FALSE,FALSE,"left","left",FALSE
"5fbf90f025a567296d943c7e","Pirate",2,"Fire",4,"Computer",4,"left",FALSE,"middle",TRUE,13,FALSE,TRUE,FALSE,"middle","middle",FALSE,TRUE,FALSE,"middle","left",FALSE
"636d6ce3fb3683ff33f9e514","Barn",5,"Hands",2,"Water",2,"left",FALSE,"left",TRUE,13,TRUE,FALSE,FALSE,"left","middle",TRUE,FALSE,FALSE,"left","left",FALSE
"5af2a03697a14300017d2ba4","Washcloth",4,"Spoon",5,"Books",5,"right",FALSE,"middle",TRUE,13,FALSE,TRUE,FALSE,"middle","middle",FALSE,TRUE,FALSE,"middle","right",FALSE
"60e3a25e8be835f754795d93","Bridge",3,"Bottle",5,"Phone",5,"middle",FALSE,"middle",TRUE,13,TRUE,FALSE,FALSE,"middle","left",TRUE,FALSE,FALSE,"middle","middle",TRUE
"66b5172c8f0bd3b23ce66c22","Bagel",2,"Crown",5,"Snow",5,"left",FALSE,"left",TRUE,14,TRUE,FALSE,FALSE,"left","right",TRUE,FALSE,FALSE,"left","left",FALSE
"5ba60abd9629a90001b36fdc","Marker",4,"Tree",3,"Motorcycle",3,"right",FALSE,"right",TRUE,14,TRUE,FALSE,FALSE,"right","left",TRUE,FALSE,FALSE,"right","right",FALSE
"65dc99d0191a135ab835bf69","Whistle",5,"Ladder",1,"Head",1,"middle",FALSE,"left",TRUE,14,FALSE,FALSE,TRUE,"left","right",FALSE,FALSE,TRUE,"left","middle",FALSE
"60fe7bf61c7567f5cca9ade6","Blanket",4,"Water",2,"Box",2,"middle",FALSE,"left",TRUE,14,FALSE,FALSE,TRUE,"left","right",FALSE,FALSE,TRUE,"left","middle",TRUE
"5c9d88bb2b3c77001744ec1c","Battery",5,"Crown",5,"Cereal",5,"left",FALSE,"middle",TRUE,14,FALSE,TRUE,FALSE,"middle","middle",FALSE,TRUE,FALSE,"middle","left",FALSE
"5e283f576dbb560114ac7714","Bead",4,"Cupcake",5,"Ankle",5,"right",FALSE,"left",TRUE,14,FALSE,TRUE,FALSE,"left","left",FALSE,TRUE,FALSE,"left","right",FALSE
"62e02b1ed5b0fbc1b1dc09e7","Bracelet",3,"Scissors",3,"Peas",3,"middle",FALSE,"right",FALSE,14,TRUE,FALSE,FALSE,"middle","right",FALSE,TRUE,FALSE,"right","middle",FALSE
"5ecf9b46617a9b3dd56b3fe3","Bat",2,"Dress",2,"Lunch",2,"middle",FALSE,"middle",TRUE,14,TRUE,FALSE,FALSE,"middle","right",TRUE,FALSE,FALSE,"middle","middle",TRUE
"590b3401182caf0001ab5801","Crayons",1,"Giraffe",5,"Tricycle",5,"middle",FALSE,"middle",FALSE,14,FALSE,FALSE,TRUE,"right","left",TRUE,FALSE,FALSE,"middle","middle",FALSE
"65c11389b0d2ba8e63cb8b22","Bird",2,"Milk",1,"Earring",1,"right",FALSE,"right",TRUE,14,TRUE,FALSE,FALSE,"right","left",TRUE,FALSE,FALSE,"right","right",FALSE
"5d15160539eeea001683830c","Newspaper",3,"Keys",5,"Stamps",5,"right",FALSE,"right",TRUE,14,TRUE,FALSE,FALSE,"right","left",TRUE,FALSE,FALSE,"right","right",FALSE
"6620b6a209127dafd5b2dfb9","Bird",3,"Stars",2,"Pirate",2,"right",FALSE,"right",TRUE,14,TRUE,FALSE,FALSE,"right","middle",TRUE,FALSE,FALSE,"right","right",FALSE
"56c65a5a305eaa0005f2a634","Table",4,"Hose",1,"Rain",1,"right",FALSE,"right",TRUE,14,TRUE,FALSE,FALSE,"right","middle",TRUE,FALSE,FALSE,"right","right",FALSE
"59fb1518b47dfc0001b6659b","Potatoes",5,"Ostrich",5,"Cake",5,"right",FALSE,"middle",TRUE,14,FALSE,TRUE,FALSE,"middle","middle",FALSE,TRUE,FALSE,"middle","right",FALSE
"602c0fc2eff74b4748e9b41e","CD",2,"Lamp",2,"Dresser",2,"middle",FALSE,"left",FALSE,14,TRUE,FALSE,FALSE,"middle","left",FALSE,TRUE,FALSE,"left","middle",FALSE
"5bcc98d1db645700015222b5","Pretzel",3,"Hat",4,"Chopsticks",4,"left",FALSE,"middle",TRUE,14,FALSE,FALSE,TRUE,"middle","right",FALSE,FALSE,TRUE,"middle","left",FALSE
"6773e6e6b205d22a2e097735","Hair",1,"Pancakes",1,"Puppets",1,"right",FALSE,"right",FALSE,14,FALSE,FALSE,TRUE,"middle","left",TRUE,FALSE,FALSE,"right","right",FALSE
"67505c42a18c872bab88ed42","Monkey",1,"Phone",5,"Bike",5,"right",FALSE,"middle",TRUE,14,FALSE,FALSE,TRUE,"middle","left",FALSE,FALSE,TRUE,"middle","right",FALSE
"62a1e021702679d27813a3e2","Rain",2,"Shirt",2,"Cookies",2,"right",FALSE,"right",TRUE,14,TRUE,FALSE,FALSE,"right","left",TRUE,FALSE,FALSE,"right","right",FALSE
"639f294882a3797f77a3dd81","Diaper",3,"Button",5,"Straw",5,"middle",FALSE,"middle",TRUE,14,TRUE,FALSE,FALSE,"middle","left",TRUE,FALSE,FALSE,"middle","middle",FALSE
"654bc148c95bca00d541ec33","Shovel",2,"Coloring Book",3,"Teapot",3,"middle",FALSE,"middle",TRUE,14,TRUE,FALSE,FALSE,"middle","left",TRUE,FALSE,FALSE,"middle","middle",TRUE
"5d23460ad4c57900192b129c","Wing",3,"Princess",2,"Stove",2,"middle",FALSE,"right",TRUE,14,FALSE,FALSE,TRUE,"right","left",FALSE,FALSE,TRUE,"right","middle",FALSE
"67673cda94b4d0cf1a6a7382","Purse",4,"Owl",1,"Pirate",1,"right",FALSE,"right",TRUE,14,TRUE,FALSE,FALSE,"right","middle",TRUE,FALSE,FALSE,"right","right",FALSE
"5c4f5967aac8be0001716a65","Bus",2,"Fly",1,"Leg",1,"right",FALSE,"left",TRUE,14,FALSE,TRUE,FALSE,"left","left",FALSE,TRUE,FALSE,"left","right",FALSE
"67758c9a30d6819221153393","Wheel",2,"Pencil",5,"Pot",5,"middle",FALSE,"middle",TRUE,14,TRUE,FALSE,FALSE,"middle","right",TRUE,FALSE,FALSE,"middle","middle",FALSE
"66b37344796f45313433abc8","Teddy Bear",3,"Duck",5,"Spaghetti",5,"left",FALSE,"right",FALSE,14,TRUE,FALSE,FALSE,"left","middle",FALSE,FALSE,TRUE,"right","left",FALSE
"632096b5574155e8727c50cc","Books",2,"Video Tape",5,"Spider",5,"middle",FALSE,"middle",TRUE,14,TRUE,FALSE,FALSE,"middle","right",TRUE,FALSE,FALSE,"middle","middle",FALSE
"66dcc0e54f44ccecf2730c76","Heart",2,"Dolls",2,"Tiger",2,"right",FALSE,"right",TRUE,14,TRUE,FALSE,FALSE,"right","left",TRUE,FALSE,FALSE,"right","right",TRUE
"60fac7ec133b6bf250d6d668","Pear",3,"Stool",5,"Cup",5,"left",TRUE,"left",TRUE,14,TRUE,FALSE,FALSE,"left","right",TRUE,FALSE,FALSE,"left","left",FALSE
"5e459f61418f610891628564","Cup",5,"Square",5,"Paints",5,"middle",FALSE,"middle",FALSE,14,FALSE,FALSE,TRUE,"left","right",TRUE,FALSE,FALSE,"middle","middle",FALSE
"5e89ec793c01b3685a00bb12","Flashlight",4,"Hoop",1,"Sweater",1,"right",FALSE,"left",TRUE,14,FALSE,TRUE,FALSE,"left","left",FALSE,TRUE,FALSE,"left","right",FALSE
"631d197eba06364cbea7fab2","Watch",3,"Tree",1,"Puppets",1,"right",FALSE,"right",TRUE,14,TRUE,FALSE,FALSE,"right","middle",TRUE,FALSE,FALSE,"right","right",TRUE
"61656042f505fd7fa53e8628","Carrots",2,"Dinosaur",3,"Bead",3,"middle",FALSE,"middle",TRUE,10,TRUE,FALSE,FALSE,"middle","left",TRUE,FALSE,FALSE,"middle","middle",FALSE
"66fd3f6c93c24ecc119be354","Glasses",3,"Cloud",3,"Cookies",3,"middle",FALSE,"right",TRUE,14,FALSE,FALSE,TRUE,"right","left",FALSE,FALSE,TRUE,"right","middle",TRUE
"5af1a4bc6e136b0001411714","Ghost",2,"Rope",5,"Knife",5,"right",FALSE,"right",TRUE,14,TRUE,FALSE,FALSE,"right","middle",TRUE,FALSE,FALSE,"right","right",FALSE
"60ed501279c68ea1a313d0aa","Toothbrush",2,"Popcorn",1,"Shampoo",1,"middle",FALSE,"middle",FALSE,14,FALSE,TRUE,FALSE,"right","right",TRUE,FALSE,FALSE,"middle","middle",FALSE
"5bf2f728bd9f150001f6cc42","Teeth",3,"Envelope",3,"Sofa",3,"left",FALSE,"left",TRUE,14,TRUE,FALSE,FALSE,"left","middle",TRUE,FALSE,FALSE,"left","left",FALSE
"59a734ce0c87a000017481ed","Paints",1,"Skateboard",3,"Play dough",3,"left",FALSE,"right",FALSE,14,FALSE,FALSE,TRUE,"middle","right",FALSE,TRUE,FALSE,"right","left",FALSE
"615e420a23219efe3427a367","Microphone",1,"Circle",3,"Slide",3,"left",FALSE,"left",FALSE,14,FALSE,TRUE,FALSE,"right","right",TRUE,FALSE,FALSE,"left","left",FALSE
"66b244a2f436437d3e109bbe","Knee",5,"Sticker",4,"Bandaid",4,"left",FALSE,"right",TRUE,14,FALSE,TRUE,FALSE,"right","right",FALSE,TRUE,FALSE,"right","left",TRUE
"5f1b05a8703c380d1393bb27","Elbow",2,"Keys",1,"Shoes",1,"middle",FALSE,"middle",TRUE,14,TRUE,FALSE,FALSE,"middle","right",TRUE,FALSE,FALSE,"middle","middle",FALSE
"6684497541f835bd67a199b2","Owl",1,"Pillow",1,"Elephant",1,"right",FALSE,"right",TRUE,14,TRUE,FALSE,FALSE,"right","left",TRUE,FALSE,FALSE,"right","right",FALSE
"5eeddefa177a7322144cbc5e","Paints",4,"Shoes",1,"Straw",1,"left",FALSE,"right",TRUE,14,FALSE,FALSE,TRUE,"right","middle",FALSE,FALSE,TRUE,"right","left",FALSE
"63ee9abfa262bea95766dd9c","Bear",2,"Popsicle",4,"Ear",4,"right",FALSE,"right",TRUE,14,TRUE,FALSE,FALSE,"right","left",TRUE,FALSE,FALSE,"right","right",TRUE
"66cfab152c56aa0472529001","Towels",5,"Yogurt",3,"Fish",3,"left",FALSE,"left",TRUE,14,TRUE,FALSE,FALSE,"left","middle",TRUE,FALSE,FALSE,"left","left",TRUE
"6571fd9d691befe21fa61d18","Tape",3,"Rock",3,"Bean",3,"middle",FALSE,"right",TRUE,14,FALSE,FALSE,TRUE,"right","left",FALSE,FALSE,TRUE,"right","middle",FALSE
"66312361cf5d4099e1330532","Pancakes",5,"Sun",5,"Crown",5,"left",FALSE,"left",FALSE,14,FALSE,FALSE,TRUE,"middle","right",TRUE,FALSE,FALSE,"left","left",FALSE
"6722ea20fb84b196f0a649b6","Tissue",1,"Glasses",1,"Bottle",1,"right",FALSE,"right",FALSE,14,FALSE,FALSE,TRUE,"middle","left",TRUE,FALSE,FALSE,"right","right",FALSE
"5ddce9f0f85b50c4fc1515a4","Bananas",3,"Microphone",4,"Tie",4,"left",TRUE,"right",FALSE,14,FALSE,FALSE,TRUE,"middle","right",FALSE,TRUE,FALSE,"right","left",FALSE
"5c3bdbf548ad2900017fac31","Bug",4,"Whistle",1,"Bagel",1,"left",FALSE,"right",TRUE,14,FALSE,FALSE,TRUE,"right","middle",FALSE,FALSE,TRUE,"right","left",FALSE
"6844a1b95271dfc560af4709","Umbrella",2,"Bracelet",4,"Popsicle",4,"middle",FALSE,"right",FALSE,14,FALSE,TRUE,FALSE,"left","left",FALSE,FALSE,TRUE,"right","middle",FALSE
"5e121701dc79bd8a1a22ca99","Pillow",2,"Purse",1,"Cheese",1,"middle",FALSE,"left",FALSE,10,FALSE,FALSE,TRUE,"right","left",FALSE,TRUE,FALSE,"left","middle",FALSE
"616ef680ab8ca318a227f5ec","Baby",2,"Triangle",1,"Whistle",1,"left",FALSE,"left",TRUE,14,TRUE,FALSE,FALSE,"left","middle",TRUE,FALSE,FALSE,"left","left",FALSE
"66d9cd06e207a93377f7820e","Net",2,"Doughnut",2,"Notebook",2,"middle",FALSE,"right",TRUE,14,FALSE,FALSE,TRUE,"right","left",FALSE,FALSE,TRUE,"right","middle",TRUE
"5962a5b29955ee00015bce98","Baby",2,"Kangaroo",1,"Teeth",1,"left",FALSE,"left",TRUE,14,TRUE,FALSE,FALSE,"left","middle",TRUE,FALSE,FALSE,"left","left",TRUE
"641384b3dffcf39ec42d3c23","Paints",2,"Toes",4,"CD",4,"middle",FALSE,"left",FALSE,14,TRUE,FALSE,FALSE,"middle","right",FALSE,FALSE,TRUE,"left","middle",FALSE
"59692d61355b45000106c592","Bottle",3,"Brush",4,"Tongue",4,"left",FALSE,"right",TRUE,14,FALSE,FALSE,TRUE,"right","middle",FALSE,FALSE,TRUE,"right","left",FALSE
"5dd05d80b2204f1487f7812c","Belt",3,"Iron",1,"Bed",1,"right",FALSE,"left",FALSE,14,TRUE,FALSE,FALSE,"right","middle",FALSE,FALSE,TRUE,"left","right",FALSE
"6321d9c78e8e3c04f82a0ea0","Whistle",5,"Marker",4,"Sofa",4,"middle",FALSE,"left",FALSE,14,FALSE,FALSE,TRUE,"right","left",FALSE,TRUE,FALSE,"left","middle",FALSE
"632d189d6b8f03d0d3db4c48","Circle",4,"Tummy",4,"Snake",4,"left",FALSE,"left",TRUE,14,TRUE,FALSE,FALSE,"left","right",TRUE,FALSE,FALSE,"left","left",TRUE
"63b3377ca1ccdfc7cc567503","Skateboard",1,"Cat",3,"Cherry",3,"right",TRUE,"right",TRUE,14,TRUE,FALSE,FALSE,"right","left",TRUE,FALSE,FALSE,"right","right",TRUE
"6678813aec86d687a654dedb","Mouse",1,"Tree",1,"Chicken",1,"right",FALSE,"right",FALSE,14,FALSE,FALSE,TRUE,"middle","left",TRUE,FALSE,FALSE,"right","right",FALSE
"55cce6ea34e90600058d1e6d","Bubbles",5,"Necklace",1,"Bat",1,"right",FALSE,"middle",TRUE,14,FALSE,TRUE,FALSE,"middle","middle",FALSE,TRUE,FALSE,"middle","right",FALSE
"6658bba1a51a037d25bb677e","Cheese",1,"Hoop",3,"Train",3,"right",FALSE,"middle",TRUE,14,FALSE,FALSE,TRUE,"middle","left",FALSE,FALSE,TRUE,"middle","right",TRUE
"60f5df9db9380d875c320307","Eggs",3,"Bread",4,"Phone",4,"middle",FALSE,"middle",TRUE,14,TRUE,FALSE,FALSE,"middle","left",TRUE,FALSE,FALSE,"middle","middle",FALSE
"63d5b810f3dbbd11e7e65870","Vacuum",5,"Umbrella",3,"Meat",3,"left",FALSE,"right",TRUE,14,FALSE,FALSE,TRUE,"right","middle",FALSE,FALSE,TRUE,"right","left",FALSE
"66d1fdd400acfdbc181f41e0","Spiderweb",4,"Crayons",4,"Camera",4,"left",FALSE,"left",TRUE,14,TRUE,FALSE,FALSE,"left","middle",TRUE,FALSE,FALSE,"left","left",FALSE
"67b636c4ea38855cbb08ffe3","Ghost",4,"Spider",5,"Pancakes",5,"left",FALSE,"right",TRUE,14,FALSE,FALSE,TRUE,"right","middle",FALSE,FALSE,TRUE,"right","left",FALSE
"5e1b795dc799223a3b447ada","Queen",3,"Shoes",5,"Necklace",5,"right",FALSE,"right",FALSE,14,FALSE,FALSE,TRUE,"middle","left",TRUE,FALSE,FALSE,"right","right",FALSE
"5c5cad3e4ee81200018eafe2","Sandals",2,"Hoop",1,"Rabbit",1,"right",FALSE,"right",TRUE,14,TRUE,FALSE,FALSE,"right","middle",TRUE,FALSE,FALSE,"right","right",FALSE
"5bc5be2572df5f00014479f9","Glasses",5,"Shoulders",2,"Sofa",2,"right",FALSE,"middle",FALSE,14,FALSE,TRUE,FALSE,"left","left",FALSE,FALSE,TRUE,"middle","right",FALSE
"5f8f436e4676a71879786b95","Mountain",2,"Pillow",5,"Cheese",5,"middle",FALSE,"middle",FALSE,14,FALSE,TRUE,FALSE,"right","right",TRUE,FALSE,FALSE,"middle","middle",FALSE
"669053bbebafdd430e770142","Cat",2,"Slinky",1,"Hanger",1,"right",FALSE,"right",TRUE,14,TRUE,FALSE,FALSE,"right","left",TRUE,FALSE,FALSE,"right","right",FALSE
"677419f93048c66d62d2bf87","Knife",1,"Toy",3,"Pencil",3,"right",FALSE,"right",TRUE,14,TRUE,FALSE,FALSE,"right","middle",TRUE,FALSE,FALSE,"right","right",FALSE
"574aff1b5bef980007af2745","Ring",5,"Nose",4,"Clock",4,"right",FALSE,"right",TRUE,14,TRUE,FALSE,FALSE,"right","middle",TRUE,FALSE,FALSE,"right","right",FALSE
"58404fd8ad98e40001ce915f","Eggs",1,"Ghost",2,"Fish",2,"middle",FALSE,"left",TRUE,14,FALSE,TRUE,FALSE,"left","left",FALSE,TRUE,FALSE,"left","middle",FALSE
"5de8887aa2db898017debf1a","Chopsticks",2,"Radio",5,"Jacket",5,"middle",FALSE,"left",FALSE,14,TRUE,FALSE,FALSE,"middle","right",FALSE,FALSE,TRUE,"left","middle",FALSE
"59d949cf8fd07a000184247e","Hanger",2,"Fingernail",2,"Monkey",2,"right",FALSE,"right",TRUE,14,TRUE,FALSE,FALSE,"right","middle",TRUE,FALSE,FALSE,"right","right",FALSE
"662945728093113a43ab8077","Bread",5,"String",3,"Horse",3,"middle",FALSE,"middle",FALSE,14,FALSE,TRUE,FALSE,"left","left",TRUE,FALSE,FALSE,"middle","middle",TRUE
"676058418c08c71e4bb7cbd1","Pot",2,"Sunglasses",2,"Sweater",2,"right",FALSE,"right",FALSE,14,FALSE,FALSE,TRUE,"left","middle",TRUE,FALSE,FALSE,"right","right",TRUE
"6643d22289210a4edf21e84d","Mouse",1,"Jacket",2,"Bag",2,"left",FALSE,"right",TRUE,14,FALSE,FALSE,TRUE,"right","middle",FALSE,FALSE,TRUE,"right","left",FALSE
"58954e2dc88c680001dd4b7e","Chopsticks",5,"Glue",5,"Dolls",5,"left",FALSE,"left",TRUE,14,TRUE,FALSE,FALSE,"left","middle",TRUE,FALSE,FALSE,"left","left",TRUE
"5b757a03976ecb0001b1168f","Bubbles",1,"Rice",5,"Bus",5,"right",FALSE,"left",FALSE,14,TRUE,FALSE,FALSE,"right","middle",FALSE,FALSE,TRUE,"left","right",FALSE
"681b781064a5701a5ceee3bc","Fly",3,"Teddy Bear",4,"Notebook",4,"left",FALSE,"middle",TRUE,14,FALSE,TRUE,FALSE,"middle","middle",FALSE,TRUE,FALSE,"middle","left",TRUE
"6716c6700f376dc7f534af9d","Elbow",1,"Squirrel",4,"Balloons",4,"left",FALSE,"middle",TRUE,14,FALSE,TRUE,FALSE,"middle","middle",FALSE,TRUE,FALSE,"middle","left",FALSE
"671a3ac3dada5efe6d439698","Blocks",4,"Mouth",2,"Bus",2,"left",FALSE,"left",FALSE,14,FALSE,FALSE,TRUE,"right","middle",TRUE,FALSE,FALSE,"left","left",FALSE
"676b89007874c8eace113276","Whistle",4,"Socks",4,"Train",4,"left",FALSE,"left",TRUE,14,TRUE,FALSE,FALSE,"left","middle",TRUE,FALSE,FALSE,"left","left",FALSE
"6825af939111d286546fdde6","Shirt",2,"Ostrich",1,"Slinky",1,"left",FALSE,"middle",TRUE,14,FALSE,FALSE,TRUE,"middle","right",FALSE,FALSE,TRUE,"middle","left",FALSE
"67164c92298409e37c670b3d","Backpack",3,"Grapes",5,"Ant",5,"middle",TRUE,"middle",TRUE,14,TRUE,FALSE,FALSE,"middle","left",TRUE,FALSE,FALSE,"middle","middle",FALSE
"682b3f63d0e2c4eff64fe664","Phone",1,"Fries",4,"Tissue",4,"middle",FALSE,"middle",TRUE,14,TRUE,FALSE,FALSE,"middle","left",TRUE,FALSE,FALSE,"middle","middle",TRUE
"5d3695969749cc00165c222f","Belt",5,"Grass",3,"Scooter",3,"middle",FALSE,"left",TRUE,14,FALSE,FALSE,TRUE,"left","right",FALSE,FALSE,TRUE,"left","middle",TRUE
"664521e03117b782ed4fff45","Helicopter",1,"Peas",4,"Crayons",4,"middle",FALSE,"middle",TRUE,14,TRUE,FALSE,FALSE,"middle","left",TRUE,FALSE,FALSE,"middle","middle",FALSE
"5f0db498f5e4e102c0f65b67","Soap",5,"Mailbox",4,"Arm",4,"middle",FALSE,"middle",TRUE,10,TRUE,FALSE,FALSE,"middle","left",TRUE,FALSE,FALSE,"middle","middle",FALSE
"6773dea609f77d473900997a","Bean",3,"Shoes",3,"House",3,"right",FALSE,"left",FALSE,14,FALSE,TRUE,FALSE,"middle","middle",FALSE,FALSE,TRUE,"left","right",TRUE
"637fcee60a8378c1c3a65898","Bean",5,"Elbow",2,"Chopsticks",2,"left",FALSE,"left",TRUE,14,TRUE,FALSE,FALSE,"left","middle",TRUE,FALSE,FALSE,"left","left",FALSE
"63f77a5dde1ea03305e119e0","Iron",4,"Sink",1,"Crayons",1,"left",FALSE,"middle",FALSE,14,TRUE,FALSE,FALSE,"left","right",FALSE,FALSE,TRUE,"middle","left",FALSE
"5fbf90f025a567296d943c7e","Pillow",5,"Door",3,"Bone",3,"left",FALSE,"left",TRUE,14,TRUE,FALSE,FALSE,"left","middle",TRUE,FALSE,FALSE,"left","left",FALSE
"636d6ce3fb3683ff33f9e514","Soda",1,"Swimsuit",4,"Ladder",4,"right",FALSE,"right",FALSE,14,FALSE,FALSE,TRUE,"left","middle",TRUE,FALSE,FALSE,"right","right",FALSE
"5af2a03697a14300017d2ba4","Bread",5,"Hoop",5,"Duck",5,"left",FALSE,"middle",TRUE,14,FALSE,TRUE,FALSE,"middle","middle",FALSE,TRUE,FALSE,"middle","left",FALSE
"60e3a25e8be835f754795d93","Sun",2,"Table",1,"Popsicle",1,"right",FALSE,"right",TRUE,14,TRUE,FALSE,FALSE,"right","left",TRUE,FALSE,FALSE,"right","right",TRUE
"66b5172c8f0bd3b23ce66c22","Bottle",4,"Teeth",5,"Motorcycle",5,"left",FALSE,"middle",TRUE,15,FALSE,FALSE,TRUE,"middle","right",FALSE,FALSE,TRUE,"middle","left",FALSE
"5ba60abd9629a90001b36fdc","Chopsticks",4,"Hammer",1,"Blocks",1,"middle",FALSE,"left",FALSE,15,TRUE,FALSE,FALSE,"middle","left",FALSE,TRUE,FALSE,"left","middle",FALSE
"65dc99d0191a135ab835bf69","Teeth",4,"Spider",3,"Elbow",3,"middle",FALSE,"left",TRUE,15,FALSE,FALSE,TRUE,"left","right",FALSE,FALSE,TRUE,"left","middle",FALSE
"60fe7bf61c7567f5cca9ade6","Squirrel",5,"Clock",1,"Computer",1,"left",FALSE,"left",TRUE,15,TRUE,FALSE,FALSE,"left","right",TRUE,FALSE,FALSE,"left","left",TRUE
"5c9d88bb2b3c77001744ec1c","Bowl",3,"Shampoo",3,"Queen",3,"left",FALSE,"left",FALSE,15,FALSE,FALSE,TRUE,"right","middle",TRUE,FALSE,FALSE,"left","left",FALSE
"5e283f576dbb560114ac7714","Puzzles",2,"Giraffe",1,"Mouse",1,"right",FALSE,"right",FALSE,15,FALSE,TRUE,FALSE,"left","left",TRUE,FALSE,FALSE,"right","right",FALSE
"62e02b1ed5b0fbc1b1dc09e7","Shampoo",2,"Milk",5,"Bathtub",5,"left",FALSE,"left",FALSE,15,FALSE,FALSE,TRUE,"middle","right",TRUE,FALSE,FALSE,"left","left",FALSE
"5ecf9b46617a9b3dd56b3fe3","Pie",5,"Sand",3,"Swimsuit",3,"middle",FALSE,"left",FALSE,15,TRUE,FALSE,FALSE,"middle","right",FALSE,FALSE,TRUE,"left","middle",TRUE
"590b3401182caf0001ab5801","Bike",1,"Monkey",3,"Diaper",3,"middle",FALSE,"left",FALSE,15,TRUE,FALSE,FALSE,"middle","left",FALSE,TRUE,FALSE,"left","middle",FALSE
"65c11389b0d2ba8e63cb8b22","Water",2,"Boat",4,"Fish",4,"right",FALSE,"left",TRUE,15,FALSE,TRUE,FALSE,"left","left",FALSE,TRUE,FALSE,"left","right",FALSE
"5d15160539eeea001683830c","Princess",5,"Boots",2,"Notebook",2,"right",FALSE,"left",TRUE,15,FALSE,TRUE,FALSE,"left","left",FALSE,TRUE,FALSE,"left","right",FALSE
"6620b6a209127dafd5b2dfb9","Belt",5,"Magazine",5,"Spiderweb",5,"left",FALSE,"right",FALSE,15,TRUE,FALSE,FALSE,"left","middle",FALSE,FALSE,TRUE,"right","left",FALSE
"56c65a5a305eaa0005f2a634","Arm",5,"Fire",1,"Bowl",1,"left",FALSE,"right",TRUE,15,FALSE,FALSE,TRUE,"right","middle",FALSE,FALSE,TRUE,"right","left",FALSE
"59fb1518b47dfc0001b6659b","Pear",4,"Bear",2,"Shampoo",2,"left",TRUE,"right",FALSE,15,TRUE,FALSE,FALSE,"left","middle",FALSE,FALSE,TRUE,"right","left",FALSE
"602c0fc2eff74b4748e9b41e","Soup",2,"Circle",2,"Underwear",2,"right",FALSE,"left",FALSE,15,FALSE,FALSE,TRUE,"middle","left",FALSE,TRUE,FALSE,"left","right",FALSE
"5bcc98d1db645700015222b5","Pirate",2,"Bacon",4,"Baby",4,"middle",FALSE,"middle",TRUE,15,TRUE,FALSE,FALSE,"middle","right",TRUE,FALSE,FALSE,"middle","middle",FALSE
"6773e6e6b205d22a2e097735","Elbow",5,"Octopus",4,"Bottle",4,"right",FALSE,"left",FALSE,15,TRUE,FALSE,FALSE,"right","left",FALSE,TRUE,FALSE,"left","right",FALSE
"67505c42a18c872bab88ed42","Rabbit",3,"Envelope",2,"Bell",2,"right",FALSE,"left",TRUE,15,FALSE,TRUE,FALSE,"left","left",FALSE,TRUE,FALSE,"left","right",FALSE
"62a1e021702679d27813a3e2","Bed",2,"Door",2,"Mailbox",2,"middle",FALSE,"right",FALSE,15,FALSE,TRUE,FALSE,"left","left",FALSE,FALSE,TRUE,"right","middle",FALSE
"639f294882a3797f77a3dd81","Zebra",2,"Cupcake",2,"Scissors",2,"right",FALSE,"right",TRUE,15,TRUE,FALSE,FALSE,"right","left",TRUE,FALSE,FALSE,"right","right",FALSE
"654bc148c95bca00d541ec33","Zipper",2,"Frog",5,"Pool",5,"right",FALSE,"middle",TRUE,15,FALSE,FALSE,TRUE,"middle","left",FALSE,FALSE,TRUE,"middle","right",TRUE
"5d23460ad4c57900192b129c","Bee",4,"Strawberries",4,"Rainbow",4,"middle",TRUE,"middle",TRUE,15,TRUE,FALSE,FALSE,"middle","left",TRUE,FALSE,FALSE,"middle","middle",FALSE
"67673cda94b4d0cf1a6a7382","Rainbow",4,"Bow",2,"Bucket",2,"left",FALSE,"middle",TRUE,15,FALSE,TRUE,FALSE,"middle","middle",FALSE,TRUE,FALSE,"middle","left",FALSE
"5c4f5967aac8be0001716a65","Tree",2,"Pen",3,"Sweater",3,"right",FALSE,"left",TRUE,15,FALSE,TRUE,FALSE,"left","left",FALSE,TRUE,FALSE,"left","right",FALSE
"67758c9a30d6819221153393","Bandaid",5,"Leg",1,"Ice Cream",1,"middle",FALSE,"left",FALSE,15,FALSE,TRUE,FALSE,"right","right",FALSE,FALSE,TRUE,"left","middle",FALSE
"66b37344796f45313433abc8","Toothbrush",4,"Movie",5,"Swimsuit",5,"left",FALSE,"left",TRUE,15,TRUE,FALSE,FALSE,"left","middle",TRUE,FALSE,FALSE,"left","left",FALSE
"632096b5574155e8727c50cc","Scooter",2,"Spoon",1,"Stamps",1,"left",FALSE,"left",FALSE,15,FALSE,TRUE,FALSE,"right","right",TRUE,FALSE,FALSE,"left","left",FALSE
"66dcc0e54f44ccecf2730c76","Water",1,"Clown",1,"Rock",1,"middle",FALSE,"right",FALSE,15,FALSE,TRUE,FALSE,"left","left",FALSE,FALSE,TRUE,"right","middle",TRUE
"60fac7ec133b6bf250d6d668","Ant",4,"Earring",1,"Sunglasses",1,"middle",FALSE,"left",FALSE,15,FALSE,TRUE,FALSE,"right","right",FALSE,FALSE,TRUE,"left","middle",FALSE
"5e459f61418f610891628564","Glasses",4,"Crayons",5,"Towels",5,"middle",FALSE,"middle",FALSE,15,FALSE,FALSE,TRUE,"left","right",TRUE,FALSE,FALSE,"middle","middle",FALSE
"5e89ec793c01b3685a00bb12","Clown",4,"Fries",2,"Clock",2,"middle",FALSE,"right",FALSE,15,FALSE,TRUE,FALSE,"left","left",FALSE,FALSE,TRUE,"right","middle",FALSE
"631d197eba06364cbea7fab2","Money",3,"Cat",2,"Keys",2,"right",FALSE,"right",FALSE,15,FALSE,FALSE,TRUE,"left","middle",TRUE,FALSE,FALSE,"right","right",TRUE
"61656042f505fd7fa53e8628","Sunglasses",3,"Bathtub",5,"Ant",5,"right",FALSE,"middle",TRUE,11,FALSE,FALSE,TRUE,"middle","left",FALSE,FALSE,TRUE,"middle","right",FALSE
"66fd3f6c93c24ecc119be354","Marker",2,"Corn",2,"Fish",2,"right",FALSE,"middle",TRUE,15,FALSE,FALSE,TRUE,"middle","left",FALSE,FALSE,TRUE,"middle","right",TRUE
"5af1a4bc6e136b0001411714","Candle",1,"Ear",5,"Corn",5,"right",FALSE,"right",TRUE,15,TRUE,FALSE,FALSE,"right","middle",TRUE,FALSE,FALSE,"right","right",FALSE
"60ed501279c68ea1a313d0aa","Umbrella",3,"Fingernail",3,"Feather",3,"middle",FALSE,"middle",TRUE,15,TRUE,FALSE,FALSE,"middle","right",TRUE,FALSE,FALSE,"middle","middle",FALSE
"5bf2f728bd9f150001f6cc42","Spider",3,"Stamps",1,"Pants",1,"right",FALSE,"left",TRUE,15,FALSE,FALSE,TRUE,"left","middle",FALSE,FALSE,TRUE,"left","right",FALSE
"59a734ce0c87a000017481ed","Pancakes",5,"Flashlight",5,"Glue",5,"middle",FALSE,"left",TRUE,15,FALSE,FALSE,TRUE,"left","right",FALSE,FALSE,TRUE,"left","middle",FALSE
"615e420a23219efe3427a367","Towels",3,"Cupcake",1,"Cup",1,"left",FALSE,"middle",TRUE,15,FALSE,FALSE,TRUE,"middle","right",FALSE,FALSE,TRUE,"middle","left",FALSE
"66b244a2f436437d3e109bbe","Ear",4,"Bowl",4,"Monkey",4,"middle",FALSE,"middle",TRUE,15,TRUE,FALSE,FALSE,"middle","right",TRUE,FALSE,FALSE,"middle","middle",TRUE
"5f1b05a8703c380d1393bb27","Bottle",4,"Bow",5,"Motorcycle",5,"middle",FALSE,"right",TRUE,15,FALSE,TRUE,FALSE,"right","right",FALSE,TRUE,FALSE,"right","middle",FALSE
"6684497541f835bd67a199b2","Battery",1,"Hanger",4,"Carrots",4,"right",FALSE,"right",TRUE,15,TRUE,FALSE,FALSE,"right","left",TRUE,FALSE,FALSE,"right","right",FALSE
"5eeddefa177a7322144cbc5e","Bell",4,"Toothpaste",2,"Sunglasses",2,"right",FALSE,"middle",FALSE,15,FALSE,FALSE,TRUE,"left","middle",FALSE,TRUE,FALSE,"middle","right",FALSE
"63ee9abfa262bea95766dd9c","Sand",2,"Gorilla",5,"Nose",5,"middle",FALSE,"right",TRUE,15,FALSE,FALSE,TRUE,"right","left",FALSE,FALSE,TRUE,"right","middle",TRUE
"66cfab152c56aa0472529001","Purse",2,"Lizard",3,"Lamp",3,"right",FALSE,"right",TRUE,15,TRUE,FALSE,FALSE,"right","middle",TRUE,FALSE,FALSE,"right","right",TRUE
"6571fd9d691befe21fa61d18","Ghost",2,"Elbow",3,"Lion",3,"right",FALSE,"right",TRUE,15,TRUE,FALSE,FALSE,"right","left",TRUE,FALSE,FALSE,"right","right",FALSE
"66312361cf5d4099e1330532","Dresser",1,"Pizza",2,"Pudding",2,"middle",FALSE,"right",TRUE,15,FALSE,TRUE,FALSE,"right","right",FALSE,TRUE,FALSE,"right","middle",FALSE
"6722ea20fb84b196f0a649b6","Swing",5,"Wagon",2,"Shoes",2,"middle",FALSE,"left",TRUE,15,FALSE,TRUE,FALSE,"left","left",FALSE,TRUE,FALSE,"left","middle",FALSE
"5ddce9f0f85b50c4fc1515a4","Teddy Bear",5,"Notebook",2,"Cable",2,"left",FALSE,"left",FALSE,15,FALSE,TRUE,FALSE,"right","right",TRUE,FALSE,FALSE,"left","left",FALSE
"5c3bdbf548ad2900017fac31","Balloons",3,"Car",5,"Goal",5,"left",FALSE,"middle",TRUE,15,FALSE,TRUE,FALSE,"middle","middle",FALSE,TRUE,FALSE,"middle","left",FALSE
"6844a1b95271dfc560af4709","Spider",2,"Towels",3,"Flower",3,"right",FALSE,"middle",TRUE,15,FALSE,FALSE,TRUE,"middle","left",FALSE,FALSE,TRUE,"middle","right",FALSE
"5e121701dc79bd8a1a22ca99","Fence",1,"Sink",2,"Hat",2,"right",FALSE,"right",TRUE,11,TRUE,FALSE,FALSE,"right","left",TRUE,FALSE,FALSE,"right","right",FALSE
"616ef680ab8ca318a227f5ec","Balloons",1,"Giraffe",2,"Bug",2,"right",FALSE,"left",TRUE,15,FALSE,FALSE,TRUE,"left","middle",FALSE,FALSE,TRUE,"left","right",FALSE
"66d9cd06e207a93377f7820e","Bed",2,"Bus",1,"Hips",1,"right",FALSE,"right",TRUE,15,TRUE,FALSE,FALSE,"right","left",TRUE,FALSE,FALSE,"right","right",TRUE
"5962a5b29955ee00015bce98","Refrigerator",4,"Carrots",1,"Corn",1,"left",FALSE,"right",FALSE,15,FALSE,TRUE,FALSE,"middle","middle",FALSE,FALSE,TRUE,"right","left",TRUE
"641384b3dffcf39ec42d3c23","Teeth",5,"Bacon",4,"Bridge",4,"middle",FALSE,"middle",TRUE,15,TRUE,FALSE,FALSE,"middle","right",TRUE,FALSE,FALSE,"middle","middle",FALSE
"59692d61355b45000106c592","Strawberries",4,"Jacket",1,"Fingers",1,"left",TRUE,"left",TRUE,15,TRUE,FALSE,FALSE,"left","middle",TRUE,FALSE,FALSE,"left","left",FALSE
"5dd05d80b2204f1487f7812c","Flashlight",5,"Bandaid",4,"Lamp",4,"right",FALSE,"left",FALSE,15,TRUE,FALSE,FALSE,"right","middle",FALSE,FALSE,TRUE,"left","right",FALSE
"6321d9c78e8e3c04f82a0ea0","Giraffe",2,"Stool",4,"Zipper",4,"right",FALSE,"middle",TRUE,15,FALSE,FALSE,TRUE,"middle","left",FALSE,FALSE,TRUE,"middle","right",FALSE
"632d189d6b8f03d0d3db4c48","Scissors",1,"Apples",1,"Swing",1,"middle",TRUE,"middle",TRUE,15,TRUE,FALSE,FALSE,"middle","right",TRUE,FALSE,FALSE,"middle","middle",TRUE
"63b3377ca1ccdfc7cc567503","Crown",4,"Teeth",3,"Drum",3,"right",FALSE,"left",TRUE,15,FALSE,TRUE,FALSE,"left","left",FALSE,TRUE,FALSE,"left","right",TRUE
"6678813aec86d687a654dedb","Candle",4,"Bird",3,"Wing",3,"right",FALSE,"right",FALSE,15,FALSE,FALSE,TRUE,"middle","left",TRUE,FALSE,FALSE,"right","right",FALSE
"55cce6ea34e90600058d1e6d","Hamburger",4,"Fly",4,"Ant",4,"right",FALSE,"left",FALSE,15,TRUE,FALSE,FALSE,"right","middle",FALSE,FALSE,TRUE,"left","right",FALSE
"6658bba1a51a037d25bb677e","Bubbles",4,"Underwear",5,"Bowl",5,"right",FALSE,"left",FALSE,15,FALSE,FALSE,TRUE,"middle","left",FALSE,TRUE,FALSE,"left","right",TRUE
"60f5df9db9380d875c320307","Suitcase",5,"Cake",4,"Brush",4,"middle",FALSE,"middle",TRUE,15,TRUE,FALSE,FALSE,"middle","left",TRUE,FALSE,FALSE,"middle","middle",FALSE
"63d5b810f3dbbd11e7e65870","Teddy Bear",1,"Notebook",1,"Teapot",1,"left",FALSE,"left",TRUE,15,TRUE,FALSE,FALSE,"left","middle",TRUE,FALSE,FALSE,"left","left",FALSE
"66d1fdd400acfdbc181f41e0","Stove",3,"Tissue",3,"Fingernail",3,"right",FALSE,"right",TRUE,15,TRUE,FALSE,FALSE,"right","middle",TRUE,FALSE,FALSE,"right","right",FALSE
"67b636c4ea38855cbb08ffe3","Motorcycle",5,"Pen",4,"Scooter",4,"right",FALSE,"middle",TRUE,15,FALSE,TRUE,FALSE,"middle","middle",FALSE,TRUE,FALSE,"middle","right",FALSE
"5e1b795dc799223a3b447ada","Button",5,"Bananas",2,"Chalk",2,"middle",TRUE,"left",FALSE,15,TRUE,FALSE,FALSE,"middle","left",FALSE,TRUE,FALSE,"left","middle",FALSE
"5c5cad3e4ee81200018eafe2","Stick",3,"Hands",2,"Dinosaur",2,"left",FALSE,"right",TRUE,15,FALSE,FALSE,TRUE,"right","middle",FALSE,FALSE,TRUE,"right","left",FALSE
"5bc5be2572df5f00014479f9","Dog",4,"Vacuum",5,"Hammer",5,"right",FALSE,"left",TRUE,15,FALSE,TRUE,FALSE,"left","left",FALSE,TRUE,FALSE,"left","right",FALSE
"5f8f436e4676a71879786b95","Chips",4,"TV",4,"Boots",4,"left",FALSE,"left",TRUE,15,TRUE,FALSE,FALSE,"left","right",TRUE,FALSE,FALSE,"left","left",FALSE
"669053bbebafdd430e770142","Comb",5,"Purse",3,"Dresser",3,"middle",FALSE,"left",FALSE,15,FALSE,FALSE,TRUE,"right","left",FALSE,TRUE,FALSE,"left","middle",FALSE
"677419f93048c66d62d2bf87","Ghost",3,"Tongue",2,"Ladder",2,"left",FALSE,"left",TRUE,15,TRUE,FALSE,FALSE,"left","middle",TRUE,FALSE,FALSE,"left","left",FALSE
"574aff1b5bef980007af2745","Shirt",3,"Shoulders",4,"Watch",4,"left",FALSE,"right",FALSE,15,TRUE,FALSE,FALSE,"left","middle",FALSE,FALSE,TRUE,"right","left",FALSE
"58404fd8ad98e40001ce915f","Lunch",1,"Snake",3,"Knife",3,"right",FALSE,"middle",TRUE,15,FALSE,FALSE,TRUE,"middle","left",FALSE,FALSE,TRUE,"middle","right",FALSE
"5de8887aa2db898017debf1a","Pot",1,"Bear",2,"Hair",2,"middle",FALSE,"left",TRUE,15,FALSE,FALSE,TRUE,"left","right",FALSE,FALSE,TRUE,"left","middle",FALSE
"59d949cf8fd07a000184247e","Bean",2,"Necklace",1,"Bagel",1,"right",FALSE,"right",TRUE,15,TRUE,FALSE,FALSE,"right","middle",TRUE,FALSE,FALSE,"right","right",FALSE
"662945728093113a43ab8077","Octopus",4,"Duck",3,"Ice Cream",3,"middle",FALSE,"left",FALSE,15,TRUE,FALSE,FALSE,"middle","left",FALSE,TRUE,FALSE,"left","middle",TRUE
"676058418c08c71e4bb7cbd1","Play dough",1,"Pig",1,"Tissue",1,"right",FALSE,"right",TRUE,15,TRUE,FALSE,FALSE,"right","middle",TRUE,FALSE,FALSE,"right","right",TRUE
"6643d22289210a4edf21e84d","Rainbow",5,"Skateboard",5,"Books",5,"right",FALSE,"middle",FALSE,15,FALSE,FALSE,TRUE,"left","middle",FALSE,TRUE,FALSE,"middle","right",FALSE
"58954e2dc88c680001dd4b7e","Car",1,"Phone",5,"Bean",5,"left",FALSE,"right",FALSE,15,TRUE,FALSE,FALSE,"left","middle",FALSE,FALSE,TRUE,"right","left",TRUE
"5b757a03976ecb0001b1168f","Paints",4,"Chips",1,"Zipper",1,"right",FALSE,"left",TRUE,15,FALSE,FALSE,TRUE,"left","middle",FALSE,FALSE,TRUE,"left","right",FALSE
"681b781064a5701a5ceee3bc","Wing",2,"Shirt",5,"Stamps",5,"left",FALSE,"left",TRUE,15,TRUE,FALSE,FALSE,"left","middle",TRUE,FALSE,FALSE,"left","left",TRUE
"6716c6700f376dc7f534af9d","Ice Cream",4,"Chair",2,"Cloud",2,"right",FALSE,"left",TRUE,15,FALSE,FALSE,TRUE,"left","middle",FALSE,FALSE,TRUE,"left","right",FALSE
"671a3ac3dada5efe6d439698","Play dough",4,"Chair",5,"Sun",5,"right",FALSE,"left",TRUE,15,FALSE,FALSE,TRUE,"left","middle",FALSE,FALSE,TRUE,"left","right",FALSE
"676b89007874c8eace113276","Fries",3,"Dolls",4,"Pig",4,"left",FALSE,"left",FALSE,15,FALSE,TRUE,FALSE,"middle","middle",TRUE,FALSE,FALSE,"left","left",FALSE
"6825af939111d286546fdde6","Zipper",3,"Backpack",3,"Mailbox",3,"left",FALSE,"left",FALSE,15,FALSE,FALSE,TRUE,"middle","right",TRUE,FALSE,FALSE,"left","left",FALSE
"67164c92298409e37c670b3d","Skateboard",2,"Bike",4,"House",4,"middle",FALSE,"right",TRUE,15,FALSE,FALSE,TRUE,"right","left",FALSE,FALSE,TRUE,"right","middle",FALSE
"682b3f63d0e2c4eff64fe664","Corn",2,"Mountain",4,"Belt",4,"middle",FALSE,"middle",FALSE,15,FALSE,TRUE,FALSE,"left","left",TRUE,FALSE,FALSE,"middle","middle",TRUE
"5d3695969749cc00165c222f","Bathtub",3,"Elephant",2,"Button",2,"middle",FALSE,"left",TRUE,15,FALSE,FALSE,TRUE,"left","right",FALSE,FALSE,TRUE,"left","middle",TRUE
"664521e03117b782ed4fff45","Hose",1,"Glove",5,"Taco",5,"middle",FALSE,"middle",FALSE,15,FALSE,FALSE,TRUE,"right","left",TRUE,FALSE,FALSE,"middle","middle",FALSE
"5f0db498f5e4e102c0f65b67","Ankle",5,"Square",3,"Rice",3,"middle",FALSE,"right",FALSE,11,TRUE,FALSE,FALSE,"middle","left",FALSE,FALSE,TRUE,"right","middle",FALSE
"6773dea609f77d473900997a","Pig",3,"Box",2,"Toothpaste",2,"left",FALSE,"right",FALSE,15,TRUE,FALSE,FALSE,"left","middle",FALSE,FALSE,TRUE,"right","left",TRUE
"637fcee60a8378c1c3a65898","Feather",3,"Heart",1,"Clown",1,"right",FALSE,"left",FALSE,15,TRUE,FALSE,FALSE,"right","middle",FALSE,FALSE,TRUE,"left","right",FALSE
"63f77a5dde1ea03305e119e0","Balloons",2,"Bucket",1,"Cable",1,"left",FALSE,"left",TRUE,15,TRUE,FALSE,FALSE,"left","right",TRUE,FALSE,FALSE,"left","left",FALSE
"5fbf90f025a567296d943c7e","Boots",4,"Pizza",2,"Mirror",2,"right",FALSE,"left",TRUE,15,FALSE,FALSE,TRUE,"left","middle",FALSE,FALSE,TRUE,"left","right",FALSE
"636d6ce3fb3683ff33f9e514","Cup",3,"Pot",5,"Cloud",5,"right",FALSE,"middle",FALSE,15,TRUE,FALSE,FALSE,"right","middle",FALSE,TRUE,FALSE,"middle","right",FALSE
"5af2a03697a14300017d2ba4","Feather",4,"Slide",2,"Shovel",2,"left",FALSE,"left",TRUE,15,TRUE,FALSE,FALSE,"left","middle",TRUE,FALSE,FALSE,"left","left",FALSE
"60e3a25e8be835f754795d93","Jacket",4,"Pizza",3,"Leaf",3,"middle",FALSE,"left",TRUE,15,FALSE,TRUE,FALSE,"left","left",FALSE,TRUE,FALSE,"left","middle",TRUE
"66b5172c8f0bd3b23ce66c22","Kangaroo",4,"Hat",1,"Stick",1,"middle",FALSE,"middle",FALSE,16,FALSE,FALSE,TRUE,"left","right",TRUE,FALSE,FALSE,"middle","middle",FALSE
"5ba60abd9629a90001b36fdc","Spiderweb",2,"Swimsuit",1,"Moon",1,"right",FALSE,"right",FALSE,16,FALSE,TRUE,FALSE,"left","left",TRUE,FALSE,FALSE,"right","right",FALSE
"65dc99d0191a135ab835bf69","Truck",5,"Cloud",2,"Box",2,"middle",FALSE,"right",FALSE,16,FALSE,FALSE,TRUE,"left","right",FALSE,TRUE,FALSE,"right","middle",FALSE
"60fe7bf61c7567f5cca9ade6","Eggs",5,"Clown",3,"Tree",3,"left",FALSE,"left",TRUE,16,TRUE,FALSE,FALSE,"left","right",TRUE,FALSE,FALSE,"left","left",TRUE
"5c9d88bb2b3c77001744ec1c","Potatoes",4,"Rice",4,"Snow",4,"left",FALSE,"middle",FALSE,16,TRUE,FALSE,FALSE,"left","middle",FALSE,TRUE,FALSE,"middle","left",FALSE
"5e283f576dbb560114ac7714","Shoes",3,"Nest",1,"Table",1,"middle",FALSE,"right",TRUE,16,FALSE,FALSE,TRUE,"right","left",FALSE,FALSE,TRUE,"right","middle",FALSE
"62e02b1ed5b0fbc1b1dc09e7","Head",2,"Books",5,"Sink",5,"middle",FALSE,"middle",TRUE,16,TRUE,FALSE,FALSE,"middle","right",TRUE,FALSE,FALSE,"middle","middle",FALSE
"5ecf9b46617a9b3dd56b3fe3","Cow",4,"Turtle",4,"Hanger",4,"left",FALSE,"left",FALSE,16,FALSE,FALSE,TRUE,"middle","right",TRUE,FALSE,FALSE,"left","left",TRUE
"590b3401182caf0001ab5801","Princess",4,"Hips",5,"Pajamas",5,"middle",FALSE,"right",TRUE,16,FALSE,FALSE,TRUE,"right","left",FALSE,FALSE,TRUE,"right","middle",FALSE
"65c11389b0d2ba8e63cb8b22","Window",4,"TV",4,"Keys",4,"middle",FALSE,"middle",FALSE,16,FALSE,FALSE,TRUE,"right","left",TRUE,FALSE,FALSE,"middle","middle",FALSE
"5d15160539eeea001683830c","Wheel",2,"Mailbox",2,"Puzzles",2,"middle",FALSE,"right",TRUE,16,FALSE,FALSE,TRUE,"right","left",FALSE,FALSE,TRUE,"right","middle",FALSE
"6620b6a209127dafd5b2dfb9","Bridge",3,"Corn",5,"Wagon",5,"left",FALSE,"middle",TRUE,16,FALSE,TRUE,FALSE,"middle","middle",FALSE,TRUE,FALSE,"middle","left",FALSE
"56c65a5a305eaa0005f2a634","Wing",2,"Bagel",4,"Baby",4,"right",FALSE,"right",FALSE,16,FALSE,TRUE,FALSE,"middle","middle",TRUE,FALSE,FALSE,"right","right",FALSE
"59fb1518b47dfc0001b6659b","Movie",1,"Cereal",1,"Square",1,"right",FALSE,"left",TRUE,16,FALSE,FALSE,TRUE,"left","middle",FALSE,FALSE,TRUE,"left","right",FALSE
"602c0fc2eff74b4748e9b41e","Potatoes",2,"Door",4,"Giraffe",4,"right",FALSE,"middle",TRUE,16,FALSE,FALSE,TRUE,"middle","left",FALSE,FALSE,TRUE,"middle","right",FALSE
"5bcc98d1db645700015222b5","Purse",4,"Marker",5,"Fingers",5,"left",FALSE,"left",FALSE,16,FALSE,FALSE,TRUE,"middle","right",TRUE,FALSE,FALSE,"left","left",FALSE
"6773e6e6b205d22a2e097735","Bathtub",3,"Lunch",2,"Hamburger",2,"right",FALSE,"right",FALSE,16,FALSE,FALSE,TRUE,"middle","left",TRUE,FALSE,FALSE,"right","right",FALSE
"67505c42a18c872bab88ed42","Washcloth",2,"Teddy Bear",2,"Cat",2,"right",FALSE,"middle",FALSE,16,TRUE,FALSE,FALSE,"right","left",FALSE,FALSE,TRUE,"middle","right",FALSE
"62a1e021702679d27813a3e2","Dog",1,"Stove",1,"Stool",1,"middle",FALSE,"middle",TRUE,16,TRUE,FALSE,FALSE,"middle","left",TRUE,FALSE,FALSE,"middle","middle",FALSE
"639f294882a3797f77a3dd81","Eggs",3,"Toothpaste",4,"Strawberries",4,"right",TRUE,"right",TRUE,16,TRUE,FALSE,FALSE,"right","left",TRUE,FALSE,FALSE,"right","right",FALSE
"654bc148c95bca00d541ec33","Hanger",1,"Purse",2,"Sand",2,"middle",FALSE,"right",TRUE,16,FALSE,FALSE,TRUE,"right","left",FALSE,FALSE,TRUE,"right","middle",TRUE
"5d23460ad4c57900192b129c","Door",5,"Clown",1,"Monkey",1,"middle",FALSE,"left",FALSE,16,FALSE,FALSE,TRUE,"right","left",FALSE,TRUE,FALSE,"left","middle",FALSE
"67673cda94b4d0cf1a6a7382","Hanger",5,"Pudding",3,"Train",3,"left",FALSE,"left",FALSE,16,FALSE,TRUE,FALSE,"middle","middle",TRUE,FALSE,FALSE,"left","left",FALSE
"5c4f5967aac8be0001716a65","Waffle",3,"Cow",1,"Kangaroo",1,"right",FALSE,"right",TRUE,16,TRUE,FALSE,FALSE,"right","left",TRUE,FALSE,FALSE,"right","right",FALSE
"67758c9a30d6819221153393","Bread",2,"Jump rope",3,"Triangle",3,"middle",FALSE,"middle",TRUE,16,TRUE,FALSE,FALSE,"middle","right",TRUE,FALSE,FALSE,"middle","middle",FALSE
"66b37344796f45313433abc8","Yogurt",4,"Bear",4,"Puppets",4,"right",FALSE,"left",FALSE,16,FALSE,TRUE,FALSE,"middle","middle",FALSE,FALSE,TRUE,"left","right",FALSE
"632096b5574155e8727c50cc","Goal",2,"Toothbrush",5,"Bowl",5,"left",FALSE,"middle",FALSE,16,FALSE,TRUE,FALSE,"right","right",FALSE,FALSE,TRUE,"middle","left",FALSE
"66dcc0e54f44ccecf2730c76","Earring",5,"Dinosaur",2,"Coloring Book",2,"right",FALSE,"middle",FALSE,16,FALSE,TRUE,FALSE,"left","left",FALSE,FALSE,TRUE,"middle","right",TRUE
"60fac7ec133b6bf250d6d668","Toothbrush",3,"Truck",3,"Blanket",3,"middle",FALSE,"middle",FALSE,16,FALSE,TRUE,FALSE,"right","right",TRUE,FALSE,FALSE,"middle","middle",FALSE
"5e459f61418f610891628564","Bell",2,"Mirror",5,"Yo-yo",5,"middle",FALSE,"middle",TRUE,16,TRUE,FALSE,FALSE,"middle","right",TRUE,FALSE,FALSE,"middle","middle",FALSE
"5e89ec793c01b3685a00bb12","Monkey",5,"Owl",3,"Brush",3,"middle",FALSE,"right",FALSE,16,FALSE,TRUE,FALSE,"left","left",FALSE,FALSE,TRUE,"right","middle",FALSE
"631d197eba06364cbea7fab2","Owl",5,"Refrigerator",3,"Pudding",3,"right",FALSE,"right",TRUE,16,TRUE,FALSE,FALSE,"right","middle",TRUE,FALSE,FALSE,"right","right",TRUE
"61656042f505fd7fa53e8628","Chair",3,"Window",4,"House",4,"right",FALSE,"middle",TRUE,12,FALSE,FALSE,TRUE,"middle","left",FALSE,FALSE,TRUE,"middle","right",FALSE
"66fd3f6c93c24ecc119be354","Slide",4,"Jacket",5,"Cow",5,"right",FALSE,"right",FALSE,16,FALSE,FALSE,TRUE,"middle","left",TRUE,FALSE,FALSE,"right","right",TRUE
"5af1a4bc6e136b0001411714","Nose",2,"Glue",5,"Broom",5,"left",FALSE,"right",TRUE,16,FALSE,FALSE,TRUE,"right","middle",FALSE,FALSE,TRUE,"right","left",FALSE
"60ed501279c68ea1a313d0aa","Marker",1,"Head",5,"Bridge",5,"middle",FALSE,"middle",TRUE,16,TRUE,FALSE,FALSE,"middle","right",TRUE,FALSE,FALSE,"middle","middle",FALSE
"5bf2f728bd9f150001f6cc42","Napkin",5,"Balls",1,"Helicopter",1,"right",FALSE,"left",TRUE,16,FALSE,FALSE,TRUE,"left","middle",FALSE,FALSE,TRUE,"left","right",FALSE
"59a734ce0c87a000017481ed","Cloud",4,"Dolls",3,"Books",3,"left",FALSE,"middle",TRUE,16,FALSE,FALSE,TRUE,"middle","right",FALSE,FALSE,TRUE,"middle","left",FALSE
"615e420a23219efe3427a367","Pizza",5,"Pool",3,"Boots",3,"middle",FALSE,"middle",FALSE,16,FALSE,FALSE,TRUE,"left","right",TRUE,FALSE,FALSE,"middle","middle",FALSE
"66b244a2f436437d3e109bbe","Suitcase",5,"Ghost",4,"Chips",4,"middle",FALSE,"left",TRUE,16,FALSE,FALSE,TRUE,"left","right",FALSE,FALSE,TRUE,"left","middle",TRUE
"5f1b05a8703c380d1393bb27","Diaper",5,"Rock",4,"Frog",4,"middle",FALSE,"middle",TRUE,16,TRUE,FALSE,FALSE,"middle","right",TRUE,FALSE,FALSE,"middle","middle",FALSE
"6684497541f835bd67a199b2","Meat",3,"Belt",3,"Spoon",3,"middle",FALSE,"right",TRUE,16,FALSE,FALSE,TRUE,"right","left",FALSE,FALSE,TRUE,"right","middle",FALSE
"5eeddefa177a7322144cbc5e","Lamp",2,"Stamps",2,"Pants",2,"right",FALSE,"left",FALSE,16,TRUE,FALSE,FALSE,"right","middle",FALSE,FALSE,TRUE,"left","right",FALSE
"63ee9abfa262bea95766dd9c","Dolphin",4,"Camera",3,"Napkin",3,"middle",FALSE,"right",TRUE,16,FALSE,FALSE,TRUE,"right","left",FALSE,FALSE,TRUE,"right","middle",TRUE
"66cfab152c56aa0472529001","Necklace",5,"Watch",5,"Pudding",5,"left",FALSE,"middle",FALSE,16,TRUE,FALSE,FALSE,"left","middle",FALSE,TRUE,FALSE,"middle","left",TRUE
"6571fd9d691befe21fa61d18","Bird",3,"Dress",3,"Apples",3,"right",TRUE,"right",TRUE,16,TRUE,FALSE,FALSE,"right","left",TRUE,FALSE,FALSE,"right","right",FALSE
"66312361cf5d4099e1330532","Doughnut",5,"Ankle",3,"Tie",3,"middle",FALSE,"left",TRUE,16,FALSE,FALSE,TRUE,"left","right",FALSE,FALSE,TRUE,"left","middle",FALSE
"6722ea20fb84b196f0a649b6","Hanger",5,"Rope",2,"Eggs",2,"right",FALSE,"left",FALSE,16,FALSE,FALSE,TRUE,"middle","left",FALSE,TRUE,FALSE,"left","right",FALSE
"5ddce9f0f85b50c4fc1515a4","Apples",4,"Flashlight",5,"Glove",5,"left",TRUE,"left",TRUE,16,TRUE,FALSE,FALSE,"left","right",TRUE,FALSE,FALSE,"left","left",FALSE
"5c3bdbf548ad2900017fac31","Money",1,"Pizza",1,"Sun",1,"right",FALSE,"right",TRUE,16,TRUE,FALSE,FALSE,"right","middle",TRUE,FALSE,FALSE,"right","right",FALSE
"6844a1b95271dfc560af4709","Moon",5,"Cake",2,"Box",2,"middle",FALSE,"left",FALSE,16,FALSE,FALSE,TRUE,"right","left",FALSE,TRUE,FALSE,"left","middle",FALSE
"5e121701dc79bd8a1a22ca99","Crackers",3,"Diaper",4,"Bandaid",4,"right",FALSE,"right",TRUE,12,TRUE,FALSE,FALSE,"right","left",TRUE,FALSE,FALSE,"right","right",FALSE
"616ef680ab8ca318a227f5ec","Flower",2,"Turtle",5,"Soda",5,"left",FALSE,"right",TRUE,16,FALSE,FALSE,TRUE,"right","middle",FALSE,FALSE,TRUE,"right","left",FALSE
"66d9cd06e207a93377f7820e","Popcorn",2,"Pirate",4,"Shovel",4,"middle",FALSE,"middle",TRUE,16,TRUE,FALSE,FALSE,"middle","left",TRUE,FALSE,FALSE,"middle","middle",TRUE
"5962a5b29955ee00015bce98","Bracelet",2,"Princess",1,"Swimsuit",1,"left",FALSE,"middle",FALSE,16,FALSE,FALSE,TRUE,"right","middle",FALSE,TRUE,FALSE,"middle","left",TRUE
"641384b3dffcf39ec42d3c23","Strawberries",5,"Cable",3,"Fence",3,"left",TRUE,"left",TRUE,16,TRUE,FALSE,FALSE,"left","right",TRUE,FALSE,FALSE,"left","left",FALSE
"59692d61355b45000106c592","Moon",5,"Jump rope",2,"Dolls",2,"right",FALSE,"right",TRUE,16,TRUE,FALSE,FALSE,"right","middle",TRUE,FALSE,FALSE,"right","right",FALSE
"5dd05d80b2204f1487f7812c","Duck",4,"Stairs",4,"Cake",4,"right",FALSE,"right",FALSE,16,FALSE,TRUE,FALSE,"middle","middle",TRUE,FALSE,FALSE,"right","right",FALSE
"6321d9c78e8e3c04f82a0ea0","Doughnut",1,"Chalk",5,"Bead",5,"middle",FALSE,"middle",TRUE,16,TRUE,FALSE,FALSE,"middle","left",TRUE,FALSE,FALSE,"middle","middle",FALSE
"632d189d6b8f03d0d3db4c48","Bead",4,"Coloring Book",4,"Candle",4,"middle",FALSE,"left",FALSE,16,FALSE,TRUE,FALSE,"right","right",FALSE,FALSE,TRUE,"left","middle",TRUE
"63b3377ca1ccdfc7cc567503","Socks",3,"Notebook",1,"Stars",1,"right",FALSE,"right",TRUE,16,TRUE,FALSE,FALSE,"right","left",TRUE,FALSE,FALSE,"right","right",TRUE
"6678813aec86d687a654dedb","Milk",5,"Dress",5,"Bananas",5,"right",TRUE,"right",TRUE,16,TRUE,FALSE,FALSE,"right","left",TRUE,FALSE,FALSE,"right","right",FALSE
"55cce6ea34e90600058d1e6d","Shorts",3,"Glove",4,"Money",4,"left",FALSE,"right",TRUE,16,FALSE,FALSE,TRUE,"right","middle",FALSE,FALSE,TRUE,"right","left",FALSE
"6658bba1a51a037d25bb677e","House",2,"Can",3,"Pan",3,"right",FALSE,"middle",FALSE,16,TRUE,FALSE,FALSE,"right","left",FALSE,FALSE,TRUE,"middle","right",TRUE
"60f5df9db9380d875c320307","Camera",2,"Jacket",3,"Bike",3,"right",FALSE,"middle",TRUE,16,FALSE,FALSE,TRUE,"middle","left",FALSE,FALSE,TRUE,"middle","right",FALSE
"63d5b810f3dbbd11e7e65870","Shorts",5,"Newspaper",5,"Peas",5,"left",FALSE,"left",TRUE,16,TRUE,FALSE,FALSE,"left","middle",TRUE,FALSE,FALSE,"left","left",FALSE
"66d1fdd400acfdbc181f41e0","Spoon",4,"Candy",4,"Soda",4,"right",FALSE,"middle",FALSE,16,TRUE,FALSE,FALSE,"right","middle",FALSE,TRUE,FALSE,"middle","right",FALSE
"67b636c4ea38855cbb08ffe3","Balloons",5,"Iron",1,"Bee",1,"right",FALSE,"right",FALSE,16,FALSE,FALSE,TRUE,"left","middle",TRUE,FALSE,FALSE,"right","right",FALSE
"5e1b795dc799223a3b447ada","Bird",2,"Airplane",2,"Hat",2,"right",FALSE,"right",FALSE,16,FALSE,FALSE,TRUE,"middle","left",TRUE,FALSE,FALSE,"right","right",FALSE
"5c5cad3e4ee81200018eafe2","Sunglasses",3,"Slinky",4,"Bird",4,"right",FALSE,"right",FALSE,16,FALSE,FALSE,TRUE,"left","middle",TRUE,FALSE,FALSE,"right","right",FALSE
"5bc5be2572df5f00014479f9","String",2,"Meat",5,"Milk",5,"right",FALSE,"middle",TRUE,16,FALSE,FALSE,TRUE,"middle","left",FALSE,FALSE,TRUE,"middle","right",FALSE
"5f8f436e4676a71879786b95","Toilet",4,"Stool",1,"Ear",1,"left",FALSE,"left",TRUE,16,TRUE,FALSE,FALSE,"left","right",TRUE,FALSE,FALSE,"left","left",FALSE
"669053bbebafdd430e770142","Fingernail",3,"Dolls",5,"Pie",5,"right",FALSE,"middle",TRUE,16,FALSE,FALSE,TRUE,"middle","left",FALSE,FALSE,TRUE,"middle","right",FALSE
"677419f93048c66d62d2bf87","Glove",1,"Tummy",1,"Sunglasses",1,"left",FALSE,"right",TRUE,16,FALSE,FALSE,TRUE,"right","middle",FALSE,FALSE,TRUE,"right","left",FALSE
"574aff1b5bef980007af2745","String",5,"Toothbrush",2,"Hat",2,"left",FALSE,"left",FALSE,16,FALSE,TRUE,FALSE,"middle","middle",TRUE,FALSE,FALSE,"left","left",FALSE
"58404fd8ad98e40001ce915f","Giraffe",4,"Rope",1,"Cat",1,"middle",FALSE,"right",FALSE,16,FALSE,TRUE,FALSE,"left","left",FALSE,FALSE,TRUE,"right","middle",FALSE
"5de8887aa2db898017debf1a","CD",5,"Shoes",5,"Lamp",5,"middle",FALSE,"right",TRUE,16,FALSE,TRUE,FALSE,"right","right",FALSE,TRUE,FALSE,"right","middle",FALSE
"59d949cf8fd07a000184247e","Computer",5,"Bone",5,"Meat",5,"left",FALSE,"left",TRUE,16,TRUE,FALSE,FALSE,"left","middle",TRUE,FALSE,FALSE,"left","left",FALSE
"662945728093113a43ab8077","Pillow",4,"Frog",1,"Sofa",1,"right",FALSE,"middle",FALSE,16,TRUE,FALSE,FALSE,"right","left",FALSE,FALSE,TRUE,"middle","right",TRUE
"676058418c08c71e4bb7cbd1","Pencil",3,"TV",1,"Microphone",1,"left",FALSE,"left",FALSE,16,FALSE,FALSE,TRUE,"right","middle",TRUE,FALSE,FALSE,"left","left",TRUE
"6643d22289210a4edf21e84d","Airplane",3,"Sandals",4,"Wing",4,"left",FALSE,"middle",TRUE,16,FALSE,TRUE,FALSE,"middle","middle",FALSE,TRUE,FALSE,"middle","left",FALSE
"58954e2dc88c680001dd4b7e","Play dough",5,"Leg",3,"Cup",3,"right",FALSE,"middle",TRUE,16,FALSE,TRUE,FALSE,"middle","middle",FALSE,TRUE,FALSE,"middle","right",TRUE
"5b757a03976ecb0001b1168f","Ladder",5,"Sandwich",5,"Cow",5,"left",FALSE,"right",FALSE,16,FALSE,TRUE,FALSE,"middle","middle",FALSE,FALSE,TRUE,"right","left",FALSE
"681b781064a5701a5ceee3bc","Sandals",4,"Tissue",5,"Ring",5,"left",FALSE,"right",FALSE,16,FALSE,TRUE,FALSE,"middle","middle",FALSE,FALSE,TRUE,"right","left",TRUE
"6716c6700f376dc7f534af9d","Teeth",3,"Queen",4,"Clown",4,"left",FALSE,"right",FALSE,16,TRUE,FALSE,FALSE,"left","middle",FALSE,FALSE,TRUE,"right","left",FALSE
"671a3ac3dada5efe6d439698","Fly",1,"Window",3,"Cloud",3,"right",FALSE,"right",FALSE,16,FALSE,TRUE,FALSE,"middle","middle",TRUE,FALSE,FALSE,"right","right",FALSE
"676b89007874c8eace113276","Ghost",1,"Kangaroo",5,"Chopsticks",5,"left",FALSE,"middle",TRUE,16,FALSE,TRUE,FALSE,"middle","middle",FALSE,TRUE,FALSE,"middle","left",FALSE
"6825af939111d286546fdde6","Sweater",1,"Window",2,"Sand",2,"middle",FALSE,"right",FALSE,16,FALSE,FALSE,TRUE,"left","right",FALSE,TRUE,FALSE,"right","middle",FALSE
"67164c92298409e37c670b3d","Teeth",2,"Computer",3,"Plate",3,"right",FALSE,"middle",FALSE,16,TRUE,FALSE,FALSE,"right","left",FALSE,FALSE,TRUE,"middle","right",FALSE
"682b3f63d0e2c4eff64fe664","Straw",1,"Shorts",4,"Hoop",4,"right",FALSE,"middle",TRUE,16,FALSE,FALSE,TRUE,"middle","left",FALSE,FALSE,TRUE,"middle","right",TRUE
"5d3695969749cc00165c222f","Truck",1,"Ear",5,"Shovel",5,"middle",FALSE,"middle",TRUE,16,TRUE,FALSE,FALSE,"middle","right",TRUE,FALSE,FALSE,"middle","middle",TRUE
"664521e03117b782ed4fff45","Hoop",3,"Soda",4,"Sandwich",4,"right",FALSE,"middle",TRUE,16,FALSE,FALSE,TRUE,"middle","left",FALSE,FALSE,TRUE,"middle","right",FALSE
"5f0db498f5e4e102c0f65b67","Doughnut",4,"Lizard",3,"Bottle",3,"middle",FALSE,"left",TRUE,12,FALSE,TRUE,FALSE,"left","left",FALSE,TRUE,FALSE,"left","middle",FALSE
"6773dea609f77d473900997a","Strawberries",5,"Pie",3,"Scissors",3,"left",TRUE,"left",TRUE,16,TRUE,FALSE,FALSE,"left","middle",TRUE,FALSE,FALSE,"left","left",TRUE
"637fcee60a8378c1c3a65898","Fries",3,"Napkin",3,"Cheese",3,"right",FALSE,"right",TRUE,16,TRUE,FALSE,FALSE,"right","middle",TRUE,FALSE,FALSE,"right","right",FALSE
"63f77a5dde1ea03305e119e0","Bee",5,"Chips",1,"Waffle",1,"middle",FALSE,"middle",TRUE,16,TRUE,FALSE,FALSE,"middle","right",TRUE,FALSE,FALSE,"middle","middle",FALSE
"5fbf90f025a567296d943c7e","Straw",2,"Tummy",5,"Necklace",5,"right",FALSE,"middle",TRUE,16,FALSE,TRUE,FALSE,"middle","middle",FALSE,TRUE,FALSE,"middle","right",FALSE
"636d6ce3fb3683ff33f9e514","Cake",5,"Sticker",4,"Stove",4,"left",FALSE,"left",TRUE,16,TRUE,FALSE,FALSE,"left","middle",TRUE,FALSE,FALSE,"left","left",FALSE
"5af2a03697a14300017d2ba4","Coloring Book",1,"Paints",3,"Lion",3,"left",FALSE,"right",TRUE,16,FALSE,FALSE,TRUE,"right","middle",FALSE,FALSE,TRUE,"right","left",FALSE
"60e3a25e8be835f754795d93","Corn",5,"Fish",5,"TV",5,"middle",FALSE,"left",TRUE,16,FALSE,TRUE,FALSE,"left","left",FALSE,TRUE,FALSE,"left","middle",TRUE
"66b5172c8f0bd3b23ce66c22","Washcloth",3,"Chair",4,"Swing",4,"left",FALSE,"right",TRUE,17,FALSE,TRUE,FALSE,"right","right",FALSE,TRUE,FALSE,"right","left",FALSE
"5ba60abd9629a90001b36fdc","Bandaid",2,"Airplane",4,"Whistle",4,"middle",FALSE,"left",FALSE,17,TRUE,FALSE,FALSE,"middle","left",FALSE,TRUE,FALSE,"left","middle",FALSE
"65dc99d0191a135ab835bf69","TV",3,"Ear",1,"Knife",1,"middle",FALSE,"left",TRUE,17,FALSE,FALSE,TRUE,"left","right",FALSE,FALSE,TRUE,"left","middle",FALSE
"60fe7bf61c7567f5cca9ade6","Cup",2,"Grass",5,"Pizza",5,"left",FALSE,"left",TRUE,17,TRUE,FALSE,FALSE,"left","right",TRUE,FALSE,FALSE,"left","left",TRUE
"5c9d88bb2b3c77001744ec1c","Phone",3,"Bean",3,"Turtle",3,"right",FALSE,"middle",TRUE,17,FALSE,TRUE,FALSE,"middle","middle",FALSE,TRUE,FALSE,"middle","right",FALSE
"5e283f576dbb560114ac7714","Bell",1,"Ice Cream",3,"Eyes",3,"middle",FALSE,"left",TRUE,17,FALSE,TRUE,FALSE,"left","left",FALSE,TRUE,FALSE,"left","middle",FALSE
"62e02b1ed5b0fbc1b1dc09e7","Shorts",5,"Zebra",5,"Net",5,"middle",FALSE,"left",FALSE,17,FALSE,TRUE,FALSE,"right","right",FALSE,FALSE,TRUE,"left","middle",FALSE
"5ecf9b46617a9b3dd56b3fe3","Stick",5,"Table",5,"Airplane",5,"left",FALSE,"middle",FALSE,17,TRUE,FALSE,FALSE,"left","right",FALSE,FALSE,TRUE,"middle","left",TRUE
"590b3401182caf0001ab5801","Pillow",2,"Zipper",2,"Milk",2,"middle",FALSE,"middle",TRUE,17,TRUE,FALSE,FALSE,"middle","left",TRUE,FALSE,FALSE,"middle","middle",FALSE
"65c11389b0d2ba8e63cb8b22","Sand",3,"Cable",1,"Pear",1,"right",TRUE,"right",TRUE,17,TRUE,FALSE,FALSE,"right","left",TRUE,FALSE,FALSE,"right","right",FALSE
"5d15160539eeea001683830c","Purse",5,"Brush",3,"Sand",3,"right",FALSE,"left",TRUE,17,FALSE,TRUE,FALSE,"left","left",FALSE,TRUE,FALSE,"left","right",FALSE
"6620b6a209127dafd5b2dfb9","Bug",5,"Mountain",5,"Sheep",5,"left",FALSE,"middle",FALSE,17,TRUE,FALSE,FALSE,"left","middle",FALSE,TRUE,FALSE,"middle","left",FALSE
"56c65a5a305eaa0005f2a634","Lion",4,"Potatoes",4,"Scissors",4,"left",FALSE,"middle",FALSE,17,FALSE,FALSE,TRUE,"right","middle",FALSE,TRUE,FALSE,"middle","left",FALSE
"59fb1518b47dfc0001b6659b","Crown",3,"Iron",5,"Cherry",5,"right",TRUE,"right",TRUE,17,TRUE,FALSE,FALSE,"right","middle",TRUE,FALSE,FALSE,"right","right",FALSE
"602c0fc2eff74b4748e9b41e","Straw",5,"Mountain",5,"Bag",5,"middle",FALSE,"left",TRUE,17,FALSE,TRUE,FALSE,"left","left",FALSE,TRUE,FALSE,"left","middle",FALSE
"5bcc98d1db645700015222b5","Helicopter",4,"Scooter",3,"Feet",3,"left",FALSE,"middle",TRUE,17,FALSE,FALSE,TRUE,"middle","right",FALSE,FALSE,TRUE,"middle","left",FALSE
"6773e6e6b205d22a2e097735","Rain",2,"Tummy",3,"Balloons",3,"middle",FALSE,"left",TRUE,17,FALSE,TRUE,FALSE,"left","left",FALSE,TRUE,FALSE,"left","middle",FALSE
"67505c42a18c872bab88ed42","Glasses",1,"Coloring Book",2,"Princess",2,"middle",FALSE,"middle",TRUE,17,TRUE,FALSE,FALSE,"middle","left",TRUE,FALSE,FALSE,"middle","middle",FALSE
"62a1e021702679d27813a3e2","Mouth",5,"Monkey",2,"Rock",2,"right",FALSE,"left",FALSE,17,TRUE,FALSE,FALSE,"right","left",FALSE,TRUE,FALSE,"left","right",FALSE
"639f294882a3797f77a3dd81","Bagel",3,"Cookies",4,"Duck",4,"middle",FALSE,"middle",TRUE,17,TRUE,FALSE,FALSE,"middle","left",TRUE,FALSE,FALSE,"middle","middle",FALSE
"654bc148c95bca00d541ec33","Curtain",1,"Hair",3,"Moon",3,"right",FALSE,"right",TRUE,17,TRUE,FALSE,FALSE,"right","left",TRUE,FALSE,FALSE,"right","right",TRUE
"5d23460ad4c57900192b129c","Slinky",4,"Bag",2,"Chopsticks",2,"right",FALSE,"right",TRUE,17,TRUE,FALSE,FALSE,"right","left",TRUE,FALSE,FALSE,"right","right",FALSE
"67673cda94b4d0cf1a6a7382","Backpack",1,"Hot Dog",3,"Bag",3,"right",FALSE,"right",TRUE,17,TRUE,FALSE,FALSE,"right","middle",TRUE,FALSE,FALSE,"right","right",FALSE
"5c4f5967aac8be0001716a65","Bucket",4,"Sandals",1,"Fingers",1,"right",FALSE,"left",FALSE,17,TRUE,FALSE,FALSE,"right","left",FALSE,TRUE,FALSE,"left","right",FALSE
"67758c9a30d6819221153393","Grapes",1,"Socks",1,"Meat",1,"left",TRUE,"right",FALSE,17,TRUE,FALSE,FALSE,"left","right",FALSE,TRUE,FALSE,"right","left",FALSE
"66b37344796f45313433abc8","Grass",5,"Pajamas",2,"Hoop",2,"left",FALSE,"left",TRUE,17,TRUE,FALSE,FALSE,"left","middle",TRUE,FALSE,FALSE,"left","left",FALSE
"632096b5574155e8727c50cc","Bubbles",4,"Pie",4,"Microphone",4,"middle",FALSE,"middle",FALSE,17,FALSE,FALSE,TRUE,"left","right",TRUE,FALSE,FALSE,"middle","middle",FALSE
"66dcc0e54f44ccecf2730c76","Boat",1,"Suitcase",3,"Corn",3,"right",FALSE,"right",FALSE,17,FALSE,FALSE,TRUE,"middle","left",TRUE,FALSE,FALSE,"right","right",TRUE
"60fac7ec133b6bf250d6d668","Marker",5,"Pancakes",4,"Shampoo",4,"middle",FALSE,"right",FALSE,17,TRUE,FALSE,FALSE,"middle","right",FALSE,TRUE,FALSE,"right","middle",FALSE
"5e459f61418f610891628564","Iron",2,"Doughnut",1,"Flashlight",1,"middle",FALSE,"middle",FALSE,17,FALSE,FALSE,TRUE,"left","right",TRUE,FALSE,FALSE,"middle","middle",FALSE
"5e89ec793c01b3685a00bb12","Notebook",2,"Tractor",1,"Mountain",1,"middle",FALSE,"left",FALSE,17,FALSE,FALSE,TRUE,"right","left",FALSE,TRUE,FALSE,"left","middle",FALSE
"631d197eba06364cbea7fab2","Dolls",5,"Backpack",2,"Bridge",2,"right",FALSE,"left",TRUE,17,FALSE,FALSE,TRUE,"left","middle",FALSE,FALSE,TRUE,"left","right",TRUE
"61656042f505fd7fa53e8628","Kangaroo",4,"Bow",1,"Wagon",1,"middle",FALSE,"middle",FALSE,13,FALSE,TRUE,FALSE,"left","left",TRUE,FALSE,FALSE,"middle","middle",FALSE
"66fd3f6c93c24ecc119be354","Net",2,"Straw",3,"Crackers",3,"right",FALSE,"middle",TRUE,17,FALSE,FALSE,TRUE,"middle","left",FALSE,FALSE,TRUE,"middle","right",TRUE
"5af1a4bc6e136b0001411714","Truck",5,"Scissors",4,"Fingers",4,"left",FALSE,"right",TRUE,17,FALSE,FALSE,TRUE,"right","middle",FALSE,FALSE,TRUE,"right","left",FALSE
"60ed501279c68ea1a313d0aa","Dresser",1,"Slide",5,"Queen",5,"left",FALSE,"left",TRUE,17,TRUE,FALSE,FALSE,"left","right",TRUE,FALSE,FALSE,"left","left",FALSE
"5bf2f728bd9f150001f6cc42","Stove",4,"Boat",3,"Hanger",3,"right",FALSE,"left",TRUE,17,FALSE,FALSE,TRUE,"left","middle",FALSE,FALSE,TRUE,"left","right",FALSE
"59a734ce0c87a000017481ed","Butterfly",5,"Candy",4,"Bacon",4,"middle",FALSE,"middle",TRUE,17,TRUE,FALSE,FALSE,"middle","right",TRUE,FALSE,FALSE,"middle","middle",FALSE
"615e420a23219efe3427a367","Vacuum",1,"Strawberries",1,"Balls",1,"middle",TRUE,"middle",TRUE,17,TRUE,FALSE,FALSE,"middle","right",TRUE,FALSE,FALSE,"middle","middle",FALSE
"66b244a2f436437d3e109bbe","Money",3,"Arm",1,"Butterfly",1,"left",FALSE,"right",FALSE,17,FALSE,FALSE,TRUE,"middle","right",FALSE,TRUE,FALSE,"right","left",TRUE
"5f1b05a8703c380d1393bb27","Cherry",1,"Knife",3,"Vacuum",3,"left",TRUE,"left",TRUE,17,TRUE,FALSE,FALSE,"left","right",TRUE,FALSE,FALSE,"left","left",FALSE
"6684497541f835bd67a199b2","Baby",4,"Blocks",3,"Moon",3,"right",FALSE,"right",FALSE,17,FALSE,FALSE,TRUE,"middle","left",TRUE,FALSE,FALSE,"right","right",FALSE
"5eeddefa177a7322144cbc5e","Water",4,"Wing",5,"Shorts",5,"right",FALSE,"right",FALSE,17,FALSE,FALSE,TRUE,"left","middle",TRUE,FALSE,FALSE,"right","right",FALSE
"63ee9abfa262bea95766dd9c","CD",3,"Stairs",5,"Carrots",5,"middle",FALSE,"right",TRUE,17,FALSE,FALSE,TRUE,"right","left",FALSE,FALSE,TRUE,"right","middle",TRUE
"66cfab152c56aa0472529001","Puppets",5,"Motorcycle",2,"Rabbit",2,"left",FALSE,"left",FALSE,17,FALSE,FALSE,TRUE,"right","middle",TRUE,FALSE,FALSE,"left","left",TRUE
"6571fd9d691befe21fa61d18","Fly",2,"Sun",3,"Bread",3,"right",FALSE,"middle",TRUE,17,FALSE,FALSE,TRUE,"middle","left",FALSE,FALSE,TRUE,"middle","right",FALSE
"66312361cf5d4099e1330532","Wagon",5,"Spoon",3,"Play dough",3,"left",FALSE,"right",FALSE,17,FALSE,FALSE,TRUE,"middle","right",FALSE,TRUE,FALSE,"right","left",FALSE
"6722ea20fb84b196f0a649b6","Rock",5,"Squirrel",2,"Pig",2,"middle",FALSE,"middle",TRUE,17,TRUE,FALSE,FALSE,"middle","left",TRUE,FALSE,FALSE,"middle","middle",FALSE
"5ddce9f0f85b50c4fc1515a4","Slinky",5,"Pie",3,"Door",3,"middle",FALSE,"middle",TRUE,17,TRUE,FALSE,FALSE,"middle","right",TRUE,FALSE,FALSE,"middle","middle",FALSE
"5c3bdbf548ad2900017fac31","Dinosaur",5,"Elephant",2,"Napkin",2,"left",FALSE,"left",TRUE,17,TRUE,FALSE,FALSE,"left","middle",TRUE,FALSE,FALSE,"left","left",FALSE
"6844a1b95271dfc560af4709","Mountain",4,"CD",3,"Microphone",3,"middle",FALSE,"middle",TRUE,17,TRUE,FALSE,FALSE,"middle","left",TRUE,FALSE,FALSE,"middle","middle",FALSE
"5e121701dc79bd8a1a22ca99","Pencil",5,"Octopus",4,"Chopsticks",4,"right",FALSE,"left",FALSE,13,FALSE,FALSE,TRUE,"middle","left",FALSE,TRUE,FALSE,"left","right",FALSE
"616ef680ab8ca318a227f5ec","Straw",1,"Pie",3,"Popsicle",3,"left",FALSE,"middle",TRUE,17,FALSE,TRUE,FALSE,"middle","middle",FALSE,TRUE,FALSE,"middle","left",FALSE
"66d9cd06e207a93377f7820e","Soda",2,"Swimsuit",2,"CD",2,"right",FALSE,"left",FALSE,17,TRUE,FALSE,FALSE,"right","left",FALSE,TRUE,FALSE,"left","right",TRUE
"5962a5b29955ee00015bce98","Fingernail",1,"Flashlight",2,"Juice",2,"right",FALSE,"right",FALSE,17,FALSE,FALSE,TRUE,"left","middle",TRUE,FALSE,FALSE,"right","right",TRUE
"641384b3dffcf39ec42d3c23","Napkin",5,"Envelope",4,"Earring",4,"left",FALSE,"middle",FALSE,17,FALSE,TRUE,FALSE,"right","right",FALSE,FALSE,TRUE,"middle","left",FALSE
"59692d61355b45000106c592","House",4,"Hat",4,"Shirt",4,"left",FALSE,"left",TRUE,17,TRUE,FALSE,FALSE,"left","middle",TRUE,FALSE,FALSE,"left","left",FALSE
"5dd05d80b2204f1487f7812c","Watch",4,"Barn",2,"Moon",2,"left",FALSE,"left",FALSE,17,FALSE,FALSE,TRUE,"right","middle",TRUE,FALSE,FALSE,"left","left",FALSE
"6321d9c78e8e3c04f82a0ea0","Pan",2,"Cloud",5,"Hands",5,"right",FALSE,"middle",FALSE,17,FALSE,TRUE,FALSE,"left","left",FALSE,FALSE,TRUE,"middle","right",FALSE
"632d189d6b8f03d0d3db4c48","Cloud",4,"Puppets",2,"Balls",2,"middle",FALSE,"left",TRUE,17,FALSE,FALSE,TRUE,"left","right",FALSE,FALSE,TRUE,"left","middle",TRUE
"63b3377ca1ccdfc7cc567503","Pillow",4,"Sandals",2,"Washcloth",2,"right",FALSE,"left",TRUE,17,FALSE,TRUE,FALSE,"left","left",FALSE,TRUE,FALSE,"left","right",TRUE
"6678813aec86d687a654dedb","Scissors",4,"Airplane",3,"Backpack",3,"middle",FALSE,"left",TRUE,17,FALSE,TRUE,FALSE,"left","left",FALSE,TRUE,FALSE,"left","middle",FALSE
"55cce6ea34e90600058d1e6d","Rain",4,"Cable",3,"Hoop",3,"right",FALSE,"right",FALSE,17,FALSE,FALSE,TRUE,"left","middle",TRUE,FALSE,FALSE,"right","right",FALSE
"6658bba1a51a037d25bb677e","Fork",1,"Slide",4,"Tummy",4,"middle",FALSE,"middle",FALSE,17,FALSE,TRUE,FALSE,"left","left",TRUE,FALSE,FALSE,"middle","middle",TRUE
"60f5df9db9380d875c320307","Tape",4,"Yo-yo",4,"Head",4,"right",FALSE,"right",TRUE,17,TRUE,FALSE,FALSE,"right","left",TRUE,FALSE,FALSE,"right","right",FALSE
"63d5b810f3dbbd11e7e65870","Soup",5,"Dolls",3,"Yogurt",3,"right",FALSE,"right",TRUE,17,TRUE,FALSE,FALSE,"right","middle",TRUE,FALSE,FALSE,"right","right",FALSE
"66d1fdd400acfdbc181f41e0","Lunch",5,"Eyes",5,"Spaghetti",5,"left",FALSE,"right",TRUE,17,FALSE,FALSE,TRUE,"right","middle",FALSE,FALSE,TRUE,"right","left",FALSE
"67b636c4ea38855cbb08ffe3","Corn",1,"Sticker",2,"Toothpaste",2,"left",FALSE,"right",TRUE,17,FALSE,FALSE,TRUE,"right","middle",FALSE,FALSE,TRUE,"right","left",FALSE
"5e1b795dc799223a3b447ada","Tiger",5,"Bean",5,"Ice Cream",5,"middle",FALSE,"left",TRUE,17,FALSE,TRUE,FALSE,"left","left",FALSE,TRUE,FALSE,"left","middle",FALSE
"5c5cad3e4ee81200018eafe2","Teeth",3,"Owl",3,"Chair",3,"right",FALSE,"right",TRUE,17,TRUE,FALSE,FALSE,"right","middle",TRUE,FALSE,FALSE,"right","right",FALSE
"5bc5be2572df5f00014479f9","Pot",5,"Frog",1,"Rabbit",1,"right",FALSE,"left",TRUE,17,FALSE,TRUE,FALSE,"left","left",FALSE,TRUE,FALSE,"left","right",FALSE
"5f8f436e4676a71879786b95","Fence",3,"Wagon",4,"Dinosaur",4,"middle",FALSE,"right",FALSE,17,TRUE,FALSE,FALSE,"middle","right",FALSE,TRUE,FALSE,"right","middle",FALSE
"669053bbebafdd430e770142","Candle",3,"Bandaid",3,"Ladder",3,"right",FALSE,"right",TRUE,17,TRUE,FALSE,FALSE,"right","left",TRUE,FALSE,FALSE,"right","right",FALSE
"677419f93048c66d62d2bf87","Train",1,"Clown",3,"Glasses",3,"right",FALSE,"right",FALSE,17,FALSE,TRUE,FALSE,"middle","middle",TRUE,FALSE,FALSE,"right","right",FALSE
"574aff1b5bef980007af2745","Pencil",1,"Owl",4,"Snake",4,"right",FALSE,"right",FALSE,17,FALSE,FALSE,TRUE,"left","middle",TRUE,FALSE,FALSE,"right","right",FALSE
"58404fd8ad98e40001ce915f","Swimsuit",5,"Skateboard",1,"Goal",1,"middle",FALSE,"middle",TRUE,17,TRUE,FALSE,FALSE,"middle","left",TRUE,FALSE,FALSE,"middle","middle",FALSE
"5de8887aa2db898017debf1a","Phone",1,"Sticker",3,"Taco",3,"middle",FALSE,"middle",TRUE,17,TRUE,FALSE,FALSE,"middle","right",TRUE,FALSE,FALSE,"middle","middle",FALSE
"59d949cf8fd07a000184247e","Circle",5,"Fork",4,"Hamburger",4,"right",FALSE,"middle",FALSE,17,FALSE,FALSE,TRUE,"left","middle",FALSE,TRUE,FALSE,"middle","right",FALSE
"662945728093113a43ab8077","Truck",4,"Bow",2,"Computer",2,"middle",FALSE,"right",FALSE,17,TRUE,FALSE,FALSE,"middle","left",FALSE,FALSE,TRUE,"right","middle",TRUE
"676058418c08c71e4bb7cbd1","Pan",3,"Bag",4,"Grapes",4,"right",TRUE,"right",TRUE,17,TRUE,FALSE,FALSE,"right","middle",TRUE,FALSE,FALSE,"right","right",TRUE
"6643d22289210a4edf21e84d","Comb",3,"Box",1,"Backpack",1,"left",FALSE,"right",TRUE,17,FALSE,FALSE,TRUE,"right","middle",FALSE,FALSE,TRUE,"right","left",FALSE
"58954e2dc88c680001dd4b7e","Hot Dog",4,"Ice Cream",3,"Chicken",3,"right",FALSE,"left",TRUE,17,FALSE,FALSE,TRUE,"left","middle",FALSE,FALSE,TRUE,"left","right",TRUE
"5b757a03976ecb0001b1168f","Spaghetti",1,"Sticker",3,"Chopsticks",3,"right",FALSE,"right",TRUE,17,TRUE,FALSE,FALSE,"right","middle",TRUE,FALSE,FALSE,"right","right",FALSE
"681b781064a5701a5ceee3bc","Feather",4,"Knife",3,"Popcorn",3,"left",FALSE,"left",FALSE,17,FALSE,TRUE,FALSE,"middle","middle",TRUE,FALSE,FALSE,"left","left",TRUE
"6716c6700f376dc7f534af9d","Mouse",4,"Bed",1,"Cereal",1,"right",FALSE,"right",TRUE,17,TRUE,FALSE,FALSE,"right","middle",TRUE,FALSE,FALSE,"right","right",FALSE
"671a3ac3dada5efe6d439698","Bug",5,"Leaf",5,"Blanket",5,"right",FALSE,"right",TRUE,17,TRUE,FALSE,FALSE,"right","middle",TRUE,FALSE,FALSE,"right","right",FALSE
"676b89007874c8eace113276","Stars",1,"Duck",3,"Sun",3,"right",FALSE,"middle",TRUE,17,FALSE,TRUE,FALSE,"middle","middle",FALSE,TRUE,FALSE,"middle","right",FALSE
"6825af939111d286546fdde6","Comb",3,"Flower",4,"Hands",4,"middle",FALSE,"middle",TRUE,17,TRUE,FALSE,FALSE,"middle","right",TRUE,FALSE,FALSE,"middle","middle",FALSE
"67164c92298409e37c670b3d","Butter",5,"Cat",1,"Square",1,"middle",FALSE,"left",TRUE,17,FALSE,TRUE,FALSE,"left","left",FALSE,TRUE,FALSE,"left","middle",FALSE
"682b3f63d0e2c4eff64fe664","Gorilla",2,"Pan",2,"Knee",2,"right",FALSE,"middle",FALSE,17,TRUE,FALSE,FALSE,"right","left",FALSE,FALSE,TRUE,"middle","right",TRUE
"5d3695969749cc00165c222f","Toes",2,"Kangaroo",1,"Watch",1,"left",FALSE,"left",TRUE,17,TRUE,FALSE,FALSE,"left","right",TRUE,FALSE,FALSE,"left","left",TRUE
"664521e03117b782ed4fff45","Spoon",3,"Curtain",1,"Brush",1,"right",FALSE,"right",TRUE,17,TRUE,FALSE,FALSE,"right","left",TRUE,FALSE,FALSE,"right","right",FALSE
"5f0db498f5e4e102c0f65b67","Socks",3,"Cereal",4,"Popcorn",4,"right",FALSE,"middle",TRUE,13,FALSE,FALSE,TRUE,"middle","left",FALSE,FALSE,TRUE,"middle","right",FALSE
"6773dea609f77d473900997a","Spaghetti",1,"Rice",1,"Bat",1,"left",FALSE,"right",TRUE,17,FALSE,FALSE,TRUE,"right","middle",FALSE,FALSE,TRUE,"right","left",TRUE
"637fcee60a8378c1c3a65898","Lamp",4,"Grass",4,"Bananas",4,"right",TRUE,"right",TRUE,17,TRUE,FALSE,FALSE,"right","middle",TRUE,FALSE,FALSE,"right","right",FALSE
"63f77a5dde1ea03305e119e0","Boat",3,"Fingernail",5,"Shorts",5,"middle",FALSE,"right",TRUE,17,FALSE,TRUE,FALSE,"right","right",FALSE,TRUE,FALSE,"right","middle",FALSE
"5fbf90f025a567296d943c7e","Paper",5,"Pan",1,"Grapes",1,"right",TRUE,"right",TRUE,17,TRUE,FALSE,FALSE,"right","middle",TRUE,FALSE,FALSE,"right","right",FALSE
"636d6ce3fb3683ff33f9e514","Shoes",2,"Watch",3,"Wing",3,"left",FALSE,"middle",FALSE,17,FALSE,FALSE,TRUE,"right","middle",FALSE,TRUE,FALSE,"middle","left",FALSE
"5af2a03697a14300017d2ba4","CD",1,"Sink",4,"Cereal",4,"left",FALSE,"right",TRUE,17,FALSE,FALSE,TRUE,"right","middle",FALSE,FALSE,TRUE,"right","left",FALSE
"60e3a25e8be835f754795d93","Hot Dog",4,"Boots",4,"House",4,"right",FALSE,"left",TRUE,17,FALSE,TRUE,FALSE,"left","left",FALSE,TRUE,FALSE,"left","right",TRUE
"66b5172c8f0bd3b23ce66c22","Comb",3,"Glasses",3,"Play dough",3,"middle",FALSE,"left",FALSE,18,TRUE,FALSE,FALSE,"middle","right",FALSE,FALSE,TRUE,"left","middle",FALSE
"5ba60abd9629a90001b36fdc","Yo-yo",4,"Squirrel",1,"Keys",1,"middle",FALSE,"middle",FALSE,18,FALSE,FALSE,TRUE,"right","left",TRUE,FALSE,FALSE,"middle","middle",FALSE
"65dc99d0191a135ab835bf69","Microphone",1,"Notebook",5,"Earring",5,"left",FALSE,"middle",TRUE,18,FALSE,FALSE,TRUE,"middle","right",FALSE,FALSE,TRUE,"middle","left",FALSE
"60fe7bf61c7567f5cca9ade6","Play dough",1,"Dresser",4,"Backpack",4,"left",FALSE,"left",TRUE,18,TRUE,FALSE,FALSE,"left","right",TRUE,FALSE,FALSE,"left","left",TRUE
"5c9d88bb2b3c77001744ec1c","Soap",4,"Spider",5,"Rope",5,"right",FALSE,"middle",TRUE,18,FALSE,TRUE,FALSE,"middle","middle",FALSE,TRUE,FALSE,"middle","right",FALSE
"5e283f576dbb560114ac7714","Hands",2,"Cow",4,"Toes",4,"right",FALSE,"middle",TRUE,18,FALSE,FALSE,TRUE,"middle","left",FALSE,FALSE,TRUE,"middle","right",FALSE
"62e02b1ed5b0fbc1b1dc09e7","Bagel",1,"Pool",3,"Cup",3,"left",FALSE,"right",FALSE,18,TRUE,FALSE,FALSE,"left","right",FALSE,TRUE,FALSE,"right","left",FALSE
"5ecf9b46617a9b3dd56b3fe3","Ostrich",3,"Tractor",1,"Keys",1,"left",FALSE,"left",TRUE,18,TRUE,FALSE,FALSE,"left","right",TRUE,FALSE,FALSE,"left","left",TRUE
"590b3401182caf0001ab5801","Whistle",5,"Sofa",1,"Wing",1,"middle",FALSE,"middle",FALSE,18,FALSE,TRUE,FALSE,"left","left",TRUE,FALSE,FALSE,"middle","middle",FALSE
"65c11389b0d2ba8e63cb8b22","Cereal",5,"Bike",5,"Fence",5,"middle",FALSE,"left",TRUE,18,FALSE,TRUE,FALSE,"left","left",FALSE,TRUE,FALSE,"left","middle",FALSE
"5d15160539eeea001683830c","Cookies",1,"Earring",2,"Slide",2,"middle",FALSE,"right",TRUE,18,FALSE,FALSE,TRUE,"right","left",FALSE,FALSE,TRUE,"right","middle",FALSE
"6620b6a209127dafd5b2dfb9","Clock",1,"Bowl",1,"Pen",1,"right",FALSE,"right",TRUE,18,TRUE,FALSE,FALSE,"right","middle",TRUE,FALSE,FALSE,"right","right",FALSE
"56c65a5a305eaa0005f2a634","Paints",3,"Balloons",1,"Ladder",1,"right",FALSE,"left",FALSE,18,TRUE,FALSE,FALSE,"right","middle",FALSE,FALSE,TRUE,"left","right",FALSE
"59fb1518b47dfc0001b6659b","Chair",4,"Bead",4,"Blanket",4,"right",FALSE,"middle",TRUE,18,FALSE,TRUE,FALSE,"middle","middle",FALSE,TRUE,FALSE,"middle","right",FALSE
"602c0fc2eff74b4748e9b41e","Turtle",5,"Leg",1,"Butterfly",1,"right",FALSE,"right",TRUE,18,TRUE,FALSE,FALSE,"right","left",TRUE,FALSE,FALSE,"right","right",FALSE
"5bcc98d1db645700015222b5","Whistle",3,"Triangle",2,"Camera",2,"middle",FALSE,"middle",FALSE,18,FALSE,FALSE,TRUE,"left","right",TRUE,FALSE,FALSE,"middle","middle",FALSE
"6773e6e6b205d22a2e097735","Dresser",1,"Scissors",4,"Tiger",4,"middle",FALSE,"middle",FALSE,18,FALSE,FALSE,TRUE,"right","left",TRUE,FALSE,FALSE,"middle","middle",FALSE
"67505c42a18c872bab88ed42","Clown",4,"Comb",2,"Bird",2,"right",FALSE,"right",TRUE,18,TRUE,FALSE,FALSE,"right","left",TRUE,FALSE,FALSE,"right","right",FALSE
"62a1e021702679d27813a3e2","Shovel",4,"Plate",2,"Eyes",2,"middle",FALSE,"right",FALSE,18,TRUE,FALSE,FALSE,"middle","left",FALSE,FALSE,TRUE,"right","middle",FALSE
"639f294882a3797f77a3dd81","Goal",4,"Pan",1,"Pie",1,"middle",FALSE,"left",TRUE,18,FALSE,TRUE,FALSE,"left","left",FALSE,TRUE,FALSE,"left","middle",FALSE
"654bc148c95bca00d541ec33","Towels",1,"Bat",4,"Rain",4,"middle",FALSE,"middle",TRUE,18,TRUE,FALSE,FALSE,"middle","left",TRUE,FALSE,FALSE,"middle","middle",TRUE
"5d23460ad4c57900192b129c","Shoulders",3,"Cable",4,"Apples",4,"right",TRUE,"right",TRUE,18,TRUE,FALSE,FALSE,"right","left",TRUE,FALSE,FALSE,"right","right",FALSE
"67673cda94b4d0cf1a6a7382","Pen",1,"Mouth",5,"Knife",5,"right",FALSE,"right",TRUE,18,TRUE,FALSE,FALSE,"right","middle",TRUE,FALSE,FALSE,"right","right",FALSE
"5c4f5967aac8be0001716a65","Head",3,"Toes",2,"Paints",2,"middle",FALSE,"middle",TRUE,18,TRUE,FALSE,FALSE,"middle","left",TRUE,FALSE,FALSE,"middle","middle",FALSE
"67758c9a30d6819221153393","Taco",2,"Candle",1,"Glove",1,"left",FALSE,"right",TRUE,18,FALSE,TRUE,FALSE,"right","right",FALSE,TRUE,FALSE,"right","left",FALSE
"66b37344796f45313433abc8","Cup",1,"Marker",3,"Microphone",3,"left",FALSE,"middle",TRUE,18,FALSE,TRUE,FALSE,"middle","middle",FALSE,TRUE,FALSE,"middle","left",FALSE
"632096b5574155e8727c50cc","Bridge",4,"Motorcycle",4,"Puppets",4,"left",FALSE,"right",FALSE,18,FALSE,FALSE,TRUE,"middle","right",FALSE,TRUE,FALSE,"right","left",FALSE
"66dcc0e54f44ccecf2730c76","Vacuum",2,"Whistle",2,"Broom",2,"middle",FALSE,"right",TRUE,18,FALSE,FALSE,TRUE,"right","left",FALSE,FALSE,TRUE,"right","middle",TRUE
"60fac7ec133b6bf250d6d668","Radio",3,"Watch",2,"Ghost",2,"middle",FALSE,"right",FALSE,18,TRUE,FALSE,FALSE,"middle","right",FALSE,TRUE,FALSE,"right","middle",FALSE
"5e459f61418f610891628564","Fire truck",2,"Taco",4,"Sunglasses",4,"middle",FALSE,"middle",TRUE,18,TRUE,FALSE,FALSE,"middle","right",TRUE,FALSE,FALSE,"middle","middle",FALSE
"5e89ec793c01b3685a00bb12","Dinosaur",5,"Suitcase",3,"Comb",3,"middle",FALSE,"left",TRUE,18,FALSE,TRUE,FALSE,"left","left",FALSE,TRUE,FALSE,"left","middle",FALSE
"631d197eba06364cbea7fab2","Toothbrush",4,"Horse",3,"Bus",3,"right",FALSE,"left",TRUE,18,FALSE,FALSE,TRUE,"left","middle",FALSE,FALSE,TRUE,"left","right",TRUE
"61656042f505fd7fa53e8628","Pudding",5,"Oranges",4,"Spaghetti",4,"middle",TRUE,"middle",TRUE,14,TRUE,FALSE,FALSE,"middle","left",TRUE,FALSE,FALSE,"middle","middle",FALSE
"66fd3f6c93c24ecc119be354","Toothbrush",1,"Teeth",2,"Leaf",2,"middle",FALSE,"right",TRUE,18,FALSE,FALSE,TRUE,"right","left",FALSE,FALSE,TRUE,"right","middle",TRUE
"5af1a4bc6e136b0001411714","Rabbit",3,"Toothpaste",3,"Clock",3,"right",FALSE,"left",TRUE,18,FALSE,FALSE,TRUE,"left","middle",FALSE,FALSE,TRUE,"left","right",FALSE
"60ed501279c68ea1a313d0aa","Pretzel",4,"Purse",2,"Tummy",2,"middle",FALSE,"left",TRUE,18,FALSE,FALSE,TRUE,"left","right",FALSE,FALSE,TRUE,"left","middle",FALSE
"5bf2f728bd9f150001f6cc42","Wing",2,"Yo-yo",5,"Washcloth",5,"left",FALSE,"right",FALSE,18,FALSE,TRUE,FALSE,"middle","middle",FALSE,FALSE,TRUE,"right","left",FALSE
"59a734ce0c87a000017481ed","Airplane",1,"Lizard",2,"Yogurt",2,"left",FALSE,"right",TRUE,18,FALSE,TRUE,FALSE,"right","right",FALSE,TRUE,FALSE,"right","left",FALSE
"615e420a23219efe3427a367","Boat",4,"Wing",1,"Mouth",1,"middle",FALSE,"right",FALSE,18,FALSE,FALSE,TRUE,"left","right",FALSE,TRUE,FALSE,"right","middle",FALSE
"66b244a2f436437d3e109bbe","House",4,"Sandals",2,"Magazine",2,"middle",FALSE,"left",TRUE,18,FALSE,FALSE,TRUE,"left","right",FALSE,FALSE,TRUE,"left","middle",TRUE
"5f1b05a8703c380d1393bb27","Sunglasses",2,"Can",1,"Tree",1,"left",FALSE,"right",TRUE,18,FALSE,TRUE,FALSE,"right","right",FALSE,TRUE,FALSE,"right","left",FALSE
"6684497541f835bd67a199b2","Shoulders",1,"Fire",4,"Taco",4,"right",FALSE,"right",FALSE,18,FALSE,FALSE,TRUE,"middle","left",TRUE,FALSE,FALSE,"right","right",FALSE
"5eeddefa177a7322144cbc5e","Sofa",2,"Snake",5,"Peas",5,"right",FALSE,"right",FALSE,18,FALSE,FALSE,TRUE,"left","middle",TRUE,FALSE,FALSE,"right","right",FALSE
"63ee9abfa262bea95766dd9c","Hips",2,"Juice",4,"Bead",4,"right",FALSE,"right",FALSE,18,FALSE,FALSE,TRUE,"middle","left",TRUE,FALSE,FALSE,"right","right",TRUE
"66cfab152c56aa0472529001","Circle",1,"Fire truck",1,"Airplane",1,"right",FALSE,"right",TRUE,18,TRUE,FALSE,FALSE,"right","middle",TRUE,FALSE,FALSE,"right","right",TRUE
"6571fd9d691befe21fa61d18","Ostrich",5,"Leaf",1,"Dinosaur",1,"right",FALSE,"left",TRUE,18,FALSE,TRUE,FALSE,"left","left",FALSE,TRUE,FALSE,"left","right",FALSE
"66312361cf5d4099e1330532","Octopus",1,"Stool",1,"Bowl",1,"left",FALSE,"right",FALSE,18,FALSE,FALSE,TRUE,"middle","right",FALSE,TRUE,FALSE,"right","left",FALSE
"6722ea20fb84b196f0a649b6","Bike",5,"Barn",5,"Door",5,"right",FALSE,"middle",TRUE,18,FALSE,FALSE,TRUE,"middle","left",FALSE,FALSE,TRUE,"middle","right",FALSE
"5ddce9f0f85b50c4fc1515a4","Toothpaste",4,"Leg",4,"Meat",4,"left",FALSE,"right",TRUE,18,FALSE,TRUE,FALSE,"right","right",FALSE,TRUE,FALSE,"right","left",FALSE
"5c3bdbf548ad2900017fac31","Keys",3,"Tie",5,"Bucket",5,"right",FALSE,"right",TRUE,18,TRUE,FALSE,FALSE,"right","middle",TRUE,FALSE,FALSE,"right","right",FALSE
"6844a1b95271dfc560af4709","Spoon",4,"Spiderweb",5,"Princess",5,"right",FALSE,"right",TRUE,18,TRUE,FALSE,FALSE,"right","left",TRUE,FALSE,FALSE,"right","right",FALSE
"5e121701dc79bd8a1a22ca99","Camera",3,"Ear",5,"Flower",5,"right",FALSE,"right",TRUE,14,TRUE,FALSE,FALSE,"right","left",TRUE,FALSE,FALSE,"right","right",FALSE
"616ef680ab8ca318a227f5ec","Bead",4,"Mouse",2,"Net",2,"left",FALSE,"left",TRUE,18,TRUE,FALSE,FALSE,"left","middle",TRUE,FALSE,FALSE,"left","left",FALSE
"66d9cd06e207a93377f7820e","Sticker",1,"Stove",1,"Crackers",1,"right",FALSE,"middle",FALSE,18,TRUE,FALSE,FALSE,"right","left",FALSE,FALSE,TRUE,"middle","right",TRUE
"5962a5b29955ee00015bce98","Clock",3,"Slide",4,"Hose",4,"left",FALSE,"right",FALSE,18,FALSE,TRUE,FALSE,"middle","middle",FALSE,FALSE,TRUE,"right","left",TRUE
"641384b3dffcf39ec42d3c23","Teddy Bear",1,"Books",5,"Butterfly",5,"middle",FALSE,"right",TRUE,18,FALSE,TRUE,FALSE,"right","right",FALSE,TRUE,FALSE,"right","middle",FALSE
"59692d61355b45000106c592","Clown",2,"Pancakes",2,"TV",2,"right",FALSE,"middle",TRUE,18,FALSE,TRUE,FALSE,"middle","middle",FALSE,TRUE,FALSE,"middle","right",FALSE
"5dd05d80b2204f1487f7812c","Broom",4,"Mailbox",3,"Slide",3,"left",FALSE,"left",FALSE,18,FALSE,FALSE,TRUE,"right","middle",TRUE,FALSE,FALSE,"left","left",FALSE
"6321d9c78e8e3c04f82a0ea0","Glove",3,"Bee",2,"Tongue",2,"middle",FALSE,"left",FALSE,18,FALSE,FALSE,TRUE,"right","left",FALSE,TRUE,FALSE,"left","middle",FALSE
"632d189d6b8f03d0d3db4c48","Toothbrush",5,"Lunch",4,"Fish",4,"middle",FALSE,"left",TRUE,18,FALSE,FALSE,TRUE,"left","right",FALSE,FALSE,TRUE,"left","middle",TRUE
"63b3377ca1ccdfc7cc567503","Cable",3,"Candy",3,"Spaghetti",3,"right",FALSE,"middle",TRUE,18,FALSE,FALSE,TRUE,"middle","left",FALSE,FALSE,TRUE,"middle","right",TRUE
"6678813aec86d687a654dedb","Fire truck",4,"Bell",1,"Horse",1,"middle",FALSE,"right",TRUE,18,FALSE,FALSE,TRUE,"right","left",FALSE,FALSE,TRUE,"right","middle",FALSE
"55cce6ea34e90600058d1e6d","Chips",3,"Mountain",1,"Chair",1,"right",FALSE,"left",FALSE,18,FALSE,TRUE,FALSE,"middle","middle",FALSE,FALSE,TRUE,"left","right",FALSE
"6658bba1a51a037d25bb677e","Hammer",1,"Soda",4,"Bee",4,"right",FALSE,"right",FALSE,18,FALSE,FALSE,TRUE,"middle","left",TRUE,FALSE,FALSE,"right","right",TRUE
"60f5df9db9380d875c320307","Puzzles",4,"Bandaid",5,"Video Tape",5,"middle",FALSE,"right",TRUE,18,FALSE,FALSE,TRUE,"right","left",FALSE,FALSE,TRUE,"right","middle",FALSE
"63d5b810f3dbbd11e7e65870","Sweater",2,"Pajamas",1,"Magazine",1,"right",FALSE,"right",TRUE,18,TRUE,FALSE,FALSE,"right","middle",TRUE,FALSE,FALSE,"right","right",FALSE
"66d1fdd400acfdbc181f41e0","Play dough",1,"Balls",5,"Rabbit",5,"left",FALSE,"middle",FALSE,18,FALSE,FALSE,TRUE,"right","middle",FALSE,TRUE,FALSE,"middle","left",FALSE
"67b636c4ea38855cbb08ffe3","Mouth",4,"Arm",3,"Butter",3,"right",FALSE,"left",TRUE,18,FALSE,FALSE,TRUE,"left","middle",FALSE,FALSE,TRUE,"left","right",FALSE
"5e1b795dc799223a3b447ada","Socks",4,"Carrots",2,"Pool",2,"middle",FALSE,"right",FALSE,18,FALSE,TRUE,FALSE,"left","left",FALSE,FALSE,TRUE,"right","middle",FALSE
"5c5cad3e4ee81200018eafe2","Bowl",5,"Glove",1,"Door",1,"right",FALSE,"left",TRUE,18,FALSE,FALSE,TRUE,"left","middle",FALSE,FALSE,TRUE,"left","right",FALSE
"5bc5be2572df5f00014479f9","Nose",1,"Toothpaste",1,"Tricycle",1,"middle",FALSE,"right",TRUE,18,FALSE,FALSE,TRUE,"right","left",FALSE,FALSE,TRUE,"right","middle",FALSE
"5f8f436e4676a71879786b95","Sandals",3,"Balloons",2,"Comb",2,"left",FALSE,"right",TRUE,18,FALSE,TRUE,FALSE,"right","right",FALSE,TRUE,FALSE,"right","left",FALSE
"669053bbebafdd430e770142","Kangaroo",1,"Bead",1,"Barn",1,"middle",FALSE,"right",TRUE,18,FALSE,FALSE,TRUE,"right","left",FALSE,FALSE,TRUE,"right","middle",FALSE
"677419f93048c66d62d2bf87","Lamp",2,"Motorcycle",3,"Soup",3,"right",FALSE,"middle",TRUE,18,FALSE,TRUE,FALSE,"middle","middle",FALSE,TRUE,FALSE,"middle","right",FALSE
"574aff1b5bef980007af2745","Bed",1,"Zipper",5,"Soap",5,"right",FALSE,"right",TRUE,18,TRUE,FALSE,FALSE,"right","middle",TRUE,FALSE,FALSE,"right","right",FALSE
"58404fd8ad98e40001ce915f","Rainbow",3,"Pen",3,"Fence",3,"middle",FALSE,"left",TRUE,18,FALSE,TRUE,FALSE,"left","left",FALSE,TRUE,FALSE,"left","middle",FALSE
"5de8887aa2db898017debf1a","Dinosaur",3,"Cup",2,"Peas",2,"middle",FALSE,"right",TRUE,18,FALSE,TRUE,FALSE,"right","right",FALSE,TRUE,FALSE,"right","middle",FALSE
"59d949cf8fd07a000184247e","Baby",4,"Rabbit",1,"Suitcase",1,"right",FALSE,"left",TRUE,18,FALSE,FALSE,TRUE,"left","middle",FALSE,FALSE,TRUE,"left","right",FALSE
"662945728093113a43ab8077","Washcloth",5,"Belt",3,"Head",3,"middle",FALSE,"middle",TRUE,18,TRUE,FALSE,FALSE,"middle","left",TRUE,FALSE,FALSE,"middle","middle",TRUE
"676058418c08c71e4bb7cbd1","Spoon",4,"Dog",4,"Feather",4,"left",FALSE,"left",TRUE,18,TRUE,FALSE,FALSE,"left","middle",TRUE,FALSE,FALSE,"left","left",TRUE
"6643d22289210a4edf21e84d","Spaghetti",3,"Owl",2,"Paints",2,"right",FALSE,"left",TRUE,18,FALSE,FALSE,TRUE,"left","middle",FALSE,FALSE,TRUE,"left","right",FALSE
"58954e2dc88c680001dd4b7e","Mountain",3,"Mouth",2,"Ear",2,"left",FALSE,"right",TRUE,18,FALSE,FALSE,TRUE,"right","middle",FALSE,FALSE,TRUE,"right","left",TRUE
"5b757a03976ecb0001b1168f","Motorcycle",4,"Spiderweb",3,"Umbrella",3,"left",FALSE,"left",TRUE,18,TRUE,FALSE,FALSE,"left","middle",TRUE,FALSE,FALSE,"left","left",FALSE
"681b781064a5701a5ceee3bc","Chicken",5,"Candy",1,"Sheep",1,"right",FALSE,"left",TRUE,18,FALSE,FALSE,TRUE,"left","middle",FALSE,FALSE,TRUE,"left","right",TRUE
"6716c6700f376dc7f534af9d","Juice",1,"Wheel",5,"Hot Dog",5,"right",FALSE,"left",TRUE,18,FALSE,FALSE,TRUE,"left","middle",FALSE,FALSE,TRUE,"left","right",FALSE
"671a3ac3dada5efe6d439698","Envelope",2,"Eyes",3,"Flower",3,"left",FALSE,"right",TRUE,18,FALSE,FALSE,TRUE,"right","middle",FALSE,FALSE,TRUE,"right","left",FALSE
"676b89007874c8eace113276","Crown",5,"Popsicle",4,"Balls",4,"left",FALSE,"left",TRUE,18,TRUE,FALSE,FALSE,"left","middle",TRUE,FALSE,FALSE,"left","left",FALSE
"6825af939111d286546fdde6","Spaghetti",1,"Arm",2,"TV",2,"left",FALSE,"middle",FALSE,18,TRUE,FALSE,FALSE,"left","right",FALSE,FALSE,TRUE,"middle","left",FALSE
"67164c92298409e37c670b3d","Boat",4,"Rainbow",4,"Fish",4,"middle",FALSE,"middle",TRUE,18,TRUE,FALSE,FALSE,"middle","left",TRUE,FALSE,FALSE,"middle","middle",FALSE
"682b3f63d0e2c4eff64fe664","Cupcake",2,"Play dough",3,"Pencil",3,"right",FALSE,"middle",FALSE,18,TRUE,FALSE,FALSE,"right","left",FALSE,FALSE,TRUE,"middle","right",TRUE
"5d3695969749cc00165c222f","Sandals",2,"Shoulders",5,"Window",5,"middle",FALSE,"middle",TRUE,18,TRUE,FALSE,FALSE,"middle","right",TRUE,FALSE,FALSE,"middle","middle",TRUE
"664521e03117b782ed4fff45","Ear",1,"Swimsuit",2,"Teapot",2,"middle",FALSE,"middle",FALSE,18,FALSE,FALSE,TRUE,"right","left",TRUE,FALSE,FALSE,"middle","middle",FALSE
"5f0db498f5e4e102c0f65b67","Sheep",2,"Pretzel",2,"Door",2,"right",FALSE,"right",TRUE,14,TRUE,FALSE,FALSE,"right","left",TRUE,FALSE,FALSE,"right","right",FALSE
"6773dea609f77d473900997a","Shoulders",3,"Sunglasses",2,"Glue",2,"left",FALSE,"right",FALSE,18,TRUE,FALSE,FALSE,"left","middle",FALSE,FALSE,TRUE,"right","left",TRUE
"637fcee60a8378c1c3a65898","Ladder",4,"Phone",1,"Horse",1,"right",FALSE,"left",TRUE,18,FALSE,FALSE,TRUE,"left","middle",FALSE,FALSE,TRUE,"left","right",FALSE
"63f77a5dde1ea03305e119e0","Envelope",4,"Flashlight",3,"Box",3,"middle",FALSE,"left",TRUE,18,FALSE,FALSE,TRUE,"left","right",FALSE,FALSE,TRUE,"left","middle",FALSE
"5fbf90f025a567296d943c7e","Hands",1,"Sink",4,"Fingers",4,"left",FALSE,"middle",TRUE,18,FALSE,TRUE,FALSE,"middle","middle",FALSE,TRUE,FALSE,"middle","left",FALSE
"636d6ce3fb3683ff33f9e514","Brush",2,"Broom",3,"Milk",3,"left",FALSE,"right",FALSE,18,TRUE,FALSE,FALSE,"left","middle",FALSE,FALSE,TRUE,"right","left",FALSE
"5af2a03697a14300017d2ba4","Battery",1,"Hands",3,"Bone",3,"right",FALSE,"right",TRUE,18,TRUE,FALSE,FALSE,"right","middle",TRUE,FALSE,FALSE,"right","right",FALSE
"60e3a25e8be835f754795d93","Helicopter",1,"Elbow",1,"Dolls",1,"right",FALSE,"right",TRUE,18,TRUE,FALSE,FALSE,"right","left",TRUE,FALSE,FALSE,"right","right",TRUE
"66b5172c8f0bd3b23ce66c22","Stairs",4,"Glue",3,"Toilet",3,"middle",FALSE,"middle",FALSE,19,FALSE,FALSE,TRUE,"left","right",TRUE,FALSE,FALSE,"middle","middle",FALSE
"5ba60abd9629a90001b36fdc","Washcloth",5,"Duck",4,"Flower",4,"right",FALSE,"middle",FALSE,19,FALSE,TRUE,FALSE,"left","left",FALSE,FALSE,TRUE,"middle","right",FALSE
"65dc99d0191a135ab835bf69","Shovel",4,"Toy",1,"Cupcake",1,"middle",FALSE,"left",TRUE,19,FALSE,FALSE,TRUE,"left","right",FALSE,FALSE,TRUE,"left","middle",FALSE
"60fe7bf61c7567f5cca9ade6","Cow",1,"Potatoes",2,"Slinky",2,"middle",FALSE,"left",TRUE,19,FALSE,FALSE,TRUE,"left","right",FALSE,FALSE,TRUE,"left","middle",TRUE
"5c9d88bb2b3c77001744ec1c","Dinosaur",2,"Fire truck",1,"Candle",1,"right",FALSE,"right",TRUE,19,TRUE,FALSE,FALSE,"right","middle",TRUE,FALSE,FALSE,"right","right",FALSE
"5e283f576dbb560114ac7714","Square",3,"Sink",1,"Movie",1,"right",FALSE,"right",FALSE,19,FALSE,FALSE,TRUE,"middle","left",TRUE,FALSE,FALSE,"right","right",FALSE
"62e02b1ed5b0fbc1b1dc09e7","Monkey",4,"Blocks",2,"Box",2,"middle",FALSE,"left",TRUE,19,FALSE,FALSE,TRUE,"left","right",FALSE,FALSE,TRUE,"left","middle",FALSE
"5ecf9b46617a9b3dd56b3fe3","Mailbox",4,"Bike",1,"Lion",1,"middle",FALSE,"left",TRUE,19,FALSE,FALSE,TRUE,"left","right",FALSE,FALSE,TRUE,"left","middle",TRUE
"590b3401182caf0001ab5801","Sink",5,"Bathtub",5,"Waffle",5,"right",FALSE,"middle",TRUE,19,FALSE,FALSE,TRUE,"middle","left",FALSE,FALSE,TRUE,"middle","right",FALSE
"65c11389b0d2ba8e63cb8b22","Pudding",1,"Stool",4,"Turtle",4,"middle",FALSE,"left",FALSE,19,TRUE,FALSE,FALSE,"middle","left",FALSE,TRUE,FALSE,"left","middle",FALSE
"5d15160539eeea001683830c","Hands",1,"Chalk",3,"Computer",3,"right",FALSE,"middle",TRUE,19,FALSE,FALSE,TRUE,"middle","left",FALSE,FALSE,TRUE,"middle","right",FALSE
"6620b6a209127dafd5b2dfb9","Toes",4,"Shoulders",2,"Puppets",2,"right",FALSE,"right",FALSE,19,FALSE,FALSE,TRUE,"left","middle",TRUE,FALSE,FALSE,"right","right",FALSE
"56c65a5a305eaa0005f2a634","Elbow",4,"Octopus",2,"Books",2,"left",FALSE,"middle",TRUE,19,FALSE,TRUE,FALSE,"middle","middle",FALSE,TRUE,FALSE,"middle","left",FALSE
"59fb1518b47dfc0001b6659b","Elbow",3,"Sticker",1,"Doughnut",1,"right",FALSE,"right",TRUE,19,TRUE,FALSE,FALSE,"right","middle",TRUE,FALSE,FALSE,"right","right",FALSE
"602c0fc2eff74b4748e9b41e","Queen",3,"Coloring Book",4,"Backpack",4,"middle",FALSE,"middle",TRUE,19,TRUE,FALSE,FALSE,"middle","left",TRUE,FALSE,FALSE,"middle","middle",FALSE
"5bcc98d1db645700015222b5","Popsicle",3,"Balls",4,"Moon",4,"left",FALSE,"middle",TRUE,19,FALSE,FALSE,TRUE,"middle","right",FALSE,FALSE,TRUE,"middle","left",FALSE
"6773e6e6b205d22a2e097735","Pretzel",4,"Bike",1,"Fire",1,"right",FALSE,"left",TRUE,19,FALSE,TRUE,FALSE,"left","left",FALSE,TRUE,FALSE,"left","right",FALSE
"67505c42a18c872bab88ed42","Cookies",5,"Spider",1,"Puzzles",1,"right",FALSE,"left",FALSE,19,TRUE,FALSE,FALSE,"right","left",FALSE,TRUE,FALSE,"left","right",FALSE
"62a1e021702679d27813a3e2","Snow",1,"Moon",4,"Knife",4,"right",FALSE,"left",TRUE,19,FALSE,TRUE,FALSE,"left","left",FALSE,TRUE,FALSE,"left","right",FALSE
"639f294882a3797f77a3dd81","Battery",5,"Mirror",2,"Comb",2,"right",FALSE,"left",TRUE,19,FALSE,TRUE,FALSE,"left","left",FALSE,TRUE,FALSE,"left","right",FALSE
"654bc148c95bca00d541ec33","Hoop",5,"Head",5,"Comb",5,"right",FALSE,"middle",TRUE,19,FALSE,FALSE,TRUE,"middle","left",FALSE,FALSE,TRUE,"middle","right",TRUE
"5d23460ad4c57900192b129c","Car",3,"Sunglasses",4,"Hot Dog",4,"middle",FALSE,"left",FALSE,19,TRUE,FALSE,FALSE,"middle","left",FALSE,TRUE,FALSE,"left","middle",FALSE
"67673cda94b4d0cf1a6a7382","Wing",3,"Sand",4,"Socks",4,"left",FALSE,"left",FALSE,19,FALSE,FALSE,TRUE,"right","middle",TRUE,FALSE,FALSE,"left","left",FALSE
"5c4f5967aac8be0001716a65","Monkey",1,"Bathtub",1,"Mouth",1,"right",FALSE,"left",FALSE,19,TRUE,FALSE,FALSE,"right","left",FALSE,TRUE,FALSE,"left","right",FALSE
"67758c9a30d6819221153393","Bed",5,"Sandwich",2,"Fish",2,"middle",FALSE,"left",TRUE,19,FALSE,FALSE,TRUE,"left","right",FALSE,FALSE,TRUE,"left","middle",FALSE
"66b37344796f45313433abc8","Rainbow",5,"Head",5,"Cloud",5,"right",FALSE,"left",FALSE,19,TRUE,FALSE,FALSE,"right","middle",FALSE,FALSE,TRUE,"left","right",FALSE
"632096b5574155e8727c50cc","Baby",4,"Bike",3,"Sweater",3,"left",FALSE,"middle",FALSE,19,TRUE,FALSE,FALSE,"left","right",FALSE,FALSE,TRUE,"middle","left",FALSE
"66dcc0e54f44ccecf2730c76","Hot Dog",3,"Spaghetti",3,"Cloud",3,"middle",FALSE,"middle",FALSE,19,FALSE,TRUE,FALSE,"left","left",TRUE,FALSE,FALSE,"middle","middle",TRUE
"60fac7ec133b6bf250d6d668","Leaf",3,"Scissors",1,"Glasses",1,"middle",FALSE,"right",FALSE,19,FALSE,FALSE,TRUE,"left","right",FALSE,TRUE,FALSE,"right","middle",FALSE
"5e459f61418f610891628564","Queen",1,"Toilet",3,"Bandaid",3,"middle",FALSE,"right",FALSE,19,TRUE,FALSE,FALSE,"middle","right",FALSE,TRUE,FALSE,"right","middle",FALSE
"5e89ec793c01b3685a00bb12","Meat",2,"Peas",3,"Bananas",3,"right",TRUE,"right",TRUE,19,TRUE,FALSE,FALSE,"right","left",TRUE,FALSE,FALSE,"right","right",FALSE
"631d197eba06364cbea7fab2","Bananas",3,"Popsicle",3,"Fire truck",3,"left",TRUE,"left",TRUE,19,TRUE,FALSE,FALSE,"left","middle",TRUE,FALSE,FALSE,"left","left",TRUE
"61656042f505fd7fa53e8628","Bear",2,"Duck",5,"Moon",5,"middle",FALSE,"middle",TRUE,15,TRUE,FALSE,FALSE,"middle","left",TRUE,FALSE,FALSE,"middle","middle",FALSE
"66fd3f6c93c24ecc119be354","Candy",3,"Princess",3,"Grass",3,"right",FALSE,"middle",FALSE,19,FALSE,TRUE,FALSE,"left","left",FALSE,FALSE,TRUE,"middle","right",TRUE
"5af1a4bc6e136b0001411714","Leg",3,"Chips",5,"Balls",5,"left",FALSE,"middle",TRUE,19,FALSE,TRUE,FALSE,"middle","middle",FALSE,TRUE,FALSE,"middle","left",FALSE
"60ed501279c68ea1a313d0aa","Rainbow",1,"Hot Dog",5,"Bottle",5,"middle",FALSE,"middle",FALSE,19,FALSE,TRUE,FALSE,"right","right",TRUE,FALSE,FALSE,"middle","middle",FALSE
"5bf2f728bd9f150001f6cc42","Tape",4,"Puppets",1,"Cereal",1,"left",FALSE,"left",TRUE,19,TRUE,FALSE,FALSE,"left","middle",TRUE,FALSE,FALSE,"left","left",FALSE
"59a734ce0c87a000017481ed","Paper",3,"Ostrich",1,"Balloons",1,"middle",FALSE,"left",FALSE,19,FALSE,TRUE,FALSE,"right","right",FALSE,FALSE,TRUE,"left","middle",FALSE
"615e420a23219efe3427a367","Bus",4,"Underwear",5,"Airplane",5,"middle",FALSE,"middle",FALSE,19,FALSE,TRUE,FALSE,"right","right",TRUE,FALSE,FALSE,"middle","middle",FALSE
"66b244a2f436437d3e109bbe","Mailbox",4,"Moon",2,"Gorilla",2,"middle",FALSE,"middle",TRUE,19,TRUE,FALSE,FALSE,"middle","right",TRUE,FALSE,FALSE,"middle","middle",TRUE
"5f1b05a8703c380d1393bb27","Moon",2,"Shampoo",3,"Ghost",3,"middle",FALSE,"middle",TRUE,19,TRUE,FALSE,FALSE,"middle","right",TRUE,FALSE,FALSE,"middle","middle",FALSE
"6684497541f835bd67a199b2","Diaper",1,"Broom",1,"Bread",1,"right",FALSE,"right",TRUE,19,TRUE,FALSE,FALSE,"right","left",TRUE,FALSE,FALSE,"right","right",FALSE
"5eeddefa177a7322144cbc5e","Car",4,"Hamburger",4,"Bucket",4,"right",FALSE,"middle",FALSE,19,FALSE,FALSE,TRUE,"left","middle",FALSE,TRUE,FALSE,"middle","right",FALSE
"63ee9abfa262bea95766dd9c","Pot",3,"Soup",1,"Baby",1,"right",FALSE,"right",FALSE,19,FALSE,FALSE,TRUE,"middle","left",TRUE,FALSE,FALSE,"right","right",TRUE
"66cfab152c56aa0472529001","Bowl",5,"Train",5,"Stove",5,"right",FALSE,"right",FALSE,19,FALSE,FALSE,TRUE,"left","middle",TRUE,FALSE,FALSE,"right","right",TRUE
"6571fd9d691befe21fa61d18","Chair",4,"Bagel",1,"Princess",1,"middle",FALSE,"left",TRUE,19,FALSE,TRUE,FALSE,"left","left",FALSE,TRUE,FALSE,"left","middle",FALSE
"66312361cf5d4099e1330532","Horse",5,"Airplane",5,"Tree",5,"left",FALSE,"left",FALSE,19,FALSE,FALSE,TRUE,"middle","right",TRUE,FALSE,FALSE,"left","left",FALSE
"6722ea20fb84b196f0a649b6","Spaghetti",2,"House",3,"Lamp",3,"right",FALSE,"left",TRUE,19,FALSE,TRUE,FALSE,"left","left",FALSE,TRUE,FALSE,"left","right",FALSE
"5ddce9f0f85b50c4fc1515a4","Rice",4,"Curtain",5,"Squirrel",5,"left",FALSE,"left",TRUE,19,TRUE,FALSE,FALSE,"left","right",TRUE,FALSE,FALSE,"left","left",FALSE
"5c3bdbf548ad2900017fac31","Sheep",3,"Shovel",2,"Meat",2,"right",FALSE,"right",TRUE,19,TRUE,FALSE,FALSE,"right","middle",TRUE,FALSE,FALSE,"right","right",FALSE
"6844a1b95271dfc560af4709","Socks",1,"Envelope",2,"Watch",2,"middle",FALSE,"middle",FALSE,19,FALSE,FALSE,TRUE,"right","left",TRUE,FALSE,FALSE,"middle","middle",FALSE
"5e121701dc79bd8a1a22ca99","Shorts",3,"Bike",3,"Bracelet",3,"middle",FALSE,"left",TRUE,15,FALSE,TRUE,FALSE,"left","left",FALSE,TRUE,FALSE,"left","middle",FALSE
"616ef680ab8ca318a227f5ec","Soap",2,"Spiderweb",4,"Broom",4,"right",FALSE,"left",TRUE,19,FALSE,FALSE,TRUE,"left","middle",FALSE,FALSE,TRUE,"left","right",FALSE
"66d9cd06e207a93377f7820e","Paper",5,"Door",3,"Box",3,"right",FALSE,"middle",FALSE,19,FALSE,TRUE,FALSE,"left","left",FALSE,FALSE,TRUE,"middle","right",TRUE
"5962a5b29955ee00015bce98","Radio",5,"Phone",5,"Umbrella",5,"left",FALSE,"right",TRUE,19,FALSE,FALSE,TRUE,"right","middle",FALSE,FALSE,TRUE,"right","left",TRUE
"641384b3dffcf39ec42d3c23","Candy",2,"Bowl",3,"Cow",3,"middle",FALSE,"left",TRUE,19,FALSE,FALSE,TRUE,"left","right",FALSE,FALSE,TRUE,"left","middle",FALSE
"59692d61355b45000106c592","Eyes",3,"Goal",5,"Diaper",5,"left",FALSE,"left",TRUE,19,TRUE,FALSE,FALSE,"left","middle",TRUE,FALSE,FALSE,"left","left",FALSE
"5dd05d80b2204f1487f7812c","Blocks",2,"Curtain",2,"Bird",2,"right",FALSE,"middle",TRUE,19,FALSE,TRUE,FALSE,"middle","middle",FALSE,TRUE,FALSE,"middle","right",FALSE
"6321d9c78e8e3c04f82a0ea0","Truck",4,"Socks",3,"Teeth",3,"middle",FALSE,"left",FALSE,19,TRUE,FALSE,FALSE,"middle","left",FALSE,TRUE,FALSE,"left","middle",FALSE
"632d189d6b8f03d0d3db4c48","Cow",1,"Video Tape",3,"Hanger",3,"middle",FALSE,"middle",TRUE,19,TRUE,FALSE,FALSE,"middle","right",TRUE,FALSE,FALSE,"middle","middle",TRUE
"63b3377ca1ccdfc7cc567503","House",5,"Shovel",4,"Puzzles",4,"right",FALSE,"left",TRUE,19,FALSE,TRUE,FALSE,"left","left",FALSE,TRUE,FALSE,"left","right",TRUE
"6678813aec86d687a654dedb","Cow",2,"Lizard",5,"Tongue",5,"middle",FALSE,"right",TRUE,19,FALSE,FALSE,TRUE,"right","left",FALSE,FALSE,TRUE,"right","middle",FALSE
"55cce6ea34e90600058d1e6d","Triangle",1,"Bike",4,"Dresser",4,"right",FALSE,"right",TRUE,19,TRUE,FALSE,FALSE,"right","middle",TRUE,FALSE,FALSE,"right","right",FALSE
"6658bba1a51a037d25bb677e","Tie",3,"Fly",1,"Butter",1,"middle",FALSE,"middle",TRUE,19,TRUE,FALSE,FALSE,"middle","left",TRUE,FALSE,FALSE,"middle","middle",TRUE
"60f5df9db9380d875c320307","Pizza",1,"Spider",4,"Napkin",4,"middle",FALSE,"middle",TRUE,19,TRUE,FALSE,FALSE,"middle","left",TRUE,FALSE,FALSE,"middle","middle",FALSE
"63d5b810f3dbbd11e7e65870","Octopus",3,"Sandwich",2,"Teeth",2,"right",FALSE,"left",TRUE,19,FALSE,FALSE,TRUE,"left","middle",FALSE,FALSE,TRUE,"left","right",FALSE
"66d1fdd400acfdbc181f41e0","Suitcase",4,"Triangle",3,"Button",3,"right",FALSE,"left",TRUE,19,FALSE,FALSE,TRUE,"left","middle",FALSE,FALSE,TRUE,"left","right",FALSE
"67b636c4ea38855cbb08ffe3","Cookies",1,"Bed",3,"Hoop",3,"right",FALSE,"right",TRUE,19,TRUE,FALSE,FALSE,"right","middle",TRUE,FALSE,FALSE,"right","right",FALSE
"5e1b795dc799223a3b447ada","Sandals",2,"Iron",3,"Pan",3,"middle",FALSE,"left",FALSE,19,TRUE,FALSE,FALSE,"middle","left",FALSE,TRUE,FALSE,"left","middle",FALSE
"5c5cad3e4ee81200018eafe2","Pretzel",4,"Circle",2,"Dolphin",2,"left",FALSE,"right",TRUE,19,FALSE,FALSE,TRUE,"right","middle",FALSE,FALSE,TRUE,"right","left",FALSE
"5bc5be2572df5f00014479f9","Waffle",3,"Wheel",3,"Wagon",3,"right",FALSE,"right",TRUE,19,TRUE,FALSE,FALSE,"right","left",TRUE,FALSE,FALSE,"right","right",FALSE
"5f8f436e4676a71879786b95","Cereal",3,"Cookies",5,"Leaf",5,"middle",FALSE,"middle",FALSE,19,FALSE,FALSE,TRUE,"left","right",TRUE,FALSE,FALSE,"middle","middle",FALSE
"669053bbebafdd430e770142","Pillow",3,"Towels",5,"Motorcycle",5,"right",FALSE,"middle",FALSE,19,FALSE,TRUE,FALSE,"left","left",FALSE,FALSE,TRUE,"middle","right",FALSE
"677419f93048c66d62d2bf87","Bagel",5,"Bread",1,"Cereal",1,"left",FALSE,"left",TRUE,19,TRUE,FALSE,FALSE,"left","middle",TRUE,FALSE,FALSE,"left","left",FALSE
"574aff1b5bef980007af2745","Fork",1,"Glue",4,"Tie",4,"right",FALSE,"left",FALSE,19,FALSE,TRUE,FALSE,"middle","middle",FALSE,FALSE,TRUE,"left","right",FALSE
"58404fd8ad98e40001ce915f","Crayons",5,"Peas",2,"Bean",2,"right",FALSE,"middle",TRUE,19,FALSE,FALSE,TRUE,"middle","left",FALSE,FALSE,TRUE,"middle","right",FALSE
"5de8887aa2db898017debf1a","Toes",5,"Bus",1,"Boots",1,"left",FALSE,"left",TRUE,19,TRUE,FALSE,FALSE,"left","right",TRUE,FALSE,FALSE,"left","left",FALSE
"59d949cf8fd07a000184247e","Bow",2,"Waffle",4,"Owl",4,"right",FALSE,"right",TRUE,19,TRUE,FALSE,FALSE,"right","middle",TRUE,FALSE,FALSE,"right","right",FALSE
"662945728093113a43ab8077","Hose",1,"Bubbles",3,"Snake",3,"middle",FALSE,"middle",TRUE,19,TRUE,FALSE,FALSE,"middle","left",TRUE,FALSE,FALSE,"middle","middle",TRUE
"676058418c08c71e4bb7cbd1","Fire truck",5,"Crown",5,"Teddy Bear",5,"right",FALSE,"right",TRUE,19,TRUE,FALSE,FALSE,"right","middle",TRUE,FALSE,FALSE,"right","right",TRUE
"6643d22289210a4edf21e84d","Crayons",3,"Shoes",3,"Sink",3,"right",FALSE,"left",FALSE,19,TRUE,FALSE,FALSE,"right","middle",FALSE,FALSE,TRUE,"left","right",FALSE
"58954e2dc88c680001dd4b7e","Drum",1,"Camera",1,"Tape",1,"right",FALSE,"right",TRUE,19,TRUE,FALSE,FALSE,"right","middle",TRUE,FALSE,FALSE,"right","right",TRUE
"5b757a03976ecb0001b1168f","Apples",3,"Goal",1,"Washcloth",1,"left",TRUE,"left",TRUE,19,TRUE,FALSE,FALSE,"left","middle",TRUE,FALSE,FALSE,"left","left",FALSE
"681b781064a5701a5ceee3bc","Purse",1,"Fish",5,"Queen",5,"left",FALSE,"middle",TRUE,19,FALSE,TRUE,FALSE,"middle","middle",FALSE,TRUE,FALSE,"middle","left",TRUE
"6716c6700f376dc7f534af9d","Glove",1,"Chicken",5,"Nose",5,"left",FALSE,"middle",TRUE,19,FALSE,TRUE,FALSE,"middle","middle",FALSE,TRUE,FALSE,"middle","left",FALSE
"671a3ac3dada5efe6d439698","Fries",1,"String",1,"Hamburger",1,"left",FALSE,"right",TRUE,19,FALSE,FALSE,TRUE,"right","middle",FALSE,FALSE,TRUE,"right","left",FALSE
"676b89007874c8eace113276","Dolphin",5,"Toothpaste",1,"Moon",1,"right",FALSE,"middle",TRUE,19,FALSE,TRUE,FALSE,"middle","middle",FALSE,TRUE,FALSE,"middle","right",FALSE
"6825af939111d286546fdde6","Clown",3,"Shampoo",3,"Bubbles",3,"left",FALSE,"middle",FALSE,19,FALSE,TRUE,FALSE,"right","right",FALSE,FALSE,TRUE,"middle","left",FALSE
"67164c92298409e37c670b3d","Duck",2,"Sunglasses",1,"Leaf",1,"middle",FALSE,"right",TRUE,19,FALSE,FALSE,TRUE,"right","left",FALSE,FALSE,TRUE,"right","middle",FALSE
"682b3f63d0e2c4eff64fe664","Stamps",1,"Dog",5,"Lunch",5,"middle",FALSE,"middle",FALSE,19,FALSE,FALSE,TRUE,"right","left",TRUE,FALSE,FALSE,"middle","middle",TRUE
"5d3695969749cc00165c222f","Leaf",5,"Bug",1,"House",1,"middle",FALSE,"left",TRUE,19,FALSE,FALSE,TRUE,"left","right",FALSE,FALSE,TRUE,"left","middle",TRUE
"664521e03117b782ed4fff45","Lizard",3,"Sandals",2,"Glasses",2,"middle",FALSE,"left",TRUE,19,FALSE,TRUE,FALSE,"left","left",FALSE,TRUE,FALSE,"left","middle",FALSE
"5f0db498f5e4e102c0f65b67","Window",4,"Crackers",2,"Princess",2,"right",FALSE,"left",TRUE,15,FALSE,TRUE,FALSE,"left","left",FALSE,TRUE,FALSE,"left","right",FALSE
"6773dea609f77d473900997a","Toes",3,"Kangaroo",5,"Peas",5,"left",FALSE,"right",FALSE,19,FALSE,TRUE,FALSE,"middle","middle",FALSE,FALSE,TRUE,"right","left",TRUE
"637fcee60a8378c1c3a65898","Dolls",2,"Hot Dog",2,"Bagel",2,"right",FALSE,"right",TRUE,19,TRUE,FALSE,FALSE,"right","middle",TRUE,FALSE,FALSE,"right","right",FALSE
"63f77a5dde1ea03305e119e0","Bathtub",5,"Snake",1,"Bacon",1,"left",FALSE,"right",TRUE,19,FALSE,TRUE,FALSE,"right","right",FALSE,TRUE,FALSE,"right","left",FALSE
"5fbf90f025a567296d943c7e","Belt",5,"Glue",2,"Arm",2,"right",FALSE,"left",FALSE,19,TRUE,FALSE,FALSE,"right","middle",FALSE,FALSE,TRUE,"left","right",FALSE
"636d6ce3fb3683ff33f9e514","Eyes",1,"Boots",2,"Cereal",2,"left",FALSE,"right",FALSE,19,FALSE,TRUE,FALSE,"middle","middle",FALSE,FALSE,TRUE,"right","left",FALSE
"5af2a03697a14300017d2ba4","Pizza",5,"Hair",3,"Bag",3,"right",FALSE,"left",TRUE,19,FALSE,FALSE,TRUE,"left","middle",FALSE,FALSE,TRUE,"left","right",FALSE
"60e3a25e8be835f754795d93","Juice",4,"Airplane",4,"Bed",4,"middle",FALSE,"left",FALSE,19,TRUE,FALSE,FALSE,"middle","left",FALSE,TRUE,FALSE,"left","middle",TRUE
"66b5172c8f0bd3b23ce66c22","Car",3,"Bucket",2,"Cookies",2,"left",FALSE,"middle",FALSE,20,FALSE,TRUE,FALSE,"right","right",FALSE,FALSE,TRUE,"middle","left",FALSE
"5ba60abd9629a90001b36fdc","Soup",2,"Toothbrush",5,"Cereal",5,"right",FALSE,"middle",TRUE,20,FALSE,FALSE,TRUE,"middle","left",FALSE,FALSE,TRUE,"middle","right",FALSE
"65dc99d0191a135ab835bf69","Battery",2,"Rain",4,"Clown",4,"left",FALSE,"middle",FALSE,20,FALSE,TRUE,FALSE,"right","right",FALSE,FALSE,TRUE,"middle","left",FALSE
"60fe7bf61c7567f5cca9ade6","Mailbox",2,"Hanger",3,"Puppets",3,"left",FALSE,"left",TRUE,20,TRUE,FALSE,FALSE,"left","right",TRUE,FALSE,FALSE,"left","left",TRUE
"5c9d88bb2b3c77001744ec1c","Tissue",5,"Scooter",4,"Jacket",4,"left",FALSE,"left",FALSE,20,FALSE,FALSE,TRUE,"right","middle",TRUE,FALSE,FALSE,"left","left",FALSE
"5e283f576dbb560114ac7714","Clock",5,"Knife",4,"Goal",4,"middle",FALSE,"left",FALSE,20,TRUE,FALSE,FALSE,"middle","left",FALSE,TRUE,FALSE,"left","middle",FALSE
"62e02b1ed5b0fbc1b1dc09e7","Envelope",4,"Hose",1,"Goal",1,"middle",FALSE,"right",TRUE,20,FALSE,TRUE,FALSE,"right","right",FALSE,TRUE,FALSE,"right","middle",FALSE
"5ecf9b46617a9b3dd56b3fe3","Leg",5,"Horse",2,"Napkin",2,"left",FALSE,"left",FALSE,20,FALSE,FALSE,TRUE,"middle","right",TRUE,FALSE,FALSE,"left","left",TRUE
"590b3401182caf0001ab5801","Straw",5,"Cable",1,"Fingernail",1,"middle",FALSE,"left",TRUE,20,FALSE,TRUE,FALSE,"left","left",FALSE,TRUE,FALSE,"left","middle",FALSE
"65c11389b0d2ba8e63cb8b22","Rock",1,"Tiger",4,"Bed",4,"right",FALSE,"right",TRUE,20,TRUE,FALSE,FALSE,"right","left",TRUE,FALSE,FALSE,"right","right",FALSE
"5d15160539eeea001683830c","Iron",1,"Wagon",1,"CD",1,"right",FALSE,"right",TRUE,20,TRUE,FALSE,FALSE,"right","left",TRUE,FALSE,FALSE,"right","right",FALSE
"6620b6a209127dafd5b2dfb9","Stool",4,"Eggs",3,"Boat",3,"left",FALSE,"left",FALSE,20,FALSE,FALSE,TRUE,"right","middle",TRUE,FALSE,FALSE,"left","left",FALSE
"56c65a5a305eaa0005f2a634","Leaf",1,"Sweater",3,"Bug",3,"right",FALSE,"middle",FALSE,20,FALSE,FALSE,TRUE,"left","middle",FALSE,TRUE,FALSE,"middle","right",FALSE
"59fb1518b47dfc0001b6659b","Coloring Book",5,"Towels",4,"Bandaid",4,"right",FALSE,"left",TRUE,20,FALSE,FALSE,TRUE,"left","middle",FALSE,FALSE,TRUE,"left","right",FALSE
"602c0fc2eff74b4748e9b41e","Teeth",1,"Books",2,"Pen",2,"right",FALSE,"middle",TRUE,20,FALSE,FALSE,TRUE,"middle","left",FALSE,FALSE,TRUE,"middle","right",FALSE
"5bcc98d1db645700015222b5","Nose",4,"Scissors",1,"Fire truck",1,"left",FALSE,"middle",FALSE,20,TRUE,FALSE,FALSE,"left","right",FALSE,FALSE,TRUE,"middle","left",FALSE
"6773e6e6b205d22a2e097735","Cup",2,"Popcorn",2,"Marker",2,"right",FALSE,"right",TRUE,20,TRUE,FALSE,FALSE,"right","left",TRUE,FALSE,FALSE,"right","right",FALSE
"67505c42a18c872bab88ed42","Spoon",2,"Curtain",5,"Toy",5,"middle",FALSE,"middle",TRUE,20,TRUE,FALSE,FALSE,"middle","left",TRUE,FALSE,FALSE,"middle","middle",FALSE
"62a1e021702679d27813a3e2","Nest",5,"Owl",3,"Carrots",3,"right",FALSE,"left",FALSE,20,TRUE,FALSE,FALSE,"right","left",FALSE,TRUE,FALSE,"left","right",FALSE
"639f294882a3797f77a3dd81","Watch",3,"Sand",3,"Swimsuit",3,"right",FALSE,"left",TRUE,20,FALSE,TRUE,FALSE,"left","left",FALSE,TRUE,FALSE,"left","right",FALSE
"654bc148c95bca00d541ec33","Leg",5,"Spoon",2,"Dress",2,"middle",FALSE,"left",TRUE,20,FALSE,TRUE,FALSE,"left","left",FALSE,TRUE,FALSE,"left","middle",TRUE
"5d23460ad4c57900192b129c","Pie",2,"Peas",4,"Belt",4,"right",FALSE,"middle",TRUE,20,FALSE,FALSE,TRUE,"middle","left",FALSE,FALSE,TRUE,"middle","right",FALSE
"67673cda94b4d0cf1a6a7382","Tree",1,"Glue",2,"Bird",2,"left",FALSE,"middle",TRUE,20,FALSE,TRUE,FALSE,"middle","middle",FALSE,TRUE,FALSE,"middle","left",FALSE
"5c4f5967aac8be0001716a65","Bed",1,"Table",1,"Cake",1,"right",FALSE,"right",FALSE,20,FALSE,TRUE,FALSE,"left","left",TRUE,FALSE,FALSE,"right","right",FALSE
"67758c9a30d6819221153393","Fingernail",5,"Bubbles",3,"Notebook",3,"middle",FALSE,"left",TRUE,20,FALSE,FALSE,TRUE,"left","right",FALSE,FALSE,TRUE,"left","middle",FALSE
"66b37344796f45313433abc8","Moon",5,"Bacon",2,"Doughnut",2,"right",FALSE,"left",FALSE,20,FALSE,TRUE,FALSE,"middle","middle",FALSE,FALSE,TRUE,"left","right",FALSE
"632096b5574155e8727c50cc","Blocks",1,"Backpack",5,"Pants",5,"left",FALSE,"middle",TRUE,20,FALSE,FALSE,TRUE,"middle","right",FALSE,FALSE,TRUE,"middle","left",FALSE
"66dcc0e54f44ccecf2730c76","Hair",2,"Nose",4,"Crayons",4,"right",FALSE,"right",TRUE,20,TRUE,FALSE,FALSE,"right","left",TRUE,FALSE,FALSE,"right","right",TRUE
"60fac7ec133b6bf250d6d668","Box",1,"Square",1,"Coloring Book",1,"left",FALSE,"right",TRUE,20,FALSE,TRUE,FALSE,"right","right",FALSE,TRUE,FALSE,"right","left",FALSE
"5e459f61418f610891628564","Cupcake",4,"Box",2,"Meat",2,"left",FALSE,"left",FALSE,20,FALSE,TRUE,FALSE,"right","right",TRUE,FALSE,FALSE,"left","left",FALSE
"5e89ec793c01b3685a00bb12","Giraffe",2,"Jump rope",1,"Chicken",1,"right",FALSE,"left",TRUE,20,FALSE,TRUE,FALSE,"left","left",FALSE,TRUE,FALSE,"left","right",FALSE
"631d197eba06364cbea7fab2","Cake",5,"Hanger",4,"Bucket",4,"right",FALSE,"right",TRUE,20,TRUE,FALSE,FALSE,"right","middle",TRUE,FALSE,FALSE,"right","right",TRUE
"61656042f505fd7fa53e8628","Tricycle",5,"Bug",2,"Chips",2,"right",FALSE,"middle",TRUE,16,FALSE,FALSE,TRUE,"middle","left",FALSE,FALSE,TRUE,"middle","right",FALSE
"66fd3f6c93c24ecc119be354","Bridge",3,"Bee",2,"Motorcycle",2,"right",FALSE,"right",FALSE,20,FALSE,FALSE,TRUE,"middle","left",TRUE,FALSE,FALSE,"right","right",TRUE
"5af1a4bc6e136b0001411714","Sticker",4,"Washcloth",5,"Airplane",5,"left",FALSE,"right",FALSE,20,TRUE,FALSE,FALSE,"left","middle",FALSE,FALSE,TRUE,"right","left",FALSE
"60ed501279c68ea1a313d0aa","Whistle",3,"Broom",1,"Fire truck",1,"middle",FALSE,"left",FALSE,20,TRUE,FALSE,FALSE,"middle","right",FALSE,FALSE,TRUE,"left","middle",FALSE
"5bf2f728bd9f150001f6cc42","Cherry",5,"Mirror",2,"Play dough",2,"left",TRUE,"left",TRUE,20,TRUE,FALSE,FALSE,"left","middle",TRUE,FALSE,FALSE,"left","left",FALSE
"59a734ce0c87a000017481ed","Washcloth",3,"Goal",4,"Stars",4,"left",FALSE,"right",FALSE,20,TRUE,FALSE,FALSE,"left","right",FALSE,TRUE,FALSE,"right","left",FALSE
"615e420a23219efe3427a367","Arm",2,"Chicken",3,"Teeth",3,"middle",FALSE,"right",FALSE,20,TRUE,FALSE,FALSE,"middle","right",FALSE,TRUE,FALSE,"right","middle",FALSE
"66b244a2f436437d3e109bbe","Dress",1,"Bananas",5,"Frog",5,"middle",TRUE,"middle",TRUE,20,TRUE,FALSE,FALSE,"middle","right",TRUE,FALSE,FALSE,"middle","middle",TRUE
"5f1b05a8703c380d1393bb27","Play dough",3,"Money",1,"Clown",1,"middle",FALSE,"right",FALSE,20,FALSE,FALSE,TRUE,"left","right",FALSE,TRUE,FALSE,"right","middle",FALSE
"6684497541f835bd67a199b2","Triangle",4,"Fries",2,"Head",2,"middle",FALSE,"right",TRUE,20,FALSE,FALSE,TRUE,"right","left",FALSE,FALSE,TRUE,"right","middle",FALSE
"5eeddefa177a7322144cbc5e","Cup",5,"Spoon",5,"Pillow",5,"right",FALSE,"left",FALSE,20,TRUE,FALSE,FALSE,"right","middle",FALSE,FALSE,TRUE,"left","right",FALSE
"63ee9abfa262bea95766dd9c","Lizard",5,"Sandals",2,"Snow",2,"middle",FALSE,"right",TRUE,20,FALSE,FALSE,TRUE,"right","left",FALSE,FALSE,TRUE,"right","middle",TRUE
"66cfab152c56aa0472529001","Ladder",1,"Candle",4,"Cup",4,"right",FALSE,"middle",TRUE,20,FALSE,TRUE,FALSE,"middle","middle",FALSE,TRUE,FALSE,"middle","right",TRUE
"6571fd9d691befe21fa61d18","Shoulders",4,"Bee",5,"Chicken",5,"middle",FALSE,"middle",FALSE,20,FALSE,TRUE,FALSE,"left","left",TRUE,FALSE,FALSE,"middle","middle",FALSE
"66312361cf5d4099e1330532","String",3,"Slinky",2,"Bus",2,"left",FALSE,"left",FALSE,20,FALSE,FALSE,TRUE,"middle","right",TRUE,FALSE,FALSE,"left","left",FALSE
"6722ea20fb84b196f0a649b6","Chopsticks",1,"Cable",5,"Puppets",5,"middle",FALSE,"middle",TRUE,20,TRUE,FALSE,FALSE,"middle","left",TRUE,FALSE,FALSE,"middle","middle",FALSE
"5ddce9f0f85b50c4fc1515a4","Nest",4,"Pajamas",4,"Magazine",4,"left",FALSE,"left",TRUE,20,TRUE,FALSE,FALSE,"left","right",TRUE,FALSE,FALSE,"left","left",FALSE
"5c3bdbf548ad2900017fac31","Yogurt",2,"Vacuum",4,"Circle",4,"left",FALSE,"middle",TRUE,20,FALSE,TRUE,FALSE,"middle","middle",FALSE,TRUE,FALSE,"middle","left",FALSE
"6844a1b95271dfc560af4709","Comb",5,"Tiger",3,"Pillow",3,"middle",FALSE,"left",TRUE,20,FALSE,TRUE,FALSE,"left","left",FALSE,TRUE,FALSE,"left","middle",FALSE
"5e121701dc79bd8a1a22ca99","Car",1,"Monkey",2,"Underwear",2,"right",FALSE,"middle",TRUE,16,FALSE,FALSE,TRUE,"middle","left",FALSE,FALSE,TRUE,"middle","right",FALSE
"616ef680ab8ca318a227f5ec","Blocks",5,"Bus",2,"Soup",2,"right",FALSE,"right",TRUE,20,TRUE,FALSE,FALSE,"right","middle",TRUE,FALSE,FALSE,"right","right",FALSE
"66d9cd06e207a93377f7820e","Stick",2,"Socks",2,"Chair",2,"middle",FALSE,"right",TRUE,20,FALSE,FALSE,TRUE,"right","left",FALSE,FALSE,TRUE,"right","middle",TRUE
"5962a5b29955ee00015bce98","Bed",5,"Spoon",1,"Bone",1,"right",FALSE,"right",TRUE,20,TRUE,FALSE,FALSE,"right","middle",TRUE,FALSE,FALSE,"right","right",TRUE
"641384b3dffcf39ec42d3c23","Soap",5,"Toy",5,"Video Tape",5,"left",FALSE,"right",TRUE,20,FALSE,TRUE,FALSE,"right","right",FALSE,TRUE,FALSE,"right","left",FALSE
"59692d61355b45000106c592","Video Tape",3,"Lion",5,"Socks",5,"left",FALSE,"middle",TRUE,20,FALSE,TRUE,FALSE,"middle","middle",FALSE,TRUE,FALSE,"middle","left",FALSE
"5dd05d80b2204f1487f7812c","Swing",3,"Pig",4,"Toy",4,"right",FALSE,"right",TRUE,20,TRUE,FALSE,FALSE,"right","middle",TRUE,FALSE,FALSE,"right","right",FALSE
"6321d9c78e8e3c04f82a0ea0","Juice",2,"Newspaper",2,"Motorcycle",2,"middle",FALSE,"right",TRUE,20,FALSE,FALSE,TRUE,"right","left",FALSE,FALSE,TRUE,"right","middle",FALSE
"632d189d6b8f03d0d3db4c48","Wing",2,"Hat",4,"Envelope",4,"left",FALSE,"middle",TRUE,20,FALSE,FALSE,TRUE,"middle","right",FALSE,FALSE,TRUE,"middle","left",TRUE
"63b3377ca1ccdfc7cc567503","Lizard",5,"Cup",4,"Head",4,"middle",FALSE,"middle",TRUE,20,TRUE,FALSE,FALSE,"middle","left",TRUE,FALSE,FALSE,"middle","middle",TRUE
"6678813aec86d687a654dedb","Hands",3,"Balloons",3,"Arm",3,"middle",FALSE,"middle",TRUE,20,TRUE,FALSE,FALSE,"middle","left",TRUE,FALSE,FALSE,"middle","middle",FALSE
"55cce6ea34e90600058d1e6d","Window",1,"Octopus",1,"Computer",1,"right",FALSE,"middle",TRUE,20,FALSE,TRUE,FALSE,"middle","middle",FALSE,TRUE,FALSE,"middle","right",FALSE
"6658bba1a51a037d25bb677e","Baby",4,"Stool",3,"Balls",3,"middle",FALSE,"right",TRUE,20,FALSE,FALSE,TRUE,"right","left",FALSE,FALSE,TRUE,"right","middle",TRUE
"60f5df9db9380d875c320307","Bell",4,"Elephant",1,"Eyes",1,"middle",FALSE,"middle",FALSE,20,FALSE,FALSE,TRUE,"right","left",TRUE,FALSE,FALSE,"middle","middle",FALSE
"63d5b810f3dbbd11e7e65870","Snake",5,"Tiger",1,"Purse",1,"left",FALSE,"left",TRUE,20,TRUE,FALSE,FALSE,"left","middle",TRUE,FALSE,FALSE,"left","left",FALSE
"66d1fdd400acfdbc181f41e0","Corn",4,"Bathtub",1,"Window",1,"left",FALSE,"left",TRUE,20,TRUE,FALSE,FALSE,"left","middle",TRUE,FALSE,FALSE,"left","left",FALSE
"67b636c4ea38855cbb08ffe3","Toilet",3,"Crown",5,"Books",5,"left",FALSE,"right",FALSE,20,FALSE,TRUE,FALSE,"middle","middle",FALSE,FALSE,TRUE,"right","left",FALSE
"5e1b795dc799223a3b447ada","Hoop",1,"Hammer",3,"Crown",3,"middle",FALSE,"middle",TRUE,20,TRUE,FALSE,FALSE,"middle","left",TRUE,FALSE,FALSE,"middle","middle",FALSE
"5c5cad3e4ee81200018eafe2","Eyes",4,"Purse",1,"Straw",1,"right",FALSE,"right",TRUE,20,TRUE,FALSE,FALSE,"right","middle",TRUE,FALSE,FALSE,"right","right",FALSE
"5bc5be2572df5f00014479f9","Bottle",5,"Cable",3,"Candle",3,"right",FALSE,"right",TRUE,20,TRUE,FALSE,FALSE,"right","left",TRUE,FALSE,FALSE,"right","right",FALSE
"5f8f436e4676a71879786b95","Goal",1,"Ice Cream",4,"Zipper",4,"middle",FALSE,"middle",TRUE,20,TRUE,FALSE,FALSE,"middle","right",TRUE,FALSE,FALSE,"middle","middle",FALSE
"669053bbebafdd430e770142","Coloring Book",3,"Bridge",2,"Ice Cream",2,"right",FALSE,"right",TRUE,20,TRUE,FALSE,FALSE,"right","left",TRUE,FALSE,FALSE,"right","right",FALSE
"677419f93048c66d62d2bf87","Zebra",5,"Popcorn",1,"Hips",1,"right",FALSE,"left",TRUE,20,FALSE,FALSE,TRUE,"left","middle",FALSE,FALSE,TRUE,"left","right",FALSE
"574aff1b5bef980007af2745","Boat",4,"Popcorn",4,"Iron",4,"left",FALSE,"middle",FALSE,20,TRUE,FALSE,FALSE,"left","middle",FALSE,TRUE,FALSE,"middle","left",FALSE
"58404fd8ad98e40001ce915f","Bubbles",4,"Bathtub",4,"Bell",4,"right",FALSE,"middle",FALSE,20,TRUE,FALSE,FALSE,"right","left",FALSE,FALSE,TRUE,"middle","right",FALSE
"5de8887aa2db898017debf1a","Bean",5,"Teddy Bear",5,"Horse",5,"middle",FALSE,"left",TRUE,20,FALSE,FALSE,TRUE,"left","right",FALSE,FALSE,TRUE,"left","middle",FALSE
"59d949cf8fd07a000184247e","Feather",4,"Shorts",3,"Cupcake",3,"right",FALSE,"left",TRUE,20,FALSE,FALSE,TRUE,"left","middle",FALSE,FALSE,TRUE,"left","right",FALSE
"662945728093113a43ab8077","Brush",1,"Lion",1,"Tree",1,"right",FALSE,"right",TRUE,20,TRUE,FALSE,FALSE,"right","left",TRUE,FALSE,FALSE,"right","right",TRUE
"676058418c08c71e4bb7cbd1","Window",3,"Broom",1,"Bus",1,"left",FALSE,"right",FALSE,20,TRUE,FALSE,FALSE,"left","middle",FALSE,FALSE,TRUE,"right","left",TRUE
"6643d22289210a4edf21e84d","Stairs",5,"Rain",1,"Washcloth",1,"left",FALSE,"left",FALSE,20,FALSE,FALSE,TRUE,"right","middle",TRUE,FALSE,FALSE,"left","left",FALSE
"58954e2dc88c680001dd4b7e","Scissors",5,"Zebra",4,"Bead",4,"left",FALSE,"middle",FALSE,20,FALSE,FALSE,TRUE,"right","middle",FALSE,TRUE,FALSE,"middle","left",TRUE
"5b757a03976ecb0001b1168f","Sweater",3,"Wing",3,"Box",3,"right",FALSE,"middle",TRUE,20,FALSE,TRUE,FALSE,"middle","middle",FALSE,TRUE,FALSE,"middle","right",FALSE
"681b781064a5701a5ceee3bc","Stairs",1,"Shovel",1,"Truck",1,"right",FALSE,"right",TRUE,20,TRUE,FALSE,FALSE,"right","middle",TRUE,FALSE,FALSE,"right","right",TRUE
"6716c6700f376dc7f534af9d","Tractor",5,"Paper",5,"Eggs",5,"right",FALSE,"right",TRUE,20,TRUE,FALSE,FALSE,"right","middle",TRUE,FALSE,FALSE,"right","right",FALSE
"671a3ac3dada5efe6d439698","Snow",4,"Wheel",3,"Heart",3,"right",FALSE,"right",TRUE,20,TRUE,FALSE,FALSE,"right","middle",TRUE,FALSE,FALSE,"right","right",FALSE
"676b89007874c8eace113276","Wheel",4,"Glue",4,"Tractor",4,"left",FALSE,"left",FALSE,20,FALSE,FALSE,TRUE,"right","middle",TRUE,FALSE,FALSE,"left","left",FALSE
"6825af939111d286546fdde6","Rock",3,"Stove",1,"Computer",1,"left",FALSE,"left",TRUE,20,TRUE,FALSE,FALSE,"left","right",TRUE,FALSE,FALSE,"left","left",FALSE
"67164c92298409e37c670b3d","Chopsticks",4,"Nose",1,"Bean",1,"middle",FALSE,"left",FALSE,20,FALSE,FALSE,TRUE,"right","left",FALSE,TRUE,FALSE,"left","middle",FALSE
"682b3f63d0e2c4eff64fe664","Umbrella",2,"Apples",1,"Hanger",1,"middle",TRUE,"middle",TRUE,20,TRUE,FALSE,FALSE,"middle","left",TRUE,FALSE,FALSE,"middle","middle",TRUE
"5d3695969749cc00165c222f","Blocks",3,"Ice Cream",5,"Bridge",5,"left",FALSE,"middle",TRUE,20,FALSE,FALSE,TRUE,"middle","right",FALSE,FALSE,TRUE,"middle","left",TRUE
"664521e03117b782ed4fff45","Eggs",5,"Battery",2,"Cat",2,"middle",FALSE,"left",TRUE,20,FALSE,TRUE,FALSE,"left","left",FALSE,TRUE,FALSE,"left","middle",FALSE
"5f0db498f5e4e102c0f65b67","Bean",3,"Broom",2,"Feet",2,"middle",FALSE,"middle",FALSE,16,FALSE,TRUE,FALSE,"left","left",TRUE,FALSE,FALSE,"middle","middle",FALSE
"6773dea609f77d473900997a","Washcloth",3,"Swimsuit",2,"Bead",2,"right",FALSE,"left",TRUE,20,FALSE,FALSE,TRUE,"left","middle",FALSE,FALSE,TRUE,"left","right",TRUE
"637fcee60a8378c1c3a65898","Movie",3,"Fingernail",1,"Wagon",1,"right",FALSE,"right",TRUE,20,TRUE,FALSE,FALSE,"right","middle",TRUE,FALSE,FALSE,"right","right",FALSE
"63f77a5dde1ea03305e119e0","Computer",3,"Belt",2,"Blocks",2,"middle",FALSE,"left",TRUE,20,FALSE,FALSE,TRUE,"left","right",FALSE,FALSE,TRUE,"left","middle",FALSE
"5fbf90f025a567296d943c7e","Toothpaste",4,"Books",2,"Slide",2,"left",FALSE,"left",FALSE,20,FALSE,FALSE,TRUE,"right","middle",TRUE,FALSE,FALSE,"left","left",FALSE
"636d6ce3fb3683ff33f9e514","Fish",2,"Doughnut",4,"Sandals",4,"right",FALSE,"right",FALSE,20,FALSE,FALSE,TRUE,"left","middle",TRUE,FALSE,FALSE,"right","right",FALSE
"5af2a03697a14300017d2ba4","Cheese",2,"Ankle",4,"Train",4,"left",FALSE,"middle",TRUE,20,FALSE,TRUE,FALSE,"middle","middle",FALSE,TRUE,FALSE,"middle","left",FALSE
"60e3a25e8be835f754795d93","Lion",2,"Dolphin",1,"Cupcake",1,"middle",FALSE,"right",TRUE,20,FALSE,FALSE,TRUE,"right","left",FALSE,FALSE,TRUE,"right","middle",TRUE
"66b5172c8f0bd3b23ce66c22","Computer",5,"CD",5,"Head",5,"left",FALSE,"right",FALSE,21,TRUE,FALSE,FALSE,"left","right",FALSE,TRUE,FALSE,"right","left",FALSE
"5ba60abd9629a90001b36fdc","Backpack",1,"Fire truck",2,"Chips",2,"right",FALSE,"right",TRUE,21,TRUE,FALSE,FALSE,"right","left",TRUE,FALSE,FALSE,"right","right",FALSE
"65dc99d0191a135ab835bf69","Chicken",3,"Potatoes",5,"Queen",5,"middle",FALSE,"middle",TRUE,21,TRUE,FALSE,FALSE,"middle","right",TRUE,FALSE,FALSE,"middle","middle",FALSE
"60fe7bf61c7567f5cca9ade6","Umbrella",4,"Zipper",4,"Dog",4,"left",FALSE,"left",TRUE,21,TRUE,FALSE,FALSE,"left","right",TRUE,FALSE,FALSE,"left","left",TRUE
"5c9d88bb2b3c77001744ec1c","Rainbow",3,"Zipper",4,"Sun",4,"right",FALSE,"right",TRUE,21,TRUE,FALSE,FALSE,"right","middle",TRUE,FALSE,FALSE,"right","right",FALSE
"5e283f576dbb560114ac7714","Swimsuit",2,"Fries",5,"Chalk",5,"right",FALSE,"middle",FALSE,21,FALSE,TRUE,FALSE,"left","left",FALSE,FALSE,TRUE,"middle","right",FALSE
"62e02b1ed5b0fbc1b1dc09e7","Dress",1,"Refrigerator",3,"Tie",3,"left",FALSE,"right",FALSE,21,FALSE,FALSE,TRUE,"middle","right",FALSE,TRUE,FALSE,"right","left",FALSE
"5ecf9b46617a9b3dd56b3fe3","Bear",2,"Bucket",3,"Dog",3,"middle",FALSE,"middle",FALSE,21,FALSE,FALSE,TRUE,"left","right",TRUE,FALSE,FALSE,"middle","middle",TRUE
"590b3401182caf0001ab5801","Water",3,"Bear",5,"Curtain",5,"right",FALSE,"middle",FALSE,21,FALSE,TRUE,FALSE,"left","left",FALSE,FALSE,TRUE,"middle","right",FALSE
"65c11389b0d2ba8e63cb8b22","Bug",2,"Leaf",1,"Mouse",1,"middle",FALSE,"right",TRUE,21,FALSE,FALSE,TRUE,"right","left",FALSE,FALSE,TRUE,"right","middle",FALSE
"5d15160539eeea001683830c","Milk",5,"Balls",2,"Feet",2,"middle",FALSE,"left",TRUE,21,FALSE,TRUE,FALSE,"left","left",FALSE,TRUE,FALSE,"left","middle",FALSE
"6620b6a209127dafd5b2dfb9","String",3,"Bead",2,"Whistle",2,"left",FALSE,"right",TRUE,21,FALSE,FALSE,TRUE,"right","middle",FALSE,FALSE,TRUE,"right","left",FALSE
"56c65a5a305eaa0005f2a634","Shovel",5,"Pie",5,"Clock",5,"left",FALSE,"left",FALSE,21,FALSE,TRUE,FALSE,"middle","middle",TRUE,FALSE,FALSE,"left","left",FALSE
"59fb1518b47dfc0001b6659b","Box",3,"Pen",3,"Lamp",3,"left",FALSE,"right",FALSE,21,TRUE,FALSE,FALSE,"left","middle",FALSE,FALSE,TRUE,"right","left",FALSE
"602c0fc2eff74b4748e9b41e","Swimsuit",4,"Teddy Bear",1,"Skateboard",1,"middle",FALSE,"middle",TRUE,21,TRUE,FALSE,FALSE,"middle","left",TRUE,FALSE,FALSE,"middle","middle",FALSE
"5bcc98d1db645700015222b5","Bucket",3,"Dresser",2,"Heart",2,"left",FALSE,"right",FALSE,21,TRUE,FALSE,FALSE,"left","right",FALSE,TRUE,FALSE,"right","left",FALSE
"6773e6e6b205d22a2e097735","Popsicle",1,"Sandals",3,"Crayons",3,"middle",FALSE,"middle",TRUE,21,TRUE,FALSE,FALSE,"middle","left",TRUE,FALSE,FALSE,"middle","middle",FALSE
"67505c42a18c872bab88ed42","TV",1,"Fish",4,"Computer",4,"right",FALSE,"right",TRUE,21,TRUE,FALSE,FALSE,"right","left",TRUE,FALSE,FALSE,"right","right",FALSE
"62a1e021702679d27813a3e2","Books",1,"Train",4,"Shampoo",4,"right",FALSE,"right",FALSE,21,FALSE,TRUE,FALSE,"left","left",TRUE,FALSE,FALSE,"right","right",FALSE
"639f294882a3797f77a3dd81","Fingers",5,"Tree",2,"Grapes",2,"right",TRUE,"right",TRUE,21,TRUE,FALSE,FALSE,"right","left",TRUE,FALSE,FALSE,"right","right",FALSE
"654bc148c95bca00d541ec33","Ant",5,"Octopus",1,"Sandwich",1,"right",FALSE,"left",TRUE,21,FALSE,TRUE,FALSE,"left","left",FALSE,TRUE,FALSE,"left","right",TRUE
"5d23460ad4c57900192b129c","Bandaid",4,"Bucket",2,"Marker",2,"middle",FALSE,"right",FALSE,21,TRUE,FALSE,FALSE,"middle","left",FALSE,FALSE,TRUE,"right","middle",FALSE
"67673cda94b4d0cf1a6a7382","Head",2,"Ladder",1,"Pot",1,"left",FALSE,"left",TRUE,21,TRUE,FALSE,FALSE,"left","middle",TRUE,FALSE,FALSE,"left","left",FALSE
"5c4f5967aac8be0001716a65","Tape",5,"Fish",4,"Chips",4,"middle",FALSE,"left",FALSE,21,TRUE,FALSE,FALSE,"middle","left",FALSE,TRUE,FALSE,"left","middle",FALSE
"67758c9a30d6819221153393","Balls",1,"Heart",3,"Yogurt",3,"left",FALSE,"right",TRUE,21,FALSE,TRUE,FALSE,"right","right",FALSE,TRUE,FALSE,"right","left",FALSE
"66b37344796f45313433abc8","Fly",2,"Feet",1,"Popcorn",1,"right",FALSE,"right",FALSE,21,FALSE,FALSE,TRUE,"left","middle",TRUE,FALSE,FALSE,"right","right",FALSE
"632096b5574155e8727c50cc","Slide",5,"Rope",3,"Tiger",3,"left",FALSE,"left",TRUE,21,TRUE,FALSE,FALSE,"left","right",TRUE,FALSE,FALSE,"left","left",FALSE
"66dcc0e54f44ccecf2730c76","Sandwich",1,"Socks",5,"Spiderweb",5,"right",FALSE,"middle",TRUE,21,FALSE,FALSE,TRUE,"middle","left",FALSE,FALSE,TRUE,"middle","right",TRUE
"60fac7ec133b6bf250d6d668","Frog",3,"Whistle",3,"Sofa",3,"left",FALSE,"left",FALSE,21,FALSE,FALSE,TRUE,"middle","right",TRUE,FALSE,FALSE,"left","left",FALSE
"5e459f61418f610891628564","Slide",5,"Cheese",4,"Dolphin",4,"middle",FALSE,"middle",TRUE,21,TRUE,FALSE,FALSE,"middle","right",TRUE,FALSE,FALSE,"middle","middle",FALSE
"5e89ec793c01b3685a00bb12","Fork",2,"Purse",5,"Stove",5,"right",FALSE,"middle",TRUE,21,FALSE,FALSE,TRUE,"middle","left",FALSE,FALSE,TRUE,"middle","right",FALSE
"631d197eba06364cbea7fab2","Pot",3,"Stars",3,"Jump rope",3,"left",FALSE,"left",TRUE,21,TRUE,FALSE,FALSE,"left","middle",TRUE,FALSE,FALSE,"left","left",TRUE
"61656042f505fd7fa53e8628","Movie",4,"Refrigerator",5,"Straw",5,"middle",FALSE,"middle",FALSE,17,FALSE,FALSE,TRUE,"right","left",TRUE,FALSE,FALSE,"middle","middle",FALSE
"66fd3f6c93c24ecc119be354","Socks",4,"Sink",2,"Newspaper",2,"right",FALSE,"right",TRUE,21,TRUE,FALSE,FALSE,"right","left",TRUE,FALSE,FALSE,"right","right",TRUE
"5af1a4bc6e136b0001411714","Pretzel",4,"Knee",2,"Popcorn",2,"right",FALSE,"left",TRUE,21,FALSE,FALSE,TRUE,"left","middle",FALSE,FALSE,TRUE,"left","right",FALSE
"60ed501279c68ea1a313d0aa","Bucket",3,"Sweater",2,"Belt",2,"middle",FALSE,"middle",TRUE,21,TRUE,FALSE,FALSE,"middle","right",TRUE,FALSE,FALSE,"middle","middle",FALSE
"5bf2f728bd9f150001f6cc42","Hot Dog",3,"Flower",4,"Baby",4,"left",FALSE,"left",TRUE,21,TRUE,FALSE,FALSE,"left","middle",TRUE,FALSE,FALSE,"left","left",FALSE
"59a734ce0c87a000017481ed","Ankle",2,"Princess",2,"Snow",2,"middle",FALSE,"right",TRUE,21,FALSE,TRUE,FALSE,"right","right",FALSE,TRUE,FALSE,"right","middle",FALSE
"615e420a23219efe3427a367","Toes",3,"Soap",2,"Comb",2,"left",FALSE,"right",TRUE,21,FALSE,TRUE,FALSE,"right","right",FALSE,TRUE,FALSE,"right","left",FALSE
"66b244a2f436437d3e109bbe","Belt",4,"Diaper",3,"Coloring Book",3,"middle",FALSE,"left",TRUE,21,FALSE,FALSE,TRUE,"left","right",FALSE,FALSE,TRUE,"left","middle",TRUE
"5f1b05a8703c380d1393bb27","Slide",2,"Bike",1,"Napkin",1,"left",FALSE,"right",TRUE,21,FALSE,TRUE,FALSE,"right","right",FALSE,TRUE,FALSE,"right","left",FALSE
"6684497541f835bd67a199b2","Jacket",1,"Money",2,"Umbrella",2,"middle",FALSE,"right",TRUE,21,FALSE,FALSE,TRUE,"right","left",FALSE,FALSE,TRUE,"right","middle",FALSE
"5eeddefa177a7322144cbc5e","Tape",3,"Zipper",4,"Pizza",4,"left",FALSE,"left",TRUE,21,TRUE,FALSE,FALSE,"left","middle",TRUE,FALSE,FALSE,"left","left",FALSE
"63ee9abfa262bea95766dd9c","Movie",5,"Bug",4,"Leaf",4,"middle",FALSE,"right",TRUE,21,FALSE,FALSE,TRUE,"right","left",FALSE,FALSE,TRUE,"right","middle",TRUE
"66cfab152c56aa0472529001","Dolls",2,"Tie",2,"Fingers",2,"right",FALSE,"right",TRUE,21,TRUE,FALSE,FALSE,"right","middle",TRUE,FALSE,FALSE,"right","right",TRUE
"6571fd9d691befe21fa61d18","Pot",1,"Bottle",2,"Airplane",2,"right",FALSE,"right",TRUE,21,TRUE,FALSE,FALSE,"right","left",TRUE,FALSE,FALSE,"right","right",FALSE
"66312361cf5d4099e1330532","Sink",4,"Gorilla",5,"Cupcake",5,"middle",FALSE,"right",FALSE,21,TRUE,FALSE,FALSE,"middle","right",FALSE,TRUE,FALSE,"right","middle",FALSE
"6722ea20fb84b196f0a649b6","Crackers",3,"Sweater",5,"Clown",5,"middle",FALSE,"right",TRUE,21,FALSE,FALSE,TRUE,"right","left",FALSE,FALSE,TRUE,"right","middle",FALSE
"5ddce9f0f85b50c4fc1515a4","Purse",5,"Bed",4,"Candle",4,"middle",FALSE,"left",FALSE,21,TRUE,FALSE,FALSE,"middle","right",FALSE,FALSE,TRUE,"left","middle",FALSE
"5c3bdbf548ad2900017fac31","Backpack",3,"Window",2,"Scissors",2,"right",FALSE,"left",TRUE,21,FALSE,FALSE,TRUE,"left","middle",FALSE,FALSE,TRUE,"left","right",FALSE
"6844a1b95271dfc560af4709","Car",1,"Lunch",4,"Wagon",4,"middle",FALSE,"left",FALSE,21,TRUE,FALSE,FALSE,"middle","left",FALSE,TRUE,FALSE,"left","middle",FALSE
"5e121701dc79bd8a1a22ca99","Bread",3,"Hair",1,"Newspaper",1,"middle",FALSE,"right",FALSE,17,FALSE,TRUE,FALSE,"left","left",FALSE,FALSE,TRUE,"right","middle",FALSE
"616ef680ab8ca318a227f5ec","Glove",2,"Train",1,"Moon",1,"right",FALSE,"left",FALSE,21,TRUE,FALSE,FALSE,"right","middle",FALSE,FALSE,TRUE,"left","right",FALSE
"66d9cd06e207a93377f7820e","Ant",2,"Bucket",5,"Ear",5,"right",FALSE,"middle",TRUE,21,FALSE,FALSE,TRUE,"middle","left",FALSE,FALSE,TRUE,"middle","right",TRUE
"5962a5b29955ee00015bce98","Door",2,"Lion",1,"Bag",1,"left",FALSE,"right",FALSE,21,FALSE,TRUE,FALSE,"middle","middle",FALSE,FALSE,TRUE,"right","left",TRUE
"641384b3dffcf39ec42d3c23","Spoon",1,"Phone",4,"Ear",4,"left",FALSE,"middle",TRUE,21,FALSE,FALSE,TRUE,"middle","right",FALSE,FALSE,TRUE,"middle","left",FALSE
"59692d61355b45000106c592","Bucket",3,"Turtle",5,"Bird",5,"left",FALSE,"right",FALSE,21,TRUE,FALSE,FALSE,"left","middle",FALSE,FALSE,TRUE,"right","left",FALSE
"5dd05d80b2204f1487f7812c","Hanger",4,"TV",3,"Dinosaur",3,"right",FALSE,"right",TRUE,21,TRUE,FALSE,FALSE,"right","middle",TRUE,FALSE,FALSE,"right","right",FALSE
"6321d9c78e8e3c04f82a0ea0","Dolls",1,"Horse",1,"Duck",1,"right",FALSE,"right",TRUE,21,TRUE,FALSE,FALSE,"right","left",TRUE,FALSE,FALSE,"right","right",FALSE
"632d189d6b8f03d0d3db4c48","Butter",1,"Ladder",5,"Rock",5,"middle",FALSE,"middle",TRUE,21,TRUE,FALSE,FALSE,"middle","right",TRUE,FALSE,FALSE,"middle","middle",TRUE
"63b3377ca1ccdfc7cc567503","Lunch",5,"Bagel",1,"Moon",1,"right",FALSE,"right",TRUE,21,TRUE,FALSE,FALSE,"right","left",TRUE,FALSE,FALSE,"right","right",TRUE
"6678813aec86d687a654dedb","Flower",2,"Doughnut",5,"Ankle",5,"middle",FALSE,"right",FALSE,21,FALSE,TRUE,FALSE,"left","left",FALSE,FALSE,TRUE,"right","middle",FALSE
"55cce6ea34e90600058d1e6d","Shampoo",2,"Cupcake",5,"Pajamas",5,"right",FALSE,"middle",TRUE,21,FALSE,TRUE,FALSE,"middle","middle",FALSE,TRUE,FALSE,"middle","right",FALSE
"6658bba1a51a037d25bb677e","Drum",3,"Duck",1,"Popcorn",1,"middle",FALSE,"left",FALSE,21,TRUE,FALSE,FALSE,"middle","left",FALSE,TRUE,FALSE,"left","middle",TRUE
"60f5df9db9380d875c320307","Square",2,"Bus",1,"Ladder",1,"right",FALSE,"middle",FALSE,21,TRUE,FALSE,FALSE,"right","left",FALSE,FALSE,TRUE,"middle","right",FALSE
"63d5b810f3dbbd11e7e65870","Nest",3,"Cake",2,"Wagon",2,"right",FALSE,"middle",FALSE,21,TRUE,FALSE,FALSE,"right","middle",FALSE,TRUE,FALSE,"middle","right",FALSE
"66d1fdd400acfdbc181f41e0","Tape",3,"Chair",2,"Stairs",2,"right",FALSE,"right",FALSE,21,FALSE,TRUE,FALSE,"middle","middle",TRUE,FALSE,FALSE,"right","right",FALSE
"67b636c4ea38855cbb08ffe3","Shampoo",1,"Soda",1,"Gorilla",1,"left",FALSE,"right",FALSE,21,FALSE,TRUE,FALSE,"middle","middle",FALSE,FALSE,TRUE,"right","left",FALSE
"5e1b795dc799223a3b447ada","Moon",2,"Soap",3,"Drum",3,"right",FALSE,"middle",TRUE,21,FALSE,FALSE,TRUE,"middle","left",FALSE,FALSE,TRUE,"middle","right",FALSE
"5c5cad3e4ee81200018eafe2","Head",4,"Broom",2,"Belt",2,"left",FALSE,"left",TRUE,21,TRUE,FALSE,FALSE,"left","middle",TRUE,FALSE,FALSE,"left","left",FALSE
"5bc5be2572df5f00014479f9","Dolls",3,"Squirrel",1,"Stars",1,"middle",FALSE,"middle",FALSE,21,FALSE,TRUE,FALSE,"left","left",TRUE,FALSE,FALSE,"middle","middle",FALSE
"5f8f436e4676a71879786b95","Bug",2,"Shoulders",4,"Swimsuit",4,"left",FALSE,"middle",TRUE,21,FALSE,FALSE,TRUE,"middle","right",FALSE,FALSE,TRUE,"middle","left",FALSE
"669053bbebafdd430e770142","Glasses",4,"Swimsuit",5,"Cookies",5,"right",FALSE,"right",FALSE,21,FALSE,TRUE,FALSE,"left","left",TRUE,FALSE,FALSE,"right","right",FALSE
"677419f93048c66d62d2bf87","Pen",5,"Duck",5,"Bell",5,"right",FALSE,"middle",TRUE,21,FALSE,TRUE,FALSE,"middle","middle",FALSE,TRUE,FALSE,"middle","right",FALSE
"574aff1b5bef980007af2745","Fire",4,"Phone",2,"Tongue",2,"right",FALSE,"left",FALSE,21,FALSE,TRUE,FALSE,"middle","middle",FALSE,FALSE,TRUE,"left","right",FALSE
"58404fd8ad98e40001ce915f","Bug",3,"Head",2,"Plate",2,"middle",FALSE,"middle",TRUE,21,TRUE,FALSE,FALSE,"middle","left",TRUE,FALSE,FALSE,"middle","middle",FALSE
"5de8887aa2db898017debf1a","Puzzles",2,"Cereal",4,"Tape",4,"left",FALSE,"middle",TRUE,21,FALSE,FALSE,TRUE,"middle","right",FALSE,FALSE,TRUE,"middle","left",FALSE
"59d949cf8fd07a000184247e","Pan",5,"Rock",2,"Princess",2,"left",FALSE,"left",TRUE,21,TRUE,FALSE,FALSE,"left","middle",TRUE,FALSE,FALSE,"left","left",FALSE
"662945728093113a43ab8077","Leaf",4,"Juice",1,"Bed",1,"middle",FALSE,"middle",TRUE,21,TRUE,FALSE,FALSE,"middle","left",TRUE,FALSE,FALSE,"middle","middle",TRUE
"676058418c08c71e4bb7cbd1","Glove",4,"Ant",1,"Bananas",1,"right",TRUE,"right",TRUE,21,TRUE,FALSE,FALSE,"right","middle",TRUE,FALSE,FALSE,"right","right",TRUE
"6643d22289210a4edf21e84d","Milk",5,"Eyes",5,"Sheep",5,"left",FALSE,"middle",FALSE,21,TRUE,FALSE,FALSE,"left","middle",FALSE,TRUE,FALSE,"middle","left",FALSE
"58954e2dc88c680001dd4b7e","Hanger",4,"Sticker",3,"Plate",3,"left",FALSE,"left",TRUE,21,TRUE,FALSE,FALSE,"left","middle",TRUE,FALSE,FALSE,"left","left",TRUE
"5b757a03976ecb0001b1168f","Fingers",1,"Ant",1,"Hoop",1,"left",FALSE,"left",FALSE,21,FALSE,FALSE,TRUE,"right","middle",TRUE,FALSE,FALSE,"left","left",FALSE
"681b781064a5701a5ceee3bc","Tape",2,"Microphone",2,"Socks",2,"right",FALSE,"left",FALSE,21,FALSE,TRUE,FALSE,"middle","middle",FALSE,FALSE,TRUE,"left","right",TRUE
"6716c6700f376dc7f534af9d","Butter",1,"Goal",1,"Wagon",1,"right",FALSE,"left",TRUE,21,FALSE,FALSE,TRUE,"left","middle",FALSE,FALSE,TRUE,"left","right",FALSE
"671a3ac3dada5efe6d439698","Moon",2,"Gorilla",4,"Waffle",4,"left",FALSE,"right",FALSE,21,FALSE,TRUE,FALSE,"middle","middle",FALSE,FALSE,TRUE,"right","left",FALSE
"676b89007874c8eace113276","Hose",5,"Fire truck",3,"Balloons",3,"right",FALSE,"right",TRUE,21,TRUE,FALSE,FALSE,"right","middle",TRUE,FALSE,FALSE,"right","right",FALSE
"6825af939111d286546fdde6","Sandwich",5,"Water",2,"Octopus",2,"middle",FALSE,"left",TRUE,21,FALSE,FALSE,TRUE,"left","right",FALSE,FALSE,TRUE,"left","middle",FALSE
"67164c92298409e37c670b3d","Heart",2,"Shampoo",2,"Underwear",2,"right",FALSE,"middle",TRUE,21,FALSE,FALSE,TRUE,"middle","left",FALSE,FALSE,TRUE,"middle","right",FALSE
"682b3f63d0e2c4eff64fe664","Mailbox",5,"Glasses",2,"Cable",2,"right",FALSE,"middle",TRUE,21,FALSE,FALSE,TRUE,"middle","left",FALSE,FALSE,TRUE,"middle","right",TRUE
"5d3695969749cc00165c222f","Whistle",1,"Oranges",2,"Slinky",2,"middle",TRUE,"right",TRUE,21,FALSE,TRUE,FALSE,"right","right",FALSE,TRUE,FALSE,"right","middle",TRUE
"664521e03117b782ed4fff45","Watch",5,"Hands",3,"Bread",3,"middle",FALSE,"right",TRUE,21,FALSE,FALSE,TRUE,"right","left",FALSE,FALSE,TRUE,"right","middle",FALSE
"5f0db498f5e4e102c0f65b67","Hair",2,"Shorts",4,"Mirror",4,"right",FALSE,"right",FALSE,17,FALSE,FALSE,TRUE,"middle","left",TRUE,FALSE,FALSE,"right","right",FALSE
"6773dea609f77d473900997a","Butterfly",2,"Jump rope",1,"Feet",1,"left",FALSE,"left",FALSE,21,FALSE,FALSE,TRUE,"right","middle",TRUE,FALSE,FALSE,"left","left",TRUE
"637fcee60a8378c1c3a65898","Cookies",4,"Flashlight",2,"Stars",2,"left",FALSE,"left",TRUE,21,TRUE,FALSE,FALSE,"left","middle",TRUE,FALSE,FALSE,"left","left",FALSE
"63f77a5dde1ea03305e119e0","Stick",3,"Ice Cream",4,"TV",4,"middle",FALSE,"right",FALSE,21,TRUE,FALSE,FALSE,"middle","right",FALSE,TRUE,FALSE,"right","middle",FALSE
"5fbf90f025a567296d943c7e","Tongue",5,"Paints",4,"Coloring Book",4,"left",FALSE,"left",FALSE,21,FALSE,TRUE,FALSE,"middle","middle",TRUE,FALSE,FALSE,"left","left",FALSE
"636d6ce3fb3683ff33f9e514","Rice",4,"Tree",5,"Stars",5,"right",FALSE,"middle",TRUE,21,FALSE,TRUE,FALSE,"middle","middle",FALSE,TRUE,FALSE,"middle","right",FALSE
"5af2a03697a14300017d2ba4","Car",5,"Door",1,"Dress",1,"left",FALSE,"left",TRUE,21,TRUE,FALSE,FALSE,"left","middle",TRUE,FALSE,FALSE,"left","left",FALSE
"60e3a25e8be835f754795d93","Triangle",5,"Fingers",1,"Tongue",1,"middle",FALSE,"left",TRUE,21,FALSE,TRUE,FALSE,"left","left",FALSE,TRUE,FALSE,"left","middle",TRUE
"66b5172c8f0bd3b23ce66c22","Queen",1,"Ghost",4,"Flower",4,"middle",FALSE,"middle",TRUE,22,TRUE,FALSE,FALSE,"middle","right",TRUE,FALSE,FALSE,"middle","middle",FALSE
"5ba60abd9629a90001b36fdc","Belt",3,"Dog",5,"Cake",5,"middle",FALSE,"right",FALSE,22,FALSE,TRUE,FALSE,"left","left",FALSE,FALSE,TRUE,"right","middle",FALSE
"65dc99d0191a135ab835bf69","Napkin",2,"Magazine",1,"Knee",1,"left",FALSE,"left",TRUE,22,TRUE,FALSE,FALSE,"left","right",TRUE,FALSE,FALSE,"left","left",FALSE
"60fe7bf61c7567f5cca9ade6","Bananas",2,"Swing",4,"Stairs",4,"left",TRUE,"left",TRUE,22,TRUE,FALSE,FALSE,"left","right",TRUE,FALSE,FALSE,"left","left",TRUE
"5c9d88bb2b3c77001744ec1c","Octopus",5,"Popsicle",1,"Heart",1,"left",FALSE,"left",TRUE,22,TRUE,FALSE,FALSE,"left","middle",TRUE,FALSE,FALSE,"left","left",FALSE
"5e283f576dbb560114ac7714","Heart",4,"Elbow",2,"Tree",2,"right",FALSE,"left",FALSE,22,FALSE,FALSE,TRUE,"middle","left",FALSE,TRUE,FALSE,"left","right",FALSE
"62e02b1ed5b0fbc1b1dc09e7","Grass",4,"Bucket",5,"Umbrella",5,"left",FALSE,"left",TRUE,22,TRUE,FALSE,FALSE,"left","right",TRUE,FALSE,FALSE,"left","left",FALSE
"5ecf9b46617a9b3dd56b3fe3","Necklace",5,"Toy",4,"Sofa",4,"left",FALSE,"middle",TRUE,22,FALSE,FALSE,TRUE,"middle","right",FALSE,FALSE,TRUE,"middle","left",TRUE
"590b3401182caf0001ab5801","Ladder",3,"Kangaroo",1,"Cookies",1,"middle",FALSE,"right",TRUE,22,FALSE,FALSE,TRUE,"right","left",FALSE,FALSE,TRUE,"right","middle",FALSE
"65c11389b0d2ba8e63cb8b22","Hot Dog",1,"Bean",2,"Balls",2,"right",FALSE,"left",FALSE,22,TRUE,FALSE,FALSE,"right","left",FALSE,TRUE,FALSE,"left","right",FALSE
"5d15160539eeea001683830c","Leaf",2,"Peas",1,"Chopsticks",1,"right",FALSE,"right",TRUE,22,TRUE,FALSE,FALSE,"right","left",TRUE,FALSE,FALSE,"right","right",FALSE
"6620b6a209127dafd5b2dfb9","Dress",1,"Shorts",2,"Car",2,"left",FALSE,"right",FALSE,22,FALSE,TRUE,FALSE,"middle","middle",FALSE,FALSE,TRUE,"right","left",FALSE
"56c65a5a305eaa0005f2a634","Teddy Bear",4,"Bee",4,"Drum",4,"right",FALSE,"left",FALSE,22,FALSE,TRUE,FALSE,"middle","middle",FALSE,FALSE,TRUE,"left","right",FALSE
"59fb1518b47dfc0001b6659b","Hoop",4,"Play dough",1,"Strawberries",1,"right",TRUE,"right",TRUE,22,TRUE,FALSE,FALSE,"right","middle",TRUE,FALSE,FALSE,"right","right",FALSE
"602c0fc2eff74b4748e9b41e","Suitcase",3,"Pan",5,"Toothbrush",5,"middle",FALSE,"right",FALSE,22,TRUE,FALSE,FALSE,"middle","left",FALSE,FALSE,TRUE,"right","middle",FALSE
"5bcc98d1db645700015222b5","Pancakes",1,"Sun",3,"Stool",3,"middle",FALSE,"middle",FALSE,22,FALSE,FALSE,TRUE,"left","right",TRUE,FALSE,FALSE,"middle","middle",FALSE
"6773e6e6b205d22a2e097735","Tricycle",1,"Strawberries",2,"Earring",2,"middle",TRUE,"middle",TRUE,22,TRUE,FALSE,FALSE,"middle","left",TRUE,FALSE,FALSE,"middle","middle",FALSE
"67505c42a18c872bab88ed42","Cloud",2,"Squirrel",3,"Fly",3,"right",FALSE,"middle",TRUE,22,FALSE,FALSE,TRUE,"middle","left",FALSE,FALSE,TRUE,"middle","right",FALSE
"62a1e021702679d27813a3e2","Crayons",5,"Cable",1,"Necklace",1,"middle",FALSE,"left",FALSE,22,FALSE,FALSE,TRUE,"right","left",FALSE,TRUE,FALSE,"left","middle",FALSE
"639f294882a3797f77a3dd81","Paper",1,"Bubbles",2,"Eyes",2,"middle",FALSE,"middle",TRUE,22,TRUE,FALSE,FALSE,"middle","left",TRUE,FALSE,FALSE,"middle","middle",FALSE
"654bc148c95bca00d541ec33","Scooter",5,"Milk",2,"Candle",2,"right",FALSE,"left",TRUE,22,FALSE,TRUE,FALSE,"left","left",FALSE,TRUE,FALSE,"left","right",TRUE
"5d23460ad4c57900192b129c","Tongue",4,"Pig",1,"Pajamas",1,"middle",FALSE,"left",TRUE,22,FALSE,TRUE,FALSE,"left","left",FALSE,TRUE,FALSE,"left","middle",FALSE
"67673cda94b4d0cf1a6a7382","Pillow",4,"Lion",1,"Ankle",1,"right",FALSE,"right",TRUE,22,TRUE,FALSE,FALSE,"right","middle",TRUE,FALSE,FALSE,"right","right",FALSE
"5c4f5967aac8be0001716a65","Leaf",3,"Lion",5,"Crackers",5,"right",FALSE,"left",TRUE,22,FALSE,TRUE,FALSE,"left","left",FALSE,TRUE,FALSE,"left","right",FALSE
"67758c9a30d6819221153393","Pretzel",5,"Bean",4,"Goal",4,"middle",FALSE,"left",FALSE,22,TRUE,FALSE,FALSE,"middle","right",FALSE,FALSE,TRUE,"left","middle",FALSE
"66b37344796f45313433abc8","Net",2,"Straw",5,"Sticker",5,"left",FALSE,"right",TRUE,22,FALSE,FALSE,TRUE,"right","middle",FALSE,FALSE,TRUE,"right","left",FALSE
"632096b5574155e8727c50cc","Teapot",2,"Earring",2,"Pudding",2,"middle",FALSE,"right",TRUE,22,FALSE,TRUE,FALSE,"right","right",FALSE,TRUE,FALSE,"right","middle",FALSE
"66dcc0e54f44ccecf2730c76","Bug",1,"Bee",5,"Stars",5,"right",FALSE,"right",FALSE,22,FALSE,FALSE,TRUE,"middle","left",TRUE,FALSE,FALSE,"right","right",TRUE
"60fac7ec133b6bf250d6d668","Sandals",3,"Cookies",4,"Candy",4,"left",FALSE,"middle",TRUE,22,FALSE,FALSE,TRUE,"middle","right",FALSE,FALSE,TRUE,"middle","left",FALSE
"5e459f61418f610891628564","Ear",1,"Dinosaur",4,"Hammer",4,"left",FALSE,"middle",TRUE,22,FALSE,FALSE,TRUE,"middle","right",FALSE,FALSE,TRUE,"middle","left",FALSE
"5e89ec793c01b3685a00bb12","Bacon",2,"Butterfly",2,"Oranges",2,"right",TRUE,"middle",TRUE,22,FALSE,FALSE,TRUE,"middle","left",FALSE,FALSE,TRUE,"middle","right",FALSE
"631d197eba06364cbea7fab2","Baby",4,"Soap",3,"Swimsuit",3,"left",FALSE,"left",FALSE,22,FALSE,FALSE,TRUE,"right","middle",TRUE,FALSE,FALSE,"left","left",TRUE
"61656042f505fd7fa53e8628","Video Tape",1,"Toothbrush",5,"Hoop",5,"right",FALSE,"middle",TRUE,18,FALSE,FALSE,TRUE,"middle","left",FALSE,FALSE,TRUE,"middle","right",FALSE
"66fd3f6c93c24ecc119be354","Scooter",1,"Yo-yo",3,"Bow",3,"right",FALSE,"middle",FALSE,22,TRUE,FALSE,FALSE,"right","left",FALSE,FALSE,TRUE,"middle","right",TRUE
"5af1a4bc6e136b0001411714","String",4,"Helicopter",3,"Cake",3,"right",FALSE,"left",TRUE,22,FALSE,FALSE,TRUE,"left","middle",FALSE,FALSE,TRUE,"left","right",FALSE
"60ed501279c68ea1a313d0aa","Watch",3,"Bracelet",1,"Pencil",1,"left",FALSE,"left",FALSE,22,FALSE,FALSE,TRUE,"middle","right",TRUE,FALSE,FALSE,"left","left",FALSE
"5bf2f728bd9f150001f6cc42","CD",4,"Toothbrush",5,"Box",5,"right",FALSE,"middle",TRUE,22,FALSE,TRUE,FALSE,"middle","middle",FALSE,TRUE,FALSE,"middle","right",FALSE
"59a734ce0c87a000017481ed","Rice",5,"Pencil",3,"Video Tape",3,"left",FALSE,"left",TRUE,22,TRUE,FALSE,FALSE,"left","right",TRUE,FALSE,FALSE,"left","left",FALSE
"615e420a23219efe3427a367","Snake",3,"Bracelet",1,"Pirate",1,"middle",FALSE,"middle",FALSE,22,FALSE,FALSE,TRUE,"left","right",TRUE,FALSE,FALSE,"middle","middle",FALSE
"66b244a2f436437d3e109bbe","Teapot",1,"Wagon",1,"Heart",1,"left",FALSE,"left",TRUE,22,TRUE,FALSE,FALSE,"left","right",TRUE,FALSE,FALSE,"left","left",TRUE
"5f1b05a8703c380d1393bb27","Umbrella",4,"Sink",3,"Hair",3,"middle",FALSE,"middle",FALSE,22,FALSE,FALSE,TRUE,"left","right",TRUE,FALSE,FALSE,"middle","middle",FALSE
"6684497541f835bd67a199b2","Bus",2,"Suitcase",5,"Airplane",5,"right",FALSE,"right",TRUE,22,TRUE,FALSE,FALSE,"right","left",TRUE,FALSE,FALSE,"right","right",FALSE
"5eeddefa177a7322144cbc5e","Slinky",3,"Chopsticks",3,"Dinosaur",3,"left",FALSE,"left",FALSE,22,FALSE,FALSE,TRUE,"right","middle",TRUE,FALSE,FALSE,"left","left",FALSE
"63ee9abfa262bea95766dd9c","Bone",3,"Grass",2,"Cookies",2,"right",FALSE,"right",TRUE,22,TRUE,FALSE,FALSE,"right","left",TRUE,FALSE,FALSE,"right","right",TRUE
"66cfab152c56aa0472529001","Bug",4,"Queen",1,"Blocks",1,"left",FALSE,"left",TRUE,22,TRUE,FALSE,FALSE,"left","middle",TRUE,FALSE,FALSE,"left","left",TRUE
"6571fd9d691befe21fa61d18","Teddy Bear",3,"Fire truck",1,"Bananas",1,"right",TRUE,"right",TRUE,22,TRUE,FALSE,FALSE,"right","left",TRUE,FALSE,FALSE,"right","right",FALSE
"66312361cf5d4099e1330532","Balls",5,"Pretzel",4,"Bead",4,"middle",FALSE,"left",TRUE,22,FALSE,FALSE,TRUE,"left","right",FALSE,FALSE,TRUE,"left","middle",FALSE
"6722ea20fb84b196f0a649b6","Ankle",2,"CD",4,"Moon",4,"middle",FALSE,"middle",FALSE,22,FALSE,FALSE,TRUE,"right","left",TRUE,FALSE,FALSE,"middle","middle",FALSE
"5ddce9f0f85b50c4fc1515a4","Soap",1,"Candy",2,"Snake",2,"middle",FALSE,"right",FALSE,22,TRUE,FALSE,FALSE,"middle","right",FALSE,TRUE,FALSE,"right","middle",FALSE
"5c3bdbf548ad2900017fac31","Rabbit",1,"Turtle",1,"Boots",1,"left",FALSE,"right",TRUE,22,FALSE,FALSE,TRUE,"right","middle",FALSE,FALSE,TRUE,"right","left",FALSE
"6844a1b95271dfc560af4709","Bubbles",2,"Grass",3,"Feather",3,"right",FALSE,"middle",TRUE,22,FALSE,FALSE,TRUE,"middle","left",FALSE,FALSE,TRUE,"middle","right",FALSE
"5e121701dc79bd8a1a22ca99","Net",2,"Meat",1,"Magazine",1,"right",FALSE,"left",FALSE,18,TRUE,FALSE,FALSE,"right","left",FALSE,TRUE,FALSE,"left","right",FALSE
"616ef680ab8ca318a227f5ec","Watch",4,"Toothbrush",3,"Bridge",3,"right",FALSE,"right",FALSE,22,FALSE,FALSE,TRUE,"left","middle",TRUE,FALSE,FALSE,"right","right",FALSE
"66d9cd06e207a93377f7820e","Princess",4,"Fingers",2,"Tricycle",2,"middle",FALSE,"right",TRUE,22,FALSE,FALSE,TRUE,"right","left",FALSE,FALSE,TRUE,"right","middle",TRUE
"5962a5b29955ee00015bce98","Net",2,"Books",2,"Grapes",2,"right",TRUE,"right",TRUE,22,TRUE,FALSE,FALSE,"right","middle",TRUE,FALSE,FALSE,"right","right",TRUE
"641384b3dffcf39ec42d3c23","Moon",2,"Lizard",2,"Frog",2,"left",FALSE,"left",FALSE,22,FALSE,TRUE,FALSE,"right","right",TRUE,FALSE,FALSE,"left","left",FALSE
"59692d61355b45000106c592","Net",4,"Eggs",5,"Bracelet",5,"left",FALSE,"left",FALSE,22,FALSE,FALSE,TRUE,"right","middle",TRUE,FALSE,FALSE,"left","left",FALSE
"5dd05d80b2204f1487f7812c","Truck",4,"Helicopter",3,"Bow",3,"left",FALSE,"left",TRUE,22,TRUE,FALSE,FALSE,"left","middle",TRUE,FALSE,FALSE,"left","left",FALSE
"6321d9c78e8e3c04f82a0ea0","Hot Dog",2,"Ankle",1,"Chopsticks",1,"right",FALSE,"right",FALSE,22,FALSE,TRUE,FALSE,"left","left",TRUE,FALSE,FALSE,"right","right",FALSE
"632d189d6b8f03d0d3db4c48","Juice",5,"Clock",5,"Rice",5,"middle",FALSE,"left",TRUE,22,FALSE,FALSE,TRUE,"left","right",FALSE,FALSE,TRUE,"left","middle",TRUE
"63b3377ca1ccdfc7cc567503","Water",1,"Owl",1,"Tissue",1,"right",FALSE,"left",TRUE,22,FALSE,TRUE,FALSE,"left","left",FALSE,TRUE,FALSE,"left","right",TRUE
"6678813aec86d687a654dedb","Bug",3,"Microphone",4,"Zebra",4,"middle",FALSE,"right",TRUE,22,FALSE,FALSE,TRUE,"right","left",FALSE,FALSE,TRUE,"right","middle",FALSE
"55cce6ea34e90600058d1e6d","Socks",5,"Coloring Book",2,"Diaper",2,"right",FALSE,"left",FALSE,22,FALSE,TRUE,FALSE,"middle","middle",FALSE,FALSE,TRUE,"left","right",FALSE
"6658bba1a51a037d25bb677e","Barn",4,"Hair",4,"Bacon",4,"right",FALSE,"middle",FALSE,22,TRUE,FALSE,FALSE,"right","left",FALSE,FALSE,TRUE,"middle","right",TRUE
"60f5df9db9380d875c320307","Toes",3,"Scooter",4,"Sandals",4,"right",FALSE,"middle",FALSE,22,TRUE,FALSE,FALSE,"right","left",FALSE,FALSE,TRUE,"middle","right",FALSE
"63d5b810f3dbbd11e7e65870","Yo-yo",5,"Bridge",2,"Table",2,"right",FALSE,"left",TRUE,22,FALSE,FALSE,TRUE,"left","middle",FALSE,FALSE,TRUE,"left","right",FALSE
"66d1fdd400acfdbc181f41e0","Paints",2,"Pot",4,"Fence",4,"right",FALSE,"right",TRUE,22,TRUE,FALSE,FALSE,"right","middle",TRUE,FALSE,FALSE,"right","right",FALSE
"67b636c4ea38855cbb08ffe3","Can",4,"Ice Cream",1,"Pizza",1,"left",FALSE,"left",TRUE,22,TRUE,FALSE,FALSE,"left","middle",TRUE,FALSE,FALSE,"left","left",FALSE
"5e1b795dc799223a3b447ada","Corn",4,"Spaghetti",1,"Paints",1,"middle",FALSE,"left",FALSE,22,FALSE,FALSE,TRUE,"right","left",FALSE,TRUE,FALSE,"left","middle",FALSE
"5c5cad3e4ee81200018eafe2","Yogurt",4,"Teapot",3,"Button",3,"right",FALSE,"left",TRUE,22,FALSE,FALSE,TRUE,"left","middle",FALSE,FALSE,TRUE,"left","right",FALSE
"5bc5be2572df5f00014479f9","Bean",3,"Ostrich",4,"Bat",4,"middle",FALSE,"right",FALSE,22,TRUE,FALSE,FALSE,"middle","left",FALSE,FALSE,TRUE,"right","middle",FALSE
"5f8f436e4676a71879786b95","Ostrich",3,"Princess",4,"Toothpaste",4,"middle",FALSE,"middle",TRUE,22,TRUE,FALSE,FALSE,"middle","right",TRUE,FALSE,FALSE,"middle","middle",FALSE
"669053bbebafdd430e770142","Corn",2,"Pajamas",5,"Phone",5,"right",FALSE,"middle",FALSE,22,TRUE,FALSE,FALSE,"right","left",FALSE,FALSE,TRUE,"middle","right",FALSE
"677419f93048c66d62d2bf87","Mouth",1,"Swimsuit",4,"Truck",4,"left",FALSE,"middle",TRUE,22,FALSE,TRUE,FALSE,"middle","middle",FALSE,TRUE,FALSE,"middle","left",FALSE
"574aff1b5bef980007af2745","Bat",1,"Mirror",5,"Clown",5,"right",FALSE,"right",TRUE,22,TRUE,FALSE,FALSE,"right","middle",TRUE,FALSE,FALSE,"right","right",FALSE
"58404fd8ad98e40001ce915f","Cupcake",2,"Suitcase",1,"Tongue",1,"right",FALSE,"left",TRUE,22,FALSE,TRUE,FALSE,"left","left",FALSE,TRUE,FALSE,"left","right",FALSE
"5de8887aa2db898017debf1a","Pear",2,"Marker",5,"Toothpaste",5,"left",TRUE,"left",TRUE,22,TRUE,FALSE,FALSE,"left","right",TRUE,FALSE,FALSE,"left","left",FALSE
"59d949cf8fd07a000184247e","Queen",3,"Toothbrush",5,"Umbrella",5,"right",FALSE,"middle",TRUE,22,FALSE,TRUE,FALSE,"middle","middle",FALSE,TRUE,FALSE,"middle","right",FALSE
"662945728093113a43ab8077","Cake",2,"Toilet",1,"CD",1,"middle",FALSE,"right",FALSE,22,TRUE,FALSE,FALSE,"middle","left",FALSE,FALSE,TRUE,"right","middle",TRUE
"676058418c08c71e4bb7cbd1","Wheel",4,"Washcloth",2,"Keys",2,"left",FALSE,"left",TRUE,22,TRUE,FALSE,FALSE,"left","middle",TRUE,FALSE,FALSE,"left","left",TRUE
"6643d22289210a4edf21e84d","Hips",4,"Pudding",5,"Shirt",5,"right",FALSE,"middle",TRUE,22,FALSE,TRUE,FALSE,"middle","middle",FALSE,TRUE,FALSE,"middle","right",FALSE
"58954e2dc88c680001dd4b7e","Broom",4,"Crown",1,"Window",1,"right",FALSE,"left",TRUE,22,FALSE,FALSE,TRUE,"left","middle",FALSE,FALSE,TRUE,"left","right",TRUE
"5b757a03976ecb0001b1168f","Lion",3,"Magazine",3,"Bracelet",3,"left",FALSE,"left",TRUE,22,TRUE,FALSE,FALSE,"left","middle",TRUE,FALSE,FALSE,"left","left",FALSE
"681b781064a5701a5ceee3bc","Toothbrush",4,"Scissors",5,"Kangaroo",5,"right",FALSE,"middle",TRUE,22,FALSE,TRUE,FALSE,"middle","middle",FALSE,TRUE,FALSE,"middle","right",TRUE
"6716c6700f376dc7f534af9d","Leaf",2,"Necklace",2,"Boots",2,"right",FALSE,"middle",FALSE,22,TRUE,FALSE,FALSE,"right","middle",FALSE,TRUE,FALSE,"middle","right",FALSE
"671a3ac3dada5efe6d439698","Socks",1,"Dolls",4,"Doughnut",4,"right",FALSE,"right",TRUE,22,TRUE,FALSE,FALSE,"right","middle",TRUE,FALSE,FALSE,"right","right",FALSE
"676b89007874c8eace113276","Hot Dog",4,"Juice",1,"Ostrich",1,"left",FALSE,"left",FALSE,22,FALSE,TRUE,FALSE,"middle","middle",TRUE,FALSE,FALSE,"left","left",FALSE
"6825af939111d286546fdde6","Barn",2,"Helicopter",2,"Pretzel",2,"left",FALSE,"right",TRUE,22,FALSE,TRUE,FALSE,"right","right",FALSE,TRUE,FALSE,"right","left",FALSE
"67164c92298409e37c670b3d","CD",2,"Car",2,"Cow",2,"right",FALSE,"right",FALSE,22,FALSE,FALSE,TRUE,"middle","left",TRUE,FALSE,FALSE,"right","right",FALSE
"682b3f63d0e2c4eff64fe664","Earring",3,"Bagel",1,"Bread",1,"middle",FALSE,"middle",FALSE,22,FALSE,FALSE,TRUE,"right","left",TRUE,FALSE,FALSE,"middle","middle",TRUE
"5d3695969749cc00165c222f","Jacket",1,"Pear",5,"Soda",5,"middle",TRUE,"middle",TRUE,22,TRUE,FALSE,FALSE,"middle","right",TRUE,FALSE,FALSE,"middle","middle",TRUE
"664521e03117b782ed4fff45","Fingers",4,"Goal",4,"Broom",4,"right",FALSE,"left",FALSE,22,TRUE,FALSE,FALSE,"right","left",FALSE,TRUE,FALSE,"left","right",FALSE
"5f0db498f5e4e102c0f65b67","Candle",1,"Tissue",4,"Barn",4,"right",FALSE,"middle",FALSE,18,TRUE,FALSE,FALSE,"right","left",FALSE,FALSE,TRUE,"middle","right",FALSE
"6773dea609f77d473900997a","Sweater",4,"Milk",1,"Toilet",1,"left",FALSE,"left",FALSE,22,FALSE,FALSE,TRUE,"right","middle",TRUE,FALSE,FALSE,"left","left",TRUE
"637fcee60a8378c1c3a65898","Fire truck",3,"Bubbles",5,"Sweater",5,"right",FALSE,"middle",TRUE,22,FALSE,TRUE,FALSE,"middle","middle",FALSE,TRUE,FALSE,"middle","right",FALSE
"63f77a5dde1ea03305e119e0","Sandals",5,"Mouth",2,"Hair",2,"left",FALSE,"left",TRUE,22,TRUE,FALSE,FALSE,"left","right",TRUE,FALSE,FALSE,"left","left",FALSE
"5fbf90f025a567296d943c7e","Pajamas",1,"Monkey",5,"Giraffe",5,"right",FALSE,"right",TRUE,22,TRUE,FALSE,FALSE,"right","middle",TRUE,FALSE,FALSE,"right","right",FALSE
"636d6ce3fb3683ff33f9e514","Bat",3,"Train",3,"Slinky",3,"right",FALSE,"right",TRUE,22,TRUE,FALSE,FALSE,"right","middle",TRUE,FALSE,FALSE,"right","right",FALSE
"5af2a03697a14300017d2ba4","Cable",3,"Brush",3,"Table",3,"right",FALSE,"right",FALSE,22,FALSE,FALSE,TRUE,"left","middle",TRUE,FALSE,FALSE,"right","right",FALSE
"60e3a25e8be835f754795d93","Swing",2,"Computer",5,"Hat",5,"middle",FALSE,"middle",TRUE,22,TRUE,FALSE,FALSE,"middle","left",TRUE,FALSE,FALSE,"middle","middle",TRUE
"66b5172c8f0bd3b23ce66c22","Octopus",3,"Bread",4,"Rainbow",4,"middle",FALSE,"right",TRUE,23,FALSE,TRUE,FALSE,"right","right",FALSE,TRUE,FALSE,"right","middle",FALSE
"5ba60abd9629a90001b36fdc","Hot Dog",2,"CD",3,"Apples",3,"right",TRUE,"right",TRUE,23,TRUE,FALSE,FALSE,"right","left",TRUE,FALSE,FALSE,"right","right",FALSE
"65dc99d0191a135ab835bf69","Taco",5,"Skateboard",2,"Corn",2,"middle",FALSE,"left",TRUE,23,FALSE,FALSE,TRUE,"left","right",FALSE,FALSE,TRUE,"left","middle",FALSE
"60fe7bf61c7567f5cca9ade6","Iron",3,"Envelope",3,"Comb",3,"middle",FALSE,"left",TRUE,23,FALSE,FALSE,TRUE,"left","right",FALSE,FALSE,TRUE,"left","middle",TRUE
"5c9d88bb2b3c77001744ec1c","Button",3,"Can",3,"Mouse",3,"right",FALSE,"middle",TRUE,23,FALSE,TRUE,FALSE,"middle","middle",FALSE,TRUE,FALSE,"middle","right",FALSE
"5e283f576dbb560114ac7714","Ant",2,"Spider",3,"Tissue",3,"right",FALSE,"right",TRUE,23,TRUE,FALSE,FALSE,"right","left",TRUE,FALSE,FALSE,"right","right",FALSE
"62e02b1ed5b0fbc1b1dc09e7","Apples",5,"Bead",2,"Owl",2,"left",TRUE,"left",TRUE,23,TRUE,FALSE,FALSE,"left","right",TRUE,FALSE,FALSE,"left","left",FALSE
"5ecf9b46617a9b3dd56b3fe3","Butter",5,"Net",2,"Juice",2,"left",FALSE,"left",FALSE,23,FALSE,TRUE,FALSE,"right","right",TRUE,FALSE,FALSE,"left","left",TRUE
"590b3401182caf0001ab5801","Fries",1,"TV",4,"Balls",4,"middle",FALSE,"middle",TRUE,23,TRUE,FALSE,FALSE,"middle","left",TRUE,FALSE,FALSE,"middle","middle",FALSE
"65c11389b0d2ba8e63cb8b22","Taco",4,"Yo-yo",1,"Motorcycle",1,"right",FALSE,"left",TRUE,23,FALSE,TRUE,FALSE,"left","left",FALSE,TRUE,FALSE,"left","right",FALSE
"5d15160539eeea001683830c","Refrigerator",1,"Shampoo",2,"Strawberries",2,"right",TRUE,"right",TRUE,23,TRUE,FALSE,FALSE,"right","left",TRUE,FALSE,FALSE,"right","right",FALSE
"6620b6a209127dafd5b2dfb9","Pool",2,"Pie",3,"Paints",3,"right",FALSE,"right",FALSE,23,FALSE,TRUE,FALSE,"middle","middle",TRUE,FALSE,FALSE,"right","right",FALSE
"56c65a5a305eaa0005f2a634","Cake",3,"Frog",5,"Backpack",5,"left",FALSE,"right",FALSE,23,TRUE,FALSE,FALSE,"left","middle",FALSE,FALSE,TRUE,"right","left",FALSE
"59fb1518b47dfc0001b6659b","Chicken",4,"Pudding",1,"Bag",1,"right",FALSE,"middle",FALSE,23,FALSE,FALSE,TRUE,"left","middle",FALSE,TRUE,FALSE,"middle","right",FALSE
"602c0fc2eff74b4748e9b41e","Dinosaur",2,"Notebook",5,"Lizard",5,"middle",FALSE,"middle",FALSE,23,FALSE,FALSE,TRUE,"right","left",TRUE,FALSE,FALSE,"middle","middle",FALSE
"5bcc98d1db645700015222b5","Dress",1,"Soap",2,"Play dough",2,"left",FALSE,"middle",TRUE,23,FALSE,FALSE,TRUE,"middle","right",FALSE,FALSE,TRUE,"middle","left",FALSE
"6773e6e6b205d22a2e097735","Vacuum",5,"Bead",2,"Candle",2,"middle",FALSE,"left",TRUE,23,FALSE,TRUE,FALSE,"left","left",FALSE,TRUE,FALSE,"left","middle",FALSE
"67505c42a18c872bab88ed42","Whistle",4,"Butter",5,"Yogurt",5,"right",FALSE,"middle",TRUE,23,FALSE,FALSE,TRUE,"middle","left",FALSE,FALSE,TRUE,"middle","right",FALSE
"62a1e021702679d27813a3e2","Toilet",2,"Magazine",2,"Circle",2,"right",FALSE,"left",TRUE,23,FALSE,TRUE,FALSE,"left","left",FALSE,TRUE,FALSE,"left","right",FALSE
"639f294882a3797f77a3dd81","Balloons",3,"Meat",5,"Circle",5,"right",FALSE,"middle",TRUE,23,FALSE,FALSE,TRUE,"middle","left",FALSE,FALSE,TRUE,"middle","right",FALSE
"654bc148c95bca00d541ec33","Swimsuit",1,"Socks",5,"Bus",5,"right",FALSE,"middle",TRUE,23,FALSE,FALSE,TRUE,"middle","left",FALSE,FALSE,TRUE,"middle","right",TRUE
"5d23460ad4c57900192b129c","Shorts",5,"Mountain",5,"Bubbles",5,"right",FALSE,"middle",FALSE,23,TRUE,FALSE,FALSE,"right","left",FALSE,FALSE,TRUE,"middle","right",FALSE
"67673cda94b4d0cf1a6a7382","Jacket",2,"Vacuum",5,"Grapes",5,"right",TRUE,"right",TRUE,23,TRUE,FALSE,FALSE,"right","middle",TRUE,FALSE,FALSE,"right","right",FALSE
"5c4f5967aac8be0001716a65","Rainbow",3,"Soup",3,"Fire",3,"middle",FALSE,"middle",TRUE,23,TRUE,FALSE,FALSE,"middle","left",TRUE,FALSE,FALSE,"middle","middle",FALSE
"67758c9a30d6819221153393","Dress",5,"Pillow",4,"Candy",4,"left",FALSE,"right",FALSE,23,FALSE,FALSE,TRUE,"middle","right",FALSE,TRUE,FALSE,"right","left",FALSE
"66b37344796f45313433abc8","Giraffe",1,"Paints",2,"Pirate",2,"right",FALSE,"right",FALSE,23,FALSE,TRUE,FALSE,"middle","middle",TRUE,FALSE,FALSE,"right","right",FALSE
"632096b5574155e8727c50cc","Queen",5,"Hot Dog",5,"Candle",5,"left",FALSE,"middle",FALSE,23,TRUE,FALSE,FALSE,"left","right",FALSE,FALSE,TRUE,"middle","left",FALSE
"66dcc0e54f44ccecf2730c76","Monkey",2,"Watch",4,"Hose",4,"right",FALSE,"right",FALSE,23,FALSE,FALSE,TRUE,"middle","left",TRUE,FALSE,FALSE,"right","right",TRUE
"60fac7ec133b6bf250d6d668","Bird",4,"Iron",4,"Spaghetti",4,"left",FALSE,"left",TRUE,23,TRUE,FALSE,FALSE,"left","right",TRUE,FALSE,FALSE,"left","left",FALSE
"5e459f61418f610891628564","Pen",4,"Shirt",1,"Books",1,"middle",FALSE,"left",FALSE,23,TRUE,FALSE,FALSE,"middle","right",FALSE,FALSE,TRUE,"left","middle",FALSE
"5e89ec793c01b3685a00bb12","Ring",2,"Scissors",2,"Pencil",2,"middle",FALSE,"right",TRUE,23,FALSE,FALSE,TRUE,"right","left",FALSE,FALSE,TRUE,"right","middle",FALSE
"631d197eba06364cbea7fab2","Monkey",2,"Cow",2,"Sun",2,"left",FALSE,"right",TRUE,23,FALSE,FALSE,TRUE,"right","middle",FALSE,FALSE,TRUE,"right","left",TRUE
"61656042f505fd7fa53e8628","Owl",5,"Computer",4,"Ice Cream",4,"middle",FALSE,"middle",TRUE,19,TRUE,FALSE,FALSE,"middle","left",TRUE,FALSE,FALSE,"middle","middle",FALSE
"66fd3f6c93c24ecc119be354","House",3,"Cup",5,"Stamps",5,"middle",FALSE,"right",FALSE,23,TRUE,FALSE,FALSE,"middle","left",FALSE,FALSE,TRUE,"right","middle",TRUE
"5af1a4bc6e136b0001411714","Peas",5,"Head",2,"Paints",2,"right",FALSE,"left",TRUE,23,FALSE,FALSE,TRUE,"left","middle",FALSE,FALSE,TRUE,"left","right",FALSE
"60ed501279c68ea1a313d0aa","Hat",4,"String",5,"Taco",5,"left",FALSE,"left",TRUE,23,TRUE,FALSE,FALSE,"left","right",TRUE,FALSE,FALSE,"left","left",FALSE
"5bf2f728bd9f150001f6cc42","Rabbit",5,"Bread",4,"Pudding",4,"left",FALSE,"middle",FALSE,23,TRUE,FALSE,FALSE,"left","middle",FALSE,TRUE,FALSE,"middle","left",FALSE
"59a734ce0c87a000017481ed","String",5,"Wagon",5,"Hamburger",5,"left",FALSE,"right",TRUE,23,FALSE,TRUE,FALSE,"right","right",FALSE,TRUE,FALSE,"right","left",FALSE
"615e420a23219efe3427a367","Stick",1,"Dinosaur",1,"Sweater",1,"middle",FALSE,"right",TRUE,23,FALSE,TRUE,FALSE,"right","right",FALSE,TRUE,FALSE,"right","middle",FALSE
"66b244a2f436437d3e109bbe","Mouse",2,"Fingernail",1,"Elbow",1,"left",FALSE,"left",TRUE,23,TRUE,FALSE,FALSE,"left","right",TRUE,FALSE,FALSE,"left","left",TRUE
"5f1b05a8703c380d1393bb27","Balloons",2,"Lion",4,"Notebook",4,"left",FALSE,"middle",TRUE,23,FALSE,FALSE,TRUE,"middle","right",FALSE,FALSE,TRUE,"middle","left",FALSE
"6684497541f835bd67a199b2","Toes",2,"Pear",1,"Mouse",1,"middle",TRUE,"middle",FALSE,23,FALSE,FALSE,TRUE,"right","left",TRUE,FALSE,FALSE,"middle","middle",FALSE
"5eeddefa177a7322144cbc5e","Candy",2,"Rain",4,"Marker",4,"right",FALSE,"left",TRUE,23,FALSE,FALSE,TRUE,"left","middle",FALSE,FALSE,TRUE,"left","right",FALSE
"63ee9abfa262bea95766dd9c","Snake",4,"Tape",3,"Butter",3,"right",FALSE,"right",TRUE,23,TRUE,FALSE,FALSE,"right","left",TRUE,FALSE,FALSE,"right","right",TRUE
"66cfab152c56aa0472529001","Popsicle",5,"Water",5,"Toothpaste",5,"left",FALSE,"left",TRUE,23,TRUE,FALSE,FALSE,"left","middle",TRUE,FALSE,FALSE,"left","left",TRUE
"6571fd9d691befe21fa61d18","Hips",5,"Waffle",4,"Shoes",4,"right",FALSE,"right",TRUE,23,TRUE,FALSE,FALSE,"right","left",TRUE,FALSE,FALSE,"right","right",FALSE
"66312361cf5d4099e1330532","Princess",5,"Can",3,"Puzzles",3,"left",FALSE,"right",FALSE,23,TRUE,FALSE,FALSE,"left","right",FALSE,TRUE,FALSE,"right","left",FALSE
"6722ea20fb84b196f0a649b6","Socks",5,"Puzzles",1,"Toy",1,"middle",FALSE,"left",TRUE,23,FALSE,TRUE,FALSE,"left","left",FALSE,TRUE,FALSE,"left","middle",FALSE
"5ddce9f0f85b50c4fc1515a4","Watch",5,"Shoes",2,"Pillow",2,"middle",FALSE,"left",TRUE,23,FALSE,FALSE,TRUE,"left","right",FALSE,FALSE,TRUE,"left","middle",FALSE
"5c3bdbf548ad2900017fac31","Sticker",4,"Feet",5,"Pear",5,"right",TRUE,"middle",FALSE,23,TRUE,FALSE,FALSE,"right","middle",FALSE,TRUE,FALSE,"middle","right",FALSE
"6844a1b95271dfc560af4709","Iron",2,"Clown",4,"Tricycle",4,"middle",FALSE,"middle",FALSE,23,FALSE,FALSE,TRUE,"right","left",TRUE,FALSE,FALSE,"middle","middle",FALSE
"5e121701dc79bd8a1a22ca99","Chips",1,"Wheel",3,"Towels",3,"right",FALSE,"middle",FALSE,19,FALSE,TRUE,FALSE,"left","left",FALSE,FALSE,TRUE,"middle","right",FALSE
"616ef680ab8ca318a227f5ec","Bear",2,"Movie",3,"Belt",3,"right",FALSE,"right",TRUE,23,TRUE,FALSE,FALSE,"right","middle",TRUE,FALSE,FALSE,"right","right",FALSE
"66d9cd06e207a93377f7820e","Cookies",1,"Computer",1,"Blanket",1,"right",FALSE,"middle",FALSE,23,FALSE,TRUE,FALSE,"left","left",FALSE,FALSE,TRUE,"middle","right",TRUE
"5962a5b29955ee00015bce98","Hat",4,"Pig",1,"Eyes",1,"left",FALSE,"right",TRUE,23,FALSE,FALSE,TRUE,"right","middle",FALSE,FALSE,TRUE,"right","left",TRUE
"641384b3dffcf39ec42d3c23","Zipper",3,"Ostrich",1,"Slinky",1,"left",FALSE,"left",FALSE,23,FALSE,FALSE,TRUE,"middle","right",TRUE,FALSE,FALSE,"left","left",FALSE
"59692d61355b45000106c592","Stairs",4,"Baby",1,"Bow",1,"left",FALSE,"middle",TRUE,23,FALSE,TRUE,FALSE,"middle","middle",FALSE,TRUE,FALSE,"middle","left",FALSE
"5dd05d80b2204f1487f7812c","Radio",4,"Newspaper",4,"Ring",4,"right",FALSE,"right",FALSE,23,FALSE,TRUE,FALSE,"middle","middle",TRUE,FALSE,FALSE,"right","right",FALSE
"6321d9c78e8e3c04f82a0ea0","Money",3,"Pool",4,"Shampoo",4,"middle",FALSE,"right",TRUE,23,FALSE,FALSE,TRUE,"right","left",FALSE,FALSE,TRUE,"right","middle",FALSE
"632d189d6b8f03d0d3db4c48","Socks",2,"Fork",5,"Shampoo",5,"middle",FALSE,"middle",TRUE,23,TRUE,FALSE,FALSE,"middle","right",TRUE,FALSE,FALSE,"middle","middle",TRUE
"63b3377ca1ccdfc7cc567503","Peas",5,"Table",4,"String",4,"right",FALSE,"left",TRUE,23,FALSE,TRUE,FALSE,"left","left",FALSE,TRUE,FALSE,"left","right",TRUE
"6678813aec86d687a654dedb","Spider",1,"Car",5,"Glasses",5,"right",FALSE,"middle",TRUE,23,FALSE,FALSE,TRUE,"middle","left",FALSE,FALSE,TRUE,"middle","right",FALSE
"55cce6ea34e90600058d1e6d","Balloons",2,"Arm",5,"Washcloth",5,"right",FALSE,"middle",FALSE,23,FALSE,FALSE,TRUE,"left","middle",FALSE,TRUE,FALSE,"middle","right",FALSE
"6658bba1a51a037d25bb677e","Mouth",5,"Teddy Bear",3,"Radio",3,"middle",FALSE,"left",TRUE,23,FALSE,TRUE,FALSE,"left","left",FALSE,TRUE,FALSE,"left","middle",TRUE
"60f5df9db9380d875c320307","Chopsticks",3,"Strawberries",3,"Skateboard",3,"middle",TRUE,"middle",TRUE,23,TRUE,FALSE,FALSE,"middle","left",TRUE,FALSE,FALSE,"middle","middle",FALSE
"63d5b810f3dbbd11e7e65870","Kangaroo",4,"Slinky",4,"Sun",4,"left",FALSE,"left",TRUE,23,TRUE,FALSE,FALSE,"left","middle",TRUE,FALSE,FALSE,"left","left",FALSE
"66d1fdd400acfdbc181f41e0","Movie",1,"Toothbrush",4,"Clown",4,"right",FALSE,"right",TRUE,23,TRUE,FALSE,FALSE,"right","middle",TRUE,FALSE,FALSE,"right","right",FALSE
"67b636c4ea38855cbb08ffe3","Leaf",3,"Toes",1,"Princess",1,"right",FALSE,"right",FALSE,23,FALSE,FALSE,TRUE,"left","middle",TRUE,FALSE,FALSE,"right","right",FALSE
"5e1b795dc799223a3b447ada","Flower",3,"Slide",3,"Square",3,"right",FALSE,"right",TRUE,23,TRUE,FALSE,FALSE,"right","left",TRUE,FALSE,FALSE,"right","right",FALSE
"5c5cad3e4ee81200018eafe2","Rope",4,"Bread",1,"Fingers",1,"left",FALSE,"left",TRUE,23,TRUE,FALSE,FALSE,"left","middle",TRUE,FALSE,FALSE,"left","left",FALSE
"5bc5be2572df5f00014479f9","Bacon",1,"Rice",5,"Octopus",5,"middle",FALSE,"left",TRUE,23,FALSE,TRUE,FALSE,"left","left",FALSE,TRUE,FALSE,"left","middle",FALSE
"5f8f436e4676a71879786b95","Squirrel",4,"Battery",1,"Pot",1,"left",FALSE,"left",TRUE,23,TRUE,FALSE,FALSE,"left","right",TRUE,FALSE,FALSE,"left","left",FALSE
"669053bbebafdd430e770142","Knife",1,"Hammer",2,"Doughnut",2,"right",FALSE,"right",TRUE,23,TRUE,FALSE,FALSE,"right","left",TRUE,FALSE,FALSE,"right","right",FALSE
"677419f93048c66d62d2bf87","Purse",2,"Peas",5,"Fries",5,"right",FALSE,"right",FALSE,23,FALSE,TRUE,FALSE,"middle","middle",TRUE,FALSE,FALSE,"right","right",FALSE
"574aff1b5bef980007af2745","Zebra",5,"Cow",4,"Pudding",4,"right",FALSE,"middle",FALSE,23,FALSE,FALSE,TRUE,"left","middle",FALSE,TRUE,FALSE,"middle","right",FALSE
"58404fd8ad98e40001ce915f","Nest",4,"Hamburger",3,"Bridge",3,"middle",FALSE,"middle",TRUE,23,TRUE,FALSE,FALSE,"middle","left",TRUE,FALSE,FALSE,"middle","middle",FALSE
"5de8887aa2db898017debf1a","Soup",1,"Pajamas",4,"Zipper",4,"left",FALSE,"middle",TRUE,23,FALSE,FALSE,TRUE,"middle","right",FALSE,FALSE,TRUE,"middle","left",FALSE
"59d949cf8fd07a000184247e","Horse",5,"Dress",5,"Mirror",5,"left",FALSE,"left",TRUE,23,TRUE,FALSE,FALSE,"left","middle",TRUE,FALSE,FALSE,"left","left",FALSE
"662945728093113a43ab8077","Coloring Book",4,"Apples",3,"Nose",3,"middle",TRUE,"middle",TRUE,23,TRUE,FALSE,FALSE,"middle","left",TRUE,FALSE,FALSE,"middle","middle",TRUE
"676058418c08c71e4bb7cbd1","Mouse",1,"Helicopter",3,"Slinky",3,"right",FALSE,"right",TRUE,23,TRUE,FALSE,FALSE,"right","middle",TRUE,FALSE,FALSE,"right","right",TRUE
"6643d22289210a4edf21e84d","Clock",5,"Can",1,"Octopus",1,"left",FALSE,"left",TRUE,23,TRUE,FALSE,FALSE,"left","middle",TRUE,FALSE,FALSE,"left","left",FALSE
"58954e2dc88c680001dd4b7e","Milk",3,"Pig",1,"Bottle",1,"right",FALSE,"right",TRUE,23,TRUE,FALSE,FALSE,"right","middle",TRUE,FALSE,FALSE,"right","right",TRUE
"5b757a03976ecb0001b1168f","Clown",3,"Earring",4,"Table",4,"right",FALSE,"left",TRUE,23,FALSE,FALSE,TRUE,"left","middle",FALSE,FALSE,TRUE,"left","right",FALSE
"681b781064a5701a5ceee3bc","Crown",4,"Rain",2,"Milk",2,"right",FALSE,"left",TRUE,23,FALSE,FALSE,TRUE,"left","middle",FALSE,FALSE,TRUE,"left","right",TRUE
"6716c6700f376dc7f534af9d","Scissors",3,"Notebook",2,"Lamp",2,"left",FALSE,"left",TRUE,23,TRUE,FALSE,FALSE,"left","middle",TRUE,FALSE,FALSE,"left","left",FALSE
"671a3ac3dada5efe6d439698","Fingers",4,"Bike",5,"Sheep",5,"left",FALSE,"left",TRUE,23,TRUE,FALSE,FALSE,"left","middle",TRUE,FALSE,FALSE,"left","left",FALSE
"676b89007874c8eace113276","Stove",3,"Tissue",4,"Ear",4,"right",FALSE,"middle",TRUE,23,FALSE,TRUE,FALSE,"middle","middle",FALSE,TRUE,FALSE,"middle","right",FALSE
"6825af939111d286546fdde6","Dresser",3,"Sun",1,"Socks",1,"middle",FALSE,"left",FALSE,23,TRUE,FALSE,FALSE,"middle","right",FALSE,FALSE,TRUE,"left","middle",FALSE
"67164c92298409e37c670b3d","Watch",3,"Iron",4,"Dog",4,"right",FALSE,"middle",FALSE,23,FALSE,TRUE,FALSE,"left","left",FALSE,FALSE,TRUE,"middle","right",FALSE
"682b3f63d0e2c4eff64fe664","Scissors",2,"Waffle",5,"Table",5,"middle",FALSE,"middle",TRUE,23,TRUE,FALSE,FALSE,"middle","left",TRUE,FALSE,FALSE,"middle","middle",TRUE
"5d3695969749cc00165c222f","Clock",3,"Queen",5,"Mirror",5,"middle",FALSE,"middle",TRUE,23,TRUE,FALSE,FALSE,"middle","right",TRUE,FALSE,FALSE,"middle","middle",TRUE
"664521e03117b782ed4fff45","Pie",4,"Bone",1,"Button",1,"middle",FALSE,"left",TRUE,23,FALSE,TRUE,FALSE,"left","left",FALSE,TRUE,FALSE,"left","middle",FALSE
"5f0db498f5e4e102c0f65b67","Clock",2,"Truck",1,"Paper",1,"middle",FALSE,"left",FALSE,19,FALSE,FALSE,TRUE,"right","left",FALSE,TRUE,FALSE,"left","middle",FALSE
"6773dea609f77d473900997a","Heart",3,"Airplane",2,"Dolphin",2,"right",FALSE,"right",FALSE,23,FALSE,FALSE,TRUE,"left","middle",TRUE,FALSE,FALSE,"right","right",TRUE
"637fcee60a8378c1c3a65898","Fork",4,"Milk",2,"Tractor",2,"left",FALSE,"left",TRUE,23,TRUE,FALSE,FALSE,"left","middle",TRUE,FALSE,FALSE,"left","left",FALSE
"63f77a5dde1ea03305e119e0","Sticker",3,"Wheel",2,"Mountain",2,"left",FALSE,"right",TRUE,23,FALSE,TRUE,FALSE,"right","right",FALSE,TRUE,FALSE,"right","left",FALSE
"5fbf90f025a567296d943c7e","Car",3,"Play dough",5,"Rope",5,"left",FALSE,"middle",FALSE,23,TRUE,FALSE,FALSE,"left","middle",FALSE,TRUE,FALSE,"middle","left",FALSE
"636d6ce3fb3683ff33f9e514","Fence",1,"Pirate",5,"Can",5,"right",FALSE,"middle",TRUE,23,FALSE,TRUE,FALSE,"middle","middle",FALSE,TRUE,FALSE,"middle","right",FALSE
"5af2a03697a14300017d2ba4","Blanket",5,"Barn",1,"Diaper",1,"left",FALSE,"left",TRUE,23,TRUE,FALSE,FALSE,"left","middle",TRUE,FALSE,FALSE,"left","left",FALSE
"60e3a25e8be835f754795d93","Swimsuit",5,"Shoulders",4,"Rock",4,"middle",FALSE,"left",TRUE,23,FALSE,TRUE,FALSE,"left","left",FALSE,TRUE,FALSE,"left","middle",TRUE
"66b5172c8f0bd3b23ce66c22","Balloons",5,"Toothpaste",4,"Socks",4,"left",FALSE,"middle",FALSE,24,TRUE,FALSE,FALSE,"left","right",FALSE,FALSE,TRUE,"middle","left",FALSE
"5ba60abd9629a90001b36fdc","Sandwich",3,"Fish",1,"Feather",1,"right",FALSE,"left",TRUE,24,FALSE,TRUE,FALSE,"left","left",FALSE,TRUE,FALSE,"left","right",FALSE
"65dc99d0191a135ab835bf69","Mountain",3,"Lizard",2,"Boat",2,"middle",FALSE,"right",FALSE,24,FALSE,FALSE,TRUE,"left","right",FALSE,TRUE,FALSE,"right","middle",FALSE
"60fe7bf61c7567f5cca9ade6","Strawberries",2,"Leaf",2,"Bead",2,"left",TRUE,"left",TRUE,24,TRUE,FALSE,FALSE,"left","right",TRUE,FALSE,FALSE,"left","left",TRUE
"5c9d88bb2b3c77001744ec1c","Coloring Book",1,"Mountain",2,"Marker",2,"left",FALSE,"middle",TRUE,24,FALSE,TRUE,FALSE,"middle","middle",FALSE,TRUE,FALSE,"middle","left",FALSE
"5e283f576dbb560114ac7714","Hanger",5,"Scissors",3,"Meat",3,"middle",FALSE,"right",FALSE,24,FALSE,TRUE,FALSE,"left","left",FALSE,FALSE,TRUE,"right","middle",FALSE
"62e02b1ed5b0fbc1b1dc09e7","Bee",3,"Shoes",1,"Pot",1,"left",FALSE,"left",FALSE,24,FALSE,TRUE,FALSE,"right","right",TRUE,FALSE,FALSE,"left","left",FALSE
"5ecf9b46617a9b3dd56b3fe3","Elbow",2,"Spaghetti",4,"Butterfly",4,"left",FALSE,"middle",FALSE,24,TRUE,FALSE,FALSE,"left","right",FALSE,FALSE,TRUE,"middle","left",TRUE
"590b3401182caf0001ab5801","Socks",1,"Backpack",5,"Suitcase",5,"middle",FALSE,"middle",FALSE,24,FALSE,FALSE,TRUE,"right","left",TRUE,FALSE,FALSE,"middle","middle",FALSE
"65c11389b0d2ba8e63cb8b22","Queen",4,"Tongue",1,"Bandaid",1,"right",FALSE,"right",TRUE,24,TRUE,FALSE,FALSE,"right","left",TRUE,FALSE,FALSE,"right","right",FALSE
"5d15160539eeea001683830c","Mirror",2,"TV",2,"Bracelet",2,"middle",FALSE,"right",TRUE,24,FALSE,FALSE,TRUE,"right","left",FALSE,FALSE,TRUE,"right","middle",FALSE
"6620b6a209127dafd5b2dfb9","Dolls",1,"Bandaid",3,"Fence",3,"left",FALSE,"left",TRUE,24,TRUE,FALSE,FALSE,"left","middle",TRUE,FALSE,FALSE,"left","left",FALSE
"56c65a5a305eaa0005f2a634","Shoulders",1,"Suitcase",1,"Bacon",1,"right",FALSE,"right",TRUE,24,TRUE,FALSE,FALSE,"right","middle",TRUE,FALSE,FALSE,"right","right",FALSE
"59fb1518b47dfc0001b6659b","House",2,"Head",2,"Bird",2,"right",FALSE,"middle",TRUE,24,FALSE,TRUE,FALSE,"middle","middle",FALSE,TRUE,FALSE,"middle","right",FALSE
"602c0fc2eff74b4748e9b41e","Dolls",2,"Box",3,"Popsicle",3,"middle",FALSE,"left",FALSE,24,TRUE,FALSE,FALSE,"middle","left",FALSE,TRUE,FALSE,"left","middle",FALSE
"5bcc98d1db645700015222b5","Soup",4,"Squirrel",1,"Mountain",1,"middle",FALSE,"right",TRUE,24,FALSE,TRUE,FALSE,"right","right",FALSE,TRUE,FALSE,"right","middle",FALSE
"6773e6e6b205d22a2e097735","Bat",3,"Triangle",1,"Heart",1,"middle",FALSE,"left",FALSE,24,FALSE,FALSE,TRUE,"right","left",FALSE,TRUE,FALSE,"left","middle",FALSE
"67505c42a18c872bab88ed42","Dresser",1,"Rainbow",1,"House",1,"right",FALSE,"right",TRUE,24,TRUE,FALSE,FALSE,"right","left",TRUE,FALSE,FALSE,"right","right",FALSE
"62a1e021702679d27813a3e2","Fly",3,"Clown",1,"Spaghetti",1,"middle",FALSE,"right",TRUE,24,FALSE,FALSE,TRUE,"right","left",FALSE,FALSE,TRUE,"right","middle",FALSE
"639f294882a3797f77a3dd81","Motorcycle",1,"Bottle",5,"Boat",5,"right",FALSE,"middle",TRUE,24,FALSE,FALSE,TRUE,"middle","left",FALSE,FALSE,TRUE,"middle","right",FALSE
"654bc148c95bca00d541ec33","Rainbow",2,"Soup",4,"Tiger",4,"middle",FALSE,"middle",TRUE,24,TRUE,FALSE,FALSE,"middle","left",TRUE,FALSE,FALSE,"middle","middle",TRUE
"5d23460ad4c57900192b129c","Net",4,"Tree",3,"Bug",3,"middle",FALSE,"middle",TRUE,24,TRUE,FALSE,FALSE,"middle","left",TRUE,FALSE,FALSE,"middle","middle",FALSE
"67673cda94b4d0cf1a6a7382","Baby",1,"Ice Cream",5,"Scooter",5,"right",FALSE,"left",FALSE,24,FALSE,TRUE,FALSE,"middle","middle",FALSE,FALSE,TRUE,"left","right",FALSE
"5c4f5967aac8be0001716a65","Swing",3,"Washcloth",3,"Potatoes",3,"middle",FALSE,"right",TRUE,24,FALSE,FALSE,TRUE,"right","left",FALSE,FALSE,TRUE,"right","middle",FALSE
"67758c9a30d6819221153393","Crayons",4,"Curtain",1,"Airplane",1,"left",FALSE,"left",TRUE,24,TRUE,FALSE,FALSE,"left","right",TRUE,FALSE,FALSE,"left","left",FALSE
"66b37344796f45313433abc8","Shampoo",3,"Water",1,"Refrigerator",1,"right",FALSE,"left",TRUE,24,FALSE,FALSE,TRUE,"left","middle",FALSE,FALSE,TRUE,"left","right",FALSE
"632096b5574155e8727c50cc","Dress",2,"Pillow",2,"Toes",2,"left",FALSE,"right",TRUE,24,FALSE,TRUE,FALSE,"right","right",FALSE,TRUE,FALSE,"right","left",FALSE
"66dcc0e54f44ccecf2730c76","Magazine",4,"Bed",2,"Pudding",2,"right",FALSE,"middle",FALSE,24,TRUE,FALSE,FALSE,"right","left",FALSE,FALSE,TRUE,"middle","right",TRUE
"60fac7ec133b6bf250d6d668","Taco",4,"Meat",4,"Bacon",4,"left",FALSE,"middle",FALSE,24,FALSE,TRUE,FALSE,"right","right",FALSE,FALSE,TRUE,"middle","left",FALSE
"5e459f61418f610891628564","Pear",4,"Shampoo",4,"Tummy",4,"left",TRUE,"middle",TRUE,24,FALSE,FALSE,TRUE,"middle","right",FALSE,FALSE,TRUE,"middle","left",FALSE
"5e89ec793c01b3685a00bb12","Sofa",5,"Sun",3,"Duck",3,"middle",FALSE,"left",TRUE,24,FALSE,TRUE,FALSE,"left","left",FALSE,TRUE,FALSE,"left","middle",FALSE
"631d197eba06364cbea7fab2","Blocks",5,"Popcorn",3,"Tummy",3,"right",FALSE,"right",TRUE,24,TRUE,FALSE,FALSE,"right","middle",TRUE,FALSE,FALSE,"right","right",TRUE
"61656042f505fd7fa53e8628","Queen",5,"Cake",5,"Chopsticks",5,"right",FALSE,"middle",TRUE,20,FALSE,FALSE,TRUE,"middle","left",FALSE,FALSE,TRUE,"middle","right",FALSE
"66fd3f6c93c24ecc119be354","Bus",2,"Balls",1,"Bucket",1,"right",FALSE,"middle",FALSE,24,TRUE,FALSE,FALSE,"right","left",FALSE,FALSE,TRUE,"middle","right",TRUE
"5af1a4bc6e136b0001411714","Shampoo",3,"Bat",3,"Queen",3,"left",FALSE,"right",TRUE,24,FALSE,FALSE,TRUE,"right","middle",FALSE,FALSE,TRUE,"right","left",FALSE
"60ed501279c68ea1a313d0aa","Oranges",1,"Pie",5,"Bird",5,"left",TRUE,"left",TRUE,24,TRUE,FALSE,FALSE,"left","right",TRUE,FALSE,FALSE,"left","left",FALSE
"5bf2f728bd9f150001f6cc42","Dinosaur",3,"Tricycle",2,"Whistle",2,"right",FALSE,"left",TRUE,24,FALSE,FALSE,TRUE,"left","middle",FALSE,FALSE,TRUE,"left","right",FALSE
"59a734ce0c87a000017481ed","Curtain",1,"Squirrel",2,"Soup",2,"left",FALSE,"right",FALSE,24,FALSE,FALSE,TRUE,"middle","right",FALSE,TRUE,FALSE,"right","left",FALSE
"615e420a23219efe3427a367","Meat",3,"Shorts",4,"Hammer",4,"left",FALSE,"right",FALSE,24,TRUE,FALSE,FALSE,"left","right",FALSE,TRUE,FALSE,"right","left",FALSE
"66b244a2f436437d3e109bbe","Fingers",2,"Taco",1,"Jump rope",1,"middle",FALSE,"middle",TRUE,24,TRUE,FALSE,FALSE,"middle","right",TRUE,FALSE,FALSE,"middle","middle",TRUE
"5f1b05a8703c380d1393bb27","CD",1,"Earring",2,"Elephant",2,"left",FALSE,"right",FALSE,24,FALSE,FALSE,TRUE,"middle","right",FALSE,TRUE,FALSE,"right","left",FALSE
"6684497541f835bd67a199b2","Fish",4,"Chips",3,"Wing",3,"middle",FALSE,"right",TRUE,24,FALSE,FALSE,TRUE,"right","left",FALSE,FALSE,TRUE,"right","middle",FALSE
"5eeddefa177a7322144cbc5e","Pancakes",1,"Clock",5,"Scooter",5,"left",FALSE,"middle",TRUE,24,FALSE,TRUE,FALSE,"middle","middle",FALSE,TRUE,FALSE,"middle","left",FALSE
"63ee9abfa262bea95766dd9c","Pie",5,"Sandwich",3,"Butterfly",3,"middle",FALSE,"middle",FALSE,24,FALSE,FALSE,TRUE,"right","left",TRUE,FALSE,FALSE,"middle","middle",TRUE
"66cfab152c56aa0472529001","Hair",4,"Scissors",5,"Pants",5,"left",FALSE,"middle",TRUE,24,FALSE,TRUE,FALSE,"middle","middle",FALSE,TRUE,FALSE,"middle","left",TRUE
"6571fd9d691befe21fa61d18","Peas",4,"House",3,"Tie",3,"middle",FALSE,"left",TRUE,24,FALSE,TRUE,FALSE,"left","left",FALSE,TRUE,FALSE,"left","middle",FALSE
"66312361cf5d4099e1330532","Heart",5,"Arm",5,"Whistle",5,"middle",FALSE,"left",FALSE,24,FALSE,TRUE,FALSE,"right","right",FALSE,FALSE,TRUE,"left","middle",FALSE
"6722ea20fb84b196f0a649b6","Octopus",1,"Hot Dog",2,"Can",2,"middle",FALSE,"right",TRUE,24,FALSE,FALSE,TRUE,"right","left",FALSE,FALSE,TRUE,"right","middle",FALSE
"5ddce9f0f85b50c4fc1515a4","String",2,"Mouth",3,"Moon",3,"left",FALSE,"middle",TRUE,24,FALSE,FALSE,TRUE,"middle","right",FALSE,FALSE,TRUE,"middle","left",FALSE
"5c3bdbf548ad2900017fac31","Truck",4,"Ostrich",1,"Soup",1,"left",FALSE,"right",TRUE,24,FALSE,FALSE,TRUE,"right","middle",FALSE,FALSE,TRUE,"right","left",FALSE
"6844a1b95271dfc560af4709","TV",1,"Pen",3,"Spaghetti",3,"right",FALSE,"middle",TRUE,24,FALSE,FALSE,TRUE,"middle","left",FALSE,FALSE,TRUE,"middle","right",FALSE
"5e121701dc79bd8a1a22ca99","Tree",5,"Bucket",2,"Hamburger",2,"middle",FALSE,"left",TRUE,20,FALSE,TRUE,FALSE,"left","left",FALSE,TRUE,FALSE,"left","middle",FALSE
"616ef680ab8ca318a227f5ec","Apples",5,"Goal",2,"Mouth",2,"left",TRUE,"left",TRUE,24,TRUE,FALSE,FALSE,"left","middle",TRUE,FALSE,FALSE,"left","left",FALSE
"66d9cd06e207a93377f7820e","Chips",2,"Keys",4,"Money",4,"right",FALSE,"middle",TRUE,24,FALSE,FALSE,TRUE,"middle","left",FALSE,FALSE,TRUE,"middle","right",TRUE
"5962a5b29955ee00015bce98","Balloons",4,"Video Tape",5,"Bread",5,"left",FALSE,"right",TRUE,24,FALSE,FALSE,TRUE,"right","middle",FALSE,FALSE,TRUE,"right","left",TRUE
"641384b3dffcf39ec42d3c23","Sheep",2,"Cherry",3,"Circle",3,"middle",TRUE,"middle",TRUE,24,TRUE,FALSE,FALSE,"middle","right",TRUE,FALSE,FALSE,"middle","middle",FALSE
"59692d61355b45000106c592","Bubbles",5,"Pizza",4,"Sandals",4,"left",FALSE,"left",TRUE,24,TRUE,FALSE,FALSE,"left","middle",TRUE,FALSE,FALSE,"left","left",FALSE
"5dd05d80b2204f1487f7812c","Stamps",4,"Arm",4,"CD",4,"left",FALSE,"middle",FALSE,24,TRUE,FALSE,FALSE,"left","middle",FALSE,TRUE,FALSE,"middle","left",FALSE
"6321d9c78e8e3c04f82a0ea0","Toes",5,"Yogurt",5,"Washcloth",5,"right",FALSE,"middle",TRUE,24,FALSE,FALSE,TRUE,"middle","left",FALSE,FALSE,TRUE,"middle","right",FALSE
"632d189d6b8f03d0d3db4c48","Lion",5,"Paper",1,"Ice Cream",1,"middle",FALSE,"left",TRUE,24,FALSE,FALSE,TRUE,"left","right",FALSE,FALSE,TRUE,"left","middle",TRUE
"63b3377ca1ccdfc7cc567503","Hose",2,"Stamps",4,"Queen",4,"middle",FALSE,"right",TRUE,24,FALSE,FALSE,TRUE,"right","left",FALSE,FALSE,TRUE,"right","middle",TRUE
"6678813aec86d687a654dedb","Ghost",3,"Rabbit",3,"TV",3,"right",FALSE,"middle",FALSE,24,FALSE,TRUE,FALSE,"left","left",FALSE,FALSE,TRUE,"middle","right",FALSE
"55cce6ea34e90600058d1e6d","Popcorn",2,"Lunch",3,"Earring",3,"right",FALSE,"right",TRUE,24,TRUE,FALSE,FALSE,"right","middle",TRUE,FALSE,FALSE,"right","right",FALSE
"6658bba1a51a037d25bb677e","Wagon",3,"Battery",5,"Bridge",5,"right",FALSE,"right",TRUE,24,TRUE,FALSE,FALSE,"right","left",TRUE,FALSE,FALSE,"right","right",TRUE
"60f5df9db9380d875c320307","Bee",2,"Apples",2,"Ice Cream",2,"middle",TRUE,"middle",TRUE,24,TRUE,FALSE,FALSE,"middle","left",TRUE,FALSE,FALSE,"middle","middle",FALSE
"63d5b810f3dbbd11e7e65870","Grapes",1,"Flower",5,"Bacon",5,"left",TRUE,"left",TRUE,24,TRUE,FALSE,FALSE,"left","middle",TRUE,FALSE,FALSE,"left","left",FALSE
"66d1fdd400acfdbc181f41e0","Knife",3,"Bear",4,"Rice",4,"left",FALSE,"left",FALSE,24,FALSE,FALSE,TRUE,"right","middle",TRUE,FALSE,FALSE,"left","left",FALSE
"67b636c4ea38855cbb08ffe3","Teapot",3,"Teddy Bear",4,"Chicken",4,"left",FALSE,"right",TRUE,24,FALSE,FALSE,TRUE,"right","middle",FALSE,FALSE,TRUE,"right","left",FALSE
"5e1b795dc799223a3b447ada","Suitcase",4,"Rain",4,"Jump rope",4,"middle",FALSE,"left",TRUE,24,FALSE,TRUE,FALSE,"left","left",FALSE,TRUE,FALSE,"left","middle",FALSE
"5c5cad3e4ee81200018eafe2","Meat",5,"Crayons",3,"Shampoo",3,"right",FALSE,"right",TRUE,24,TRUE,FALSE,FALSE,"right","middle",TRUE,FALSE,FALSE,"right","right",FALSE
"5bc5be2572df5f00014479f9","Popsicle",1,"Princess",3,"Net",3,"middle",FALSE,"right",TRUE,24,FALSE,FALSE,TRUE,"right","left",FALSE,FALSE,TRUE,"right","middle",FALSE
"5f8f436e4676a71879786b95","Notebook",2,"Elbow",1,"Nose",1,"middle",FALSE,"middle",FALSE,24,FALSE,TRUE,FALSE,"right","right",TRUE,FALSE,FALSE,"middle","middle",FALSE
"669053bbebafdd430e770142","Teeth",5,"Microphone",1,"Fence",1,"middle",FALSE,"right",TRUE,24,FALSE,FALSE,TRUE,"right","left",FALSE,FALSE,TRUE,"right","middle",FALSE
"677419f93048c66d62d2bf87","Cupcake",2,"Tree",1,"Blocks",1,"right",FALSE,"right",TRUE,24,TRUE,FALSE,FALSE,"right","middle",TRUE,FALSE,FALSE,"right","right",FALSE
"574aff1b5bef980007af2745","Tissue",3,"Drum",3,"Princess",3,"right",FALSE,"right",FALSE,24,FALSE,TRUE,FALSE,"middle","middle",TRUE,FALSE,FALSE,"right","right",FALSE
"58404fd8ad98e40001ce915f","Cookies",2,"Kangaroo",1,"Lizard",1,"right",FALSE,"left",TRUE,24,FALSE,TRUE,FALSE,"left","left",FALSE,TRUE,FALSE,"left","right",FALSE
"5de8887aa2db898017debf1a","Squirrel",2,"Cloud",3,"Dress",3,"middle",FALSE,"right",TRUE,24,FALSE,TRUE,FALSE,"right","right",FALSE,TRUE,FALSE,"right","middle",FALSE
"59d949cf8fd07a000184247e","Squirrel",5,"Camera",4,"Popcorn",4,"right",FALSE,"left",FALSE,24,TRUE,FALSE,FALSE,"right","middle",FALSE,FALSE,TRUE,"left","right",FALSE
"662945728093113a43ab8077","Toes",3,"Glasses",1,"Yo-yo",1,"right",FALSE,"middle",FALSE,24,TRUE,FALSE,FALSE,"right","left",FALSE,FALSE,TRUE,"middle","right",TRUE
"676058418c08c71e4bb7cbd1","Potatoes",1,"Plate",1,"Curtain",1,"right",FALSE,"left",TRUE,24,FALSE,FALSE,TRUE,"left","middle",FALSE,FALSE,TRUE,"left","right",TRUE
"6643d22289210a4edf21e84d","Boots",2,"Rabbit",1,"Newspaper",1,"left",FALSE,"right",TRUE,24,FALSE,FALSE,TRUE,"right","middle",FALSE,FALSE,TRUE,"right","left",FALSE
"58954e2dc88c680001dd4b7e","Shovel",4,"Dinosaur",3,"Pen",3,"left",FALSE,"middle",FALSE,24,FALSE,FALSE,TRUE,"right","middle",FALSE,TRUE,FALSE,"middle","left",TRUE
"5b757a03976ecb0001b1168f","Fingernail",2,"Popcorn",1,"Owl",1,"left",FALSE,"middle",FALSE,24,FALSE,FALSE,TRUE,"right","middle",FALSE,TRUE,FALSE,"middle","left",FALSE
"681b781064a5701a5ceee3bc","Puzzles",1,"Swing",3,"Hat",3,"left",FALSE,"right",TRUE,24,FALSE,FALSE,TRUE,"right","middle",FALSE,FALSE,TRUE,"right","left",TRUE
"6716c6700f376dc7f534af9d","Bus",4,"Circle",5,"Hanger",5,"left",FALSE,"left",TRUE,24,TRUE,FALSE,FALSE,"left","middle",TRUE,FALSE,FALSE,"left","left",FALSE
"671a3ac3dada5efe6d439698","Square",1,"Ghost",5,"Pizza",5,"right",FALSE,"right",FALSE,24,FALSE,TRUE,FALSE,"middle","middle",TRUE,FALSE,FALSE,"right","right",FALSE
"676b89007874c8eace113276","Sandwich",1,"Leaf",3,"Meat",3,"right",FALSE,"right",TRUE,24,TRUE,FALSE,FALSE,"right","middle",TRUE,FALSE,FALSE,"right","right",FALSE
"6825af939111d286546fdde6","Can",1,"Toothbrush",2,"Soap",2,"left",FALSE,"middle",FALSE,24,FALSE,TRUE,FALSE,"right","right",FALSE,FALSE,TRUE,"middle","left",FALSE
"67164c92298409e37c670b3d","Shorts",1,"Bug",1,"Airplane",1,"middle",FALSE,"right",TRUE,24,FALSE,FALSE,TRUE,"right","left",FALSE,FALSE,TRUE,"right","middle",FALSE
"682b3f63d0e2c4eff64fe664","Fingers",4,"Chicken",4,"Lizard",4,"middle",FALSE,"middle",TRUE,24,TRUE,FALSE,FALSE,"middle","left",TRUE,FALSE,FALSE,"middle","middle",TRUE
"5d3695969749cc00165c222f","Leg",2,"Bacon",2,"Fire truck",2,"left",FALSE,"right",TRUE,24,FALSE,TRUE,FALSE,"right","right",FALSE,TRUE,FALSE,"right","left",TRUE
"664521e03117b782ed4fff45","Leg",4,"Knife",2,"Tricycle",2,"right",FALSE,"left",TRUE,24,FALSE,TRUE,FALSE,"left","left",FALSE,TRUE,FALSE,"left","right",FALSE
"5f0db498f5e4e102c0f65b67","Bus",4,"Washcloth",4,"Triangle",4,"right",FALSE,"middle",TRUE,20,FALSE,FALSE,TRUE,"middle","left",FALSE,FALSE,TRUE,"middle","right",FALSE
"6773dea609f77d473900997a","Cat",5,"Stars",3,"Puppets",3,"left",FALSE,"left",TRUE,24,TRUE,FALSE,FALSE,"left","middle",TRUE,FALSE,FALSE,"left","left",TRUE
"637fcee60a8378c1c3a65898","Nose",4,"Nest",3,"Carrots",3,"left",FALSE,"left",FALSE,24,FALSE,FALSE,TRUE,"right","middle",TRUE,FALSE,FALSE,"left","left",FALSE
"63f77a5dde1ea03305e119e0","Train",5,"Owl",4,"Button",4,"middle",FALSE,"left",TRUE,24,FALSE,FALSE,TRUE,"left","right",FALSE,FALSE,TRUE,"left","middle",FALSE
"5fbf90f025a567296d943c7e","Chicken",3,"Crayons",3,"Drum",3,"left",FALSE,"left",FALSE,24,FALSE,TRUE,FALSE,"middle","middle",TRUE,FALSE,FALSE,"left","left",FALSE
"636d6ce3fb3683ff33f9e514","Fingers",5,"Carrots",2,"Straw",2,"left",FALSE,"left",TRUE,24,TRUE,FALSE,FALSE,"left","middle",TRUE,FALSE,FALSE,"left","left",FALSE
"5af2a03697a14300017d2ba4","Soap",2,"Glasses",1,"Bug",1,"left",FALSE,"right",TRUE,24,FALSE,FALSE,TRUE,"right","middle",FALSE,FALSE,TRUE,"right","left",FALSE
"60e3a25e8be835f754795d93","Vacuum",5,"Pajamas",5,"Comb",5,"middle",FALSE,"middle",TRUE,24,TRUE,FALSE,FALSE,"middle","left",TRUE,FALSE,FALSE,"middle","middle",TRUE
"66b5172c8f0bd3b23ce66c22","Stamps",1,"Glove",3,"Lamp",3,"left",FALSE,"left",FALSE,25,FALSE,FALSE,TRUE,"middle","right",TRUE,FALSE,FALSE,"left","left",FALSE
"5ba60abd9629a90001b36fdc","Bed",2,"Sweater",5,"Pillow",5,"right",FALSE,"middle",TRUE,25,FALSE,FALSE,TRUE,"middle","left",FALSE,FALSE,TRUE,"middle","right",FALSE
"65dc99d0191a135ab835bf69","Pudding",3,"Can",3,"Horse",3,"left",FALSE,"middle",FALSE,25,TRUE,FALSE,FALSE,"left","right",FALSE,FALSE,TRUE,"middle","left",FALSE
"60fe7bf61c7567f5cca9ade6","Truck",4,"Tissue",4,"Flashlight",4,"left",FALSE,"left",TRUE,25,TRUE,FALSE,FALSE,"left","right",TRUE,FALSE,FALSE,"left","left",TRUE
"5c9d88bb2b3c77001744ec1c","Table",1,"Truck",4,"Fingernail",4,"right",FALSE,"right",TRUE,25,TRUE,FALSE,FALSE,"right","middle",TRUE,FALSE,FALSE,"right","right",FALSE
"5e283f576dbb560114ac7714","Crackers",1,"Pajamas",2,"Ring",2,"right",FALSE,"right",TRUE,25,TRUE,FALSE,FALSE,"right","left",TRUE,FALSE,FALSE,"right","right",FALSE
"62e02b1ed5b0fbc1b1dc09e7","Pants",3,"Towels",2,"Sand",2,"middle",FALSE,"left",FALSE,25,TRUE,FALSE,FALSE,"middle","right",FALSE,FALSE,TRUE,"left","middle",FALSE
"5ecf9b46617a9b3dd56b3fe3","Hair",3,"Circle",4,"Zebra",4,"left",FALSE,"middle",FALSE,25,TRUE,FALSE,FALSE,"left","right",FALSE,FALSE,TRUE,"middle","left",TRUE
"590b3401182caf0001ab5801","Heart",2,"Dog",3,"Ant",3,"middle",FALSE,"middle",TRUE,25,TRUE,FALSE,FALSE,"middle","left",TRUE,FALSE,FALSE,"middle","middle",FALSE
"65c11389b0d2ba8e63cb8b22","Pajamas",3,"Butter",5,"Box",5,"right",FALSE,"right",FALSE,25,FALSE,FALSE,TRUE,"middle","left",TRUE,FALSE,FALSE,"right","right",FALSE
"5d15160539eeea001683830c","Arm",5,"Coloring Book",2,"Sofa",2,"right",FALSE,"left",TRUE,25,FALSE,TRUE,FALSE,"left","left",FALSE,TRUE,FALSE,"left","right",FALSE
"6620b6a209127dafd5b2dfb9","Underwear",1,"Box",1,"Candy",1,"left",FALSE,"right",FALSE,25,TRUE,FALSE,FALSE,"left","middle",FALSE,FALSE,TRUE,"right","left",FALSE
"56c65a5a305eaa0005f2a634","Dog",4,"Watch",4,"Sand",4,"left",FALSE,"left",TRUE,25,TRUE,FALSE,FALSE,"left","middle",TRUE,FALSE,FALSE,"left","left",FALSE
"59fb1518b47dfc0001b6659b","Pants",1,"Curtain",2,"Feather",2,"left",FALSE,"middle",TRUE,25,FALSE,TRUE,FALSE,"middle","middle",FALSE,TRUE,FALSE,"middle","left",FALSE
"602c0fc2eff74b4748e9b41e","Motorcycle",4,"Bridge",2,"Leaf",2,"right",FALSE,"right",TRUE,25,TRUE,FALSE,FALSE,"right","left",TRUE,FALSE,FALSE,"right","right",FALSE
"5bcc98d1db645700015222b5","Zebra",3,"Bird",1,"Microphone",1,"left",FALSE,"middle",FALSE,25,FALSE,TRUE,FALSE,"right","right",FALSE,FALSE,TRUE,"middle","left",FALSE
"6773e6e6b205d22a2e097735","Toothpaste",2,"Cherry",4,"Dolls",4,"middle",TRUE,"middle",TRUE,25,TRUE,FALSE,FALSE,"middle","left",TRUE,FALSE,FALSE,"middle","middle",FALSE
"67505c42a18c872bab88ed42","Cupcake",4,"Butterfly",1,"Triangle",1,"right",FALSE,"right",FALSE,25,FALSE,TRUE,FALSE,"left","left",TRUE,FALSE,FALSE,"right","right",FALSE
"62a1e021702679d27813a3e2","Bucket",5,"Brush",4,"Mouse",4,"right",FALSE,"left",FALSE,25,TRUE,FALSE,FALSE,"right","left",FALSE,TRUE,FALSE,"left","right",FALSE
"639f294882a3797f77a3dd81","Bell",4,"Princess",2,"Movie",2,"right",FALSE,"left",TRUE,25,FALSE,TRUE,FALSE,"left","left",FALSE,TRUE,FALSE,"left","right",FALSE
"654bc148c95bca00d541ec33","Chopsticks",4,"Tractor",2,"Knee",2,"middle",FALSE,"left",FALSE,25,FALSE,FALSE,TRUE,"right","left",FALSE,TRUE,FALSE,"left","middle",TRUE
"5d23460ad4c57900192b129c","Cheese",3,"Eggs",1,"Stamps",1,"middle",FALSE,"left",TRUE,25,FALSE,TRUE,FALSE,"left","left",FALSE,TRUE,FALSE,"left","middle",FALSE
"67673cda94b4d0cf1a6a7382","House",5,"Taco",5,"Peas",5,"right",FALSE,"middle",TRUE,25,FALSE,TRUE,FALSE,"middle","middle",FALSE,TRUE,FALSE,"middle","right",FALSE
"5c4f5967aac8be0001716a65","Bagel",1,"Computer",2,"Tissue",2,"middle",FALSE,"middle",TRUE,25,TRUE,FALSE,FALSE,"middle","left",TRUE,FALSE,FALSE,"middle","middle",FALSE
"67758c9a30d6819221153393","TV",3,"Pancakes",3,"Puzzles",3,"left",FALSE,"left",TRUE,25,TRUE,FALSE,FALSE,"left","right",TRUE,FALSE,FALSE,"left","left",FALSE
"66b37344796f45313433abc8","Glove",3,"Waffle",4,"Taco",4,"right",FALSE,"middle",FALSE,25,TRUE,FALSE,FALSE,"right","middle",FALSE,TRUE,FALSE,"middle","right",FALSE
"632096b5574155e8727c50cc","Bead",2,"Balls",4,"Hose",4,"middle",FALSE,"right",FALSE,25,TRUE,FALSE,FALSE,"middle","right",FALSE,TRUE,FALSE,"right","middle",FALSE
"66dcc0e54f44ccecf2730c76","Elbow",5,"Butterfly",4,"Cup",4,"middle",FALSE,"left",FALSE,25,FALSE,FALSE,TRUE,"right","left",FALSE,TRUE,FALSE,"left","middle",TRUE
"60fac7ec133b6bf250d6d668","Cereal",1,"Shoulders",4,"Mouth",4,"left",FALSE,"right",TRUE,25,FALSE,TRUE,FALSE,"right","right",FALSE,TRUE,FALSE,"right","left",FALSE
"5e459f61418f610891628564","Baby",2,"Feather",4,"Soap",4,"left",FALSE,"right",TRUE,25,FALSE,TRUE,FALSE,"right","right",FALSE,TRUE,FALSE,"right","left",FALSE
"5e89ec793c01b3685a00bb12","Car",4,"Shirt",3,"Crown",3,"middle",FALSE,"right",FALSE,25,FALSE,TRUE,FALSE,"left","left",FALSE,FALSE,TRUE,"right","middle",FALSE
"631d197eba06364cbea7fab2","Bone",4,"Ostrich",5,"Sink",5,"right",FALSE,"left",TRUE,25,FALSE,FALSE,TRUE,"left","middle",FALSE,FALSE,TRUE,"left","right",TRUE
"61656042f505fd7fa53e8628","Potatoes",5,"Bag",4,"Gorilla",4,"right",FALSE,"middle",TRUE,21,FALSE,FALSE,TRUE,"middle","left",FALSE,FALSE,TRUE,"middle","right",FALSE
"66fd3f6c93c24ecc119be354","Crayons",5,"Hips",2,"Phone",2,"middle",FALSE,"right",TRUE,25,FALSE,FALSE,TRUE,"right","left",FALSE,FALSE,TRUE,"right","middle",TRUE
"5af1a4bc6e136b0001411714","Rock",3,"Ankle",2,"Soda",2,"left",FALSE,"left",TRUE,25,TRUE,FALSE,FALSE,"left","middle",TRUE,FALSE,FALSE,"left","left",FALSE
"60ed501279c68ea1a313d0aa","Bear",1,"Diaper",3,"Dolphin",3,"left",FALSE,"left",FALSE,25,FALSE,TRUE,FALSE,"right","right",TRUE,FALSE,FALSE,"left","left",FALSE
"5bf2f728bd9f150001f6cc42","Teapot",2,"Meat",4,"Bus",4,"right",FALSE,"middle",TRUE,25,FALSE,TRUE,FALSE,"middle","middle",FALSE,TRUE,FALSE,"middle","right",FALSE
"59a734ce0c87a000017481ed","Popsicle",5,"Shorts",5,"Scissors",5,"middle",FALSE,"right",FALSE,25,FALSE,FALSE,TRUE,"left","right",FALSE,TRUE,FALSE,"right","middle",FALSE
"615e420a23219efe3427a367","Paints",5,"Dress",3,"Spider",3,"middle",FALSE,"middle",FALSE,25,FALSE,FALSE,TRUE,"left","right",TRUE,FALSE,FALSE,"middle","middle",FALSE
"66b244a2f436437d3e109bbe","Bow",5,"Balloons",4,"Bell",4,"middle",FALSE,"right",TRUE,25,FALSE,TRUE,FALSE,"right","right",FALSE,TRUE,FALSE,"right","middle",TRUE
"5f1b05a8703c380d1393bb27","Refrigerator",1,"Mailbox",4,"Bathtub",4,"middle",FALSE,"left",FALSE,25,FALSE,TRUE,FALSE,"right","right",FALSE,FALSE,TRUE,"left","middle",FALSE
"6684497541f835bd67a199b2","Train",3,"Bag",4,"Mouth",4,"middle",FALSE,"right",TRUE,25,FALSE,FALSE,TRUE,"right","left",FALSE,FALSE,TRUE,"right","middle",FALSE
"5eeddefa177a7322144cbc5e","Waffle",1,"Puppets",2,"Bracelet",2,"left",FALSE,"left",FALSE,25,FALSE,FALSE,TRUE,"right","middle",TRUE,FALSE,FALSE,"left","left",FALSE
"63ee9abfa262bea95766dd9c","Pool",2,"Potatoes",4,"Whistle",4,"right",FALSE,"middle",TRUE,25,FALSE,FALSE,TRUE,"middle","left",FALSE,FALSE,TRUE,"middle","right",TRUE
"66cfab152c56aa0472529001","Soap",2,"Dinosaur",1,"Scooter",1,"right",FALSE,"right",FALSE,25,FALSE,TRUE,FALSE,"middle","middle",TRUE,FALSE,FALSE,"right","right",TRUE
"6571fd9d691befe21fa61d18","Rabbit",5,"Broom",1,"Books",1,"right",FALSE,"right",FALSE,25,FALSE,TRUE,FALSE,"left","left",TRUE,FALSE,FALSE,"right","right",FALSE
"66312361cf5d4099e1330532","Grapes",3,"Hips",1,"Yo-yo",1,"left",TRUE,"left",TRUE,25,TRUE,FALSE,FALSE,"left","right",TRUE,FALSE,FALSE,"left","left",FALSE
"6722ea20fb84b196f0a649b6","Ring",3,"Cloud",1,"Stamps",1,"right",FALSE,"left",TRUE,25,FALSE,TRUE,FALSE,"left","left",FALSE,TRUE,FALSE,"left","right",FALSE
"5ddce9f0f85b50c4fc1515a4","Elephant",5,"Goal",4,"Gorilla",4,"middle",FALSE,"right",TRUE,25,FALSE,TRUE,FALSE,"right","right",FALSE,TRUE,FALSE,"right","middle",FALSE
"5c3bdbf548ad2900017fac31","Bed",3,"Video Tape",5,"Baby",5,"left",FALSE,"right",FALSE,25,FALSE,TRUE,FALSE,"middle","middle",FALSE,FALSE,TRUE,"right","left",FALSE
"6844a1b95271dfc560af4709","Broom",1,"Play dough",2,"Bell",2,"middle",FALSE,"right",FALSE,25,TRUE,FALSE,FALSE,"middle","left",FALSE,FALSE,TRUE,"right","middle",FALSE
"5e121701dc79bd8a1a22ca99","Tractor",1,"Belt",1,"Necklace",1,"middle",FALSE,"left",TRUE,21,FALSE,TRUE,FALSE,"left","left",FALSE,TRUE,FALSE,"left","middle",FALSE
"616ef680ab8ca318a227f5ec","Hips",4,"Spider",4,"Umbrella",4,"left",FALSE,"middle",TRUE,25,FALSE,TRUE,FALSE,"middle","middle",FALSE,TRUE,FALSE,"middle","left",FALSE
"66d9cd06e207a93377f7820e","Sand",4,"Flashlight",4,"Pool",4,"right",FALSE,"middle",FALSE,25,TRUE,FALSE,FALSE,"right","left",FALSE,FALSE,TRUE,"middle","right",TRUE
"5962a5b29955ee00015bce98","Brush",3,"Fence",5,"Crayons",5,"left",FALSE,"left",TRUE,25,TRUE,FALSE,FALSE,"left","middle",TRUE,FALSE,FALSE,"left","left",TRUE
"641384b3dffcf39ec42d3c23","Chips",5,"Lion",2,"Sandals",2,"middle",FALSE,"left",TRUE,25,FALSE,FALSE,TRUE,"left","right",FALSE,FALSE,TRUE,"left","middle",FALSE
"59692d61355b45000106c592","Cable",2,"Pillow",1,"Toes",1,"right",FALSE,"right",TRUE,25,TRUE,FALSE,FALSE,"right","middle",TRUE,FALSE,FALSE,"right","right",FALSE
"5dd05d80b2204f1487f7812c","Pie",4,"Tummy",5,"Microphone",5,"left",FALSE,"middle",TRUE,25,FALSE,TRUE,FALSE,"middle","middle",FALSE,TRUE,FALSE,"middle","left",FALSE
"6321d9c78e8e3c04f82a0ea0","Head",4,"Eyes",2,"Hair",2,"middle",FALSE,"right",TRUE,25,FALSE,FALSE,TRUE,"right","left",FALSE,FALSE,TRUE,"right","middle",FALSE
"632d189d6b8f03d0d3db4c48","Bracelet",1,"Pot",5,"Underwear",5,"middle",FALSE,"middle",TRUE,25,TRUE,FALSE,FALSE,"middle","right",TRUE,FALSE,FALSE,"middle","middle",TRUE
"63b3377ca1ccdfc7cc567503","Boat",4,"Hat",5,"Squirrel",5,"right",FALSE,"middle",TRUE,25,FALSE,FALSE,TRUE,"middle","left",FALSE,FALSE,TRUE,"middle","right",TRUE
"6678813aec86d687a654dedb","Paper",1,"Plate",2,"Spoon",2,"right",FALSE,"middle",TRUE,25,FALSE,FALSE,TRUE,"middle","left",FALSE,FALSE,TRUE,"middle","right",FALSE
"55cce6ea34e90600058d1e6d","Corn",4,"Tongue",5,"Ladder",5,"left",FALSE,"left",TRUE,25,TRUE,FALSE,FALSE,"left","middle",TRUE,FALSE,FALSE,"left","left",FALSE
"6658bba1a51a037d25bb677e","Helicopter",4,"Envelope",1,"Knife",1,"right",FALSE,"middle",FALSE,25,FALSE,TRUE,FALSE,"left","left",FALSE,FALSE,TRUE,"middle","right",TRUE
"60f5df9db9380d875c320307","Envelope",3,"Diaper",3,"Popsicle",3,"right",FALSE,"right",TRUE,25,TRUE,FALSE,FALSE,"right","left",TRUE,FALSE,FALSE,"right","right",FALSE
"63d5b810f3dbbd11e7e65870","Button",4,"Mailbox",2,"Plate",2,"right",FALSE,"left",FALSE,25,TRUE,FALSE,FALSE,"right","middle",FALSE,FALSE,TRUE,"left","right",FALSE
"66d1fdd400acfdbc181f41e0","Leaf",1,"Radio",5,"Stool",5,"right",FALSE,"middle",TRUE,25,FALSE,TRUE,FALSE,"middle","middle",FALSE,TRUE,FALSE,"middle","right",FALSE
"67b636c4ea38855cbb08ffe3","Camera",3,"Square",5,"Paper",5,"left",FALSE,"middle",TRUE,25,FALSE,TRUE,FALSE,"middle","middle",FALSE,TRUE,FALSE,"middle","left",FALSE
"5e1b795dc799223a3b447ada","Bell",3,"Radio",4,"Bug",4,"right",FALSE,"middle",TRUE,25,FALSE,FALSE,TRUE,"middle","left",FALSE,FALSE,TRUE,"middle","right",FALSE
"5c5cad3e4ee81200018eafe2","Newspaper",1,"Spaghetti",4,"Oranges",4,"right",TRUE,"right",TRUE,25,TRUE,FALSE,FALSE,"right","middle",TRUE,FALSE,FALSE,"right","right",FALSE
"5bc5be2572df5f00014479f9","Cup",3,"Napkin",2,"Moon",2,"middle",FALSE,"left",FALSE,25,FALSE,FALSE,TRUE,"right","left",FALSE,TRUE,FALSE,"left","middle",FALSE
"5f8f436e4676a71879786b95","Pig",3,"Bandaid",5,"Tricycle",5,"middle",FALSE,"right",TRUE,25,FALSE,TRUE,FALSE,"right","right",FALSE,TRUE,FALSE,"right","middle",FALSE
"669053bbebafdd430e770142","Play dough",5,"Glue",2,"Diaper",2,"middle",FALSE,"middle",FALSE,25,FALSE,TRUE,FALSE,"left","left",TRUE,FALSE,FALSE,"middle","middle",FALSE
"677419f93048c66d62d2bf87","Queen",2,"Computer",3,"Bear",3,"right",FALSE,"right",FALSE,25,FALSE,TRUE,FALSE,"middle","middle",TRUE,FALSE,FALSE,"right","right",FALSE
"574aff1b5bef980007af2745","Spaghetti",3,"Sticker",1,"Ant",1,"right",FALSE,"right",FALSE,25,FALSE,TRUE,FALSE,"middle","middle",TRUE,FALSE,FALSE,"right","right",FALSE
"58404fd8ad98e40001ce915f","Soda",4,"Glue",1,"Bat",1,"right",FALSE,"middle",FALSE,25,TRUE,FALSE,FALSE,"right","left",FALSE,FALSE,TRUE,"middle","right",FALSE
"5de8887aa2db898017debf1a","Scissors",5,"Bike",1,"Turtle",1,"middle",FALSE,"right",TRUE,25,FALSE,TRUE,FALSE,"right","right",FALSE,TRUE,FALSE,"right","middle",FALSE
"59d949cf8fd07a000184247e","Rain",5,"Cloud",5,"Bandaid",5,"right",FALSE,"middle",FALSE,25,FALSE,FALSE,TRUE,"left","middle",FALSE,TRUE,FALSE,"middle","right",FALSE
"662945728093113a43ab8077","Tummy",3,"Bag",2,"Tape",2,"right",FALSE,"right",FALSE,25,FALSE,FALSE,TRUE,"middle","left",TRUE,FALSE,FALSE,"right","right",TRUE
"676058418c08c71e4bb7cbd1","Chips",4,"Grass",5,"Coloring Book",5,"right",FALSE,"right",TRUE,25,TRUE,FALSE,FALSE,"right","middle",TRUE,FALSE,FALSE,"right","right",TRUE
"6643d22289210a4edf21e84d","Sand",5,"Camera",4,"Notebook",4,"right",FALSE,"left",TRUE,25,FALSE,FALSE,TRUE,"left","middle",FALSE,FALSE,TRUE,"left","right",FALSE
"58954e2dc88c680001dd4b7e","Knife",4,"Bandaid",5,"Fly",5,"right",FALSE,"left",TRUE,25,FALSE,FALSE,TRUE,"left","middle",FALSE,FALSE,TRUE,"left","right",TRUE
"5b757a03976ecb0001b1168f","Zebra",4,"Dolls",4,"Triangle",4,"left",FALSE,"middle",TRUE,25,FALSE,TRUE,FALSE,"middle","middle",FALSE,TRUE,FALSE,"middle","left",FALSE
"681b781064a5701a5ceee3bc","Tricycle",5,"Cow",3,"Eggs",3,"right",FALSE,"right",FALSE,25,FALSE,TRUE,FALSE,"middle","middle",TRUE,FALSE,FALSE,"right","right",TRUE
"6716c6700f376dc7f534af9d","Fire",2,"Curtain",1,"Bacon",1,"left",FALSE,"right",FALSE,25,TRUE,FALSE,FALSE,"left","middle",FALSE,FALSE,TRUE,"right","left",FALSE
"671a3ac3dada5efe6d439698","Paints",4,"Teddy Bear",4,"Grass",4,"right",FALSE,"right",TRUE,25,TRUE,FALSE,FALSE,"right","middle",TRUE,FALSE,FALSE,"right","right",FALSE
"676b89007874c8eace113276","Heart",4,"Circle",5,"Barn",5,"right",FALSE,"left",TRUE,25,FALSE,FALSE,TRUE,"left","middle",FALSE,FALSE,TRUE,"left","right",FALSE
"6825af939111d286546fdde6","Pajamas",4,"Apples",2,"Hot Dog",2,"middle",TRUE,"middle",TRUE,25,TRUE,FALSE,FALSE,"middle","right",TRUE,FALSE,FALSE,"middle","middle",FALSE
"67164c92298409e37c670b3d","Bone",3,"Train",1,"Napkin",1,"middle",FALSE,"right",FALSE,25,TRUE,FALSE,FALSE,"middle","left",FALSE,FALSE,TRUE,"right","middle",FALSE
"682b3f63d0e2c4eff64fe664","Plate",1,"Airplane",5,"Bell",5,"middle",FALSE,"middle",TRUE,25,TRUE,FALSE,FALSE,"middle","left",TRUE,FALSE,FALSE,"middle","middle",TRUE
"5d3695969749cc00165c222f","Drum",2,"Sweater",2,"Nose",2,"middle",FALSE,"right",TRUE,25,FALSE,TRUE,FALSE,"right","right",FALSE,TRUE,FALSE,"right","middle",TRUE
"664521e03117b782ed4fff45","Eyes",5,"Pillow",4,"Stool",4,"right",FALSE,"middle",TRUE,25,FALSE,FALSE,TRUE,"middle","left",FALSE,FALSE,TRUE,"middle","right",FALSE
"5f0db498f5e4e102c0f65b67","Boots",4,"Circle",3,"Hanger",3,"middle",FALSE,"middle",FALSE,21,FALSE,FALSE,TRUE,"right","left",TRUE,FALSE,FALSE,"middle","middle",FALSE
"6773dea609f77d473900997a","Dresser",3,"String",2,"Teeth",2,"right",FALSE,"right",FALSE,25,FALSE,FALSE,TRUE,"left","middle",TRUE,FALSE,FALSE,"right","right",TRUE
"637fcee60a8378c1c3a65898","Paints",2,"Duck",5,"Pancakes",5,"left",FALSE,"middle",TRUE,25,FALSE,TRUE,FALSE,"middle","middle",FALSE,TRUE,FALSE,"middle","left",FALSE
"63f77a5dde1ea03305e119e0","Butterfly",5,"Fence",2,"Towels",2,"middle",FALSE,"left",TRUE,25,FALSE,FALSE,TRUE,"left","right",FALSE,FALSE,TRUE,"left","middle",FALSE
"5fbf90f025a567296d943c7e","Window",2,"Barn",5,"Comb",5,"right",FALSE,"middle",FALSE,25,FALSE,FALSE,TRUE,"left","middle",FALSE,TRUE,FALSE,"middle","right",FALSE
"636d6ce3fb3683ff33f9e514","Bag",4,"Shorts",2,"Rock",2,"right",FALSE,"right",TRUE,25,TRUE,FALSE,FALSE,"right","middle",TRUE,FALSE,FALSE,"right","right",FALSE
"5af2a03697a14300017d2ba4","Swing",2,"Comb",1,"Ostrich",1,"right",FALSE,"left",TRUE,25,FALSE,FALSE,TRUE,"left","middle",FALSE,FALSE,TRUE,"left","right",FALSE
"60e3a25e8be835f754795d93","Potatoes",4,"Dresser",2,"Cake",2,"right",FALSE,"right",FALSE,25,FALSE,TRUE,FALSE,"left","left",TRUE,FALSE,FALSE,"right","right",TRUE
"66b5172c8f0bd3b23ce66c22","Princess",5,"Ice Cream",2,"Chicken",2,"middle",FALSE,"right",TRUE,26,FALSE,TRUE,FALSE,"right","right",FALSE,TRUE,FALSE,"right","middle",FALSE
"5ba60abd9629a90001b36fdc","Tongue",4,"Heart",4,"Toy",4,"middle",FALSE,"middle",FALSE,26,FALSE,FALSE,TRUE,"right","left",TRUE,FALSE,FALSE,"middle","middle",FALSE
"65dc99d0191a135ab835bf69","Rope",4,"Soap",1,"Bag",1,"middle",FALSE,"left",TRUE,26,FALSE,FALSE,TRUE,"left","right",FALSE,FALSE,TRUE,"left","middle",FALSE
"60fe7bf61c7567f5cca9ade6","Mirror",1,"Train",5,"Pretzel",5,"middle",FALSE,"left",TRUE,26,FALSE,FALSE,TRUE,"left","right",FALSE,FALSE,TRUE,"left","middle",TRUE
"5c9d88bb2b3c77001744ec1c","Swing",2,"Duck",5,"Elbow",5,"right",FALSE,"middle",TRUE,26,FALSE,TRUE,FALSE,"middle","middle",FALSE,TRUE,FALSE,"middle","right",FALSE
"5e283f576dbb560114ac7714","Wagon",1,"Stick",4,"Stove",4,"right",FALSE,"middle",FALSE,26,TRUE,FALSE,FALSE,"right","left",FALSE,FALSE,TRUE,"middle","right",FALSE
"62e02b1ed5b0fbc1b1dc09e7","Yogurt",3,"Hair",5,"Turtle",5,"middle",FALSE,"left",TRUE,26,FALSE,FALSE,TRUE,"left","right",FALSE,FALSE,TRUE,"left","middle",FALSE
"5ecf9b46617a9b3dd56b3fe3","Cupcake",2,"Dolphin",3,"Eggs",3,"middle",FALSE,"middle",FALSE,26,FALSE,FALSE,TRUE,"left","right",TRUE,FALSE,FALSE,"middle","middle",TRUE
"590b3401182caf0001ab5801","Underwear",4,"House",3,"Bagel",3,"middle",FALSE,"left",FALSE,26,TRUE,FALSE,FALSE,"middle","left",FALSE,TRUE,FALSE,"left","middle",FALSE
"65c11389b0d2ba8e63cb8b22","Hips",1,"Shirt",3,"Heart",3,"middle",FALSE,"right",TRUE,26,FALSE,FALSE,TRUE,"right","left",FALSE,FALSE,TRUE,"right","middle",FALSE
"5d15160539eeea001683830c","Spoon",5,"Grass",4,"Whistle",4,"middle",FALSE,"left",TRUE,26,FALSE,TRUE,FALSE,"left","left",FALSE,TRUE,FALSE,"left","middle",FALSE
"6620b6a209127dafd5b2dfb9","Sun",2,"Balls",5,"Lunch",5,"right",FALSE,"right",TRUE,26,TRUE,FALSE,FALSE,"right","middle",TRUE,FALSE,FALSE,"right","right",FALSE
"56c65a5a305eaa0005f2a634","Bread",1,"Vacuum",1,"Hanger",1,"right",FALSE,"left",FALSE,26,TRUE,FALSE,FALSE,"right","middle",FALSE,FALSE,TRUE,"left","right",FALSE
"59fb1518b47dfc0001b6659b","Leaf",3,"Triangle",3,"Bottle",3,"left",FALSE,"right",FALSE,26,TRUE,FALSE,FALSE,"left","middle",FALSE,FALSE,TRUE,"right","left",FALSE
"602c0fc2eff74b4748e9b41e","Clown",5,"Paper",5,"Sink",5,"middle",FALSE,"left",FALSE,26,TRUE,FALSE,FALSE,"middle","left",FALSE,TRUE,FALSE,"left","middle",FALSE
"5bcc98d1db645700015222b5","Bottle",4,"Backpack",1,"Butter",1,"middle",FALSE,"left",TRUE,26,FALSE,FALSE,TRUE,"left","right",FALSE,FALSE,TRUE,"left","middle",FALSE
"6773e6e6b205d22a2e097735","Pants",2,"Cloud",2,"Pirate",2,"middle",FALSE,"right",TRUE,26,FALSE,FALSE,TRUE,"right","left",FALSE,FALSE,TRUE,"right","middle",FALSE
"67505c42a18c872bab88ed42","Hair",2,"Cake",1,"Hat",1,"middle",FALSE,"right",FALSE,26,FALSE,TRUE,FALSE,"left","left",FALSE,FALSE,TRUE,"right","middle",FALSE
"62a1e021702679d27813a3e2","Puppets",5,"Pillow",3,"Elephant",3,"right",FALSE,"right",FALSE,26,FALSE,FALSE,TRUE,"middle","left",TRUE,FALSE,FALSE,"right","right",FALSE
"639f294882a3797f77a3dd81","Wheel",1,"Popsicle",4,"Net",4,"middle",FALSE,"middle",TRUE,26,TRUE,FALSE,FALSE,"middle","left",TRUE,FALSE,FALSE,"middle","middle",FALSE
"654bc148c95bca00d541ec33","Table",4,"Fish",3,"TV",3,"middle",FALSE,"right",TRUE,26,FALSE,FALSE,TRUE,"right","left",FALSE,FALSE,TRUE,"right","middle",TRUE
"5d23460ad4c57900192b129c","Nose",3,"Cupcake",2,"Popcorn",2,"right",FALSE,"middle",TRUE,26,FALSE,FALSE,TRUE,"middle","left",FALSE,FALSE,TRUE,"middle","right",FALSE
"67673cda94b4d0cf1a6a7382","Bus",3,"Bead",3,"Iron",3,"right",FALSE,"left",TRUE,26,FALSE,FALSE,TRUE,"left","middle",FALSE,FALSE,TRUE,"left","right",FALSE
"5c4f5967aac8be0001716a65","Teeth",5,"Giraffe",4,"Bead",4,"middle",FALSE,"middle",FALSE,26,FALSE,TRUE,FALSE,"left","left",TRUE,FALSE,FALSE,"middle","middle",FALSE
"67758c9a30d6819221153393","Knee",3,"Vacuum",5,"Peas",5,"left",FALSE,"middle",TRUE,26,FALSE,FALSE,TRUE,"middle","right",FALSE,FALSE,TRUE,"middle","left",FALSE
"66b37344796f45313433abc8","Bubbles",4,"Stool",4,"TV",4,"right",FALSE,"left",TRUE,26,FALSE,FALSE,TRUE,"left","middle",FALSE,FALSE,TRUE,"left","right",FALSE
"632096b5574155e8727c50cc","Ring",3,"Doughnut",1,"Sticker",1,"middle",FALSE,"left",TRUE,26,FALSE,FALSE,TRUE,"left","right",FALSE,FALSE,TRUE,"left","middle",FALSE
"66dcc0e54f44ccecf2730c76","Slinky",4,"Fire truck",2,"Pirate",2,"middle",FALSE,"right",TRUE,26,FALSE,FALSE,TRUE,"right","left",FALSE,FALSE,TRUE,"right","middle",TRUE
"60fac7ec133b6bf250d6d668","Bag",1,"Bagel",2,"Bee",2,"middle",FALSE,"middle",TRUE,26,TRUE,FALSE,FALSE,"middle","right",TRUE,FALSE,FALSE,"middle","middle",FALSE
"5e459f61418f610891628564","Ladder",3,"Whistle",5,"Circle",5,"left",FALSE,"middle",FALSE,26,FALSE,TRUE,FALSE,"right","right",FALSE,FALSE,TRUE,"middle","left",FALSE
"5e89ec793c01b3685a00bb12","Button",3,"Feet",3,"Helicopter",3,"right",FALSE,"left",FALSE,26,FALSE,FALSE,TRUE,"middle","left",FALSE,TRUE,FALSE,"left","right",FALSE
"631d197eba06364cbea7fab2","Mirror",2,"Door",1,"Hamburger",1,"right",FALSE,"right",FALSE,26,FALSE,FALSE,TRUE,"left","middle",TRUE,FALSE,FALSE,"right","right",TRUE
"61656042f505fd7fa53e8628","Crown",1,"Stamps",1,"CD",1,"middle",FALSE,"middle",TRUE,22,TRUE,FALSE,FALSE,"middle","left",TRUE,FALSE,FALSE,"middle","middle",FALSE
"66fd3f6c93c24ecc119be354","Sandals",3,"Bananas",4,"Tummy",4,"middle",TRUE,"middle",TRUE,26,TRUE,FALSE,FALSE,"middle","left",TRUE,FALSE,FALSE,"middle","middle",TRUE
"5af1a4bc6e136b0001411714","Kangaroo",2,"Bus",4,"Computer",4,"left",FALSE,"middle",TRUE,26,FALSE,TRUE,FALSE,"middle","middle",FALSE,TRUE,FALSE,"middle","left",FALSE
"60ed501279c68ea1a313d0aa","Flower",1,"Feet",5,"Refrigerator",5,"middle",FALSE,"right",FALSE,26,TRUE,FALSE,FALSE,"middle","right",FALSE,TRUE,FALSE,"right","middle",FALSE
"5bf2f728bd9f150001f6cc42","Sheep",3,"Umbrella",2,"Tummy",2,"right",FALSE,"right",FALSE,26,FALSE,TRUE,FALSE,"middle","middle",TRUE,FALSE,FALSE,"right","right",FALSE
"59a734ce0c87a000017481ed","Fence",1,"Owl",3,"Popcorn",3,"left",FALSE,"middle",FALSE,26,FALSE,TRUE,FALSE,"right","right",FALSE,FALSE,TRUE,"middle","left",FALSE
"615e420a23219efe3427a367","Soup",5,"Yo-yo",2,"Flower",2,"left",FALSE,"middle",TRUE,26,FALSE,FALSE,TRUE,"middle","right",FALSE,FALSE,TRUE,"middle","left",FALSE
"66b244a2f436437d3e109bbe","Airplane",5,"Pudding",4,"Bone",4,"middle",FALSE,"left",TRUE,26,FALSE,FALSE,TRUE,"left","right",FALSE,FALSE,TRUE,"left","middle",TRUE
"5f1b05a8703c380d1393bb27","Net",1,"Eggs",5,"Dolls",5,"middle",FALSE,"middle",FALSE,26,FALSE,TRUE,FALSE,"right","right",TRUE,FALSE,FALSE,"middle","middle",FALSE
"6684497541f835bd67a199b2","Rice",2,"Cow",1,"Hamburger",1,"right",FALSE,"right",TRUE,26,TRUE,FALSE,FALSE,"right","left",TRUE,FALSE,FALSE,"right","right",FALSE
"5eeddefa177a7322144cbc5e","Blocks",3,"Bat",3,"Watch",3,"left",FALSE,"right",TRUE,26,FALSE,FALSE,TRUE,"right","middle",FALSE,FALSE,TRUE,"right","left",FALSE
"63ee9abfa262bea95766dd9c","Monkey",5,"Soap",3,"Swing",3,"right",FALSE,"right",TRUE,26,TRUE,FALSE,FALSE,"right","left",TRUE,FALSE,FALSE,"right","right",TRUE
"66cfab152c56aa0472529001","Rice",4,"Ear",1,"Hamburger",1,"right",FALSE,"left",TRUE,26,FALSE,FALSE,TRUE,"left","middle",FALSE,FALSE,TRUE,"left","right",TRUE
"6571fd9d691befe21fa61d18","Chopsticks",4,"Bus",2,"Car",2,"right",FALSE,"left",TRUE,26,FALSE,TRUE,FALSE,"left","left",FALSE,TRUE,FALSE,"left","right",FALSE
"66312361cf5d4099e1330532","Feet",2,"Ice Cream",5,"Notebook",5,"middle",FALSE,"middle",TRUE,26,TRUE,FALSE,FALSE,"middle","right",TRUE,FALSE,FALSE,"middle","middle",FALSE
"6722ea20fb84b196f0a649b6","Mouse",1,"Purse",3,"Comb",3,"right",FALSE,"middle",TRUE,26,FALSE,FALSE,TRUE,"middle","left",FALSE,FALSE,TRUE,"middle","right",FALSE
"5ddce9f0f85b50c4fc1515a4","Towels",2,"Cake",5,"Button",5,"middle",FALSE,"middle",TRUE,26,TRUE,FALSE,FALSE,"middle","right",TRUE,FALSE,FALSE,"middle","middle",FALSE
"5c3bdbf548ad2900017fac31","Plate",1,"Mailbox",1,"Bear",1,"right",FALSE,"right",TRUE,26,TRUE,FALSE,FALSE,"right","middle",TRUE,FALSE,FALSE,"right","right",FALSE
"6844a1b95271dfc560af4709","Snow",4,"Circle",4,"Tape",4,"middle",FALSE,"middle",FALSE,26,FALSE,FALSE,TRUE,"right","left",TRUE,FALSE,FALSE,"middle","middle",FALSE
"5e121701dc79bd8a1a22ca99","Pig",5,"Bean",1,"Stars",1,"right",FALSE,"left",TRUE,22,FALSE,TRUE,FALSE,"left","left",FALSE,TRUE,FALSE,"left","right",FALSE
"616ef680ab8ca318a227f5ec","Toothpaste",5,"Grass",5,"Books",5,"left",FALSE,"middle",TRUE,26,FALSE,TRUE,FALSE,"middle","middle",FALSE,TRUE,FALSE,"middle","left",FALSE
"66d9cd06e207a93377f7820e","Straw",1,"Fingernail",1,"Sofa",1,"middle",FALSE,"right",TRUE,26,FALSE,FALSE,TRUE,"right","left",FALSE,FALSE,TRUE,"right","middle",TRUE
"5962a5b29955ee00015bce98","Oranges",3,"Mouth",1,"Bee",1,"left",TRUE,"left",TRUE,26,TRUE,FALSE,FALSE,"left","middle",TRUE,FALSE,FALSE,"left","left",TRUE
"641384b3dffcf39ec42d3c23","Bed",5,"Cupcake",4,"Feather",4,"middle",FALSE,"middle",FALSE,26,FALSE,TRUE,FALSE,"right","right",TRUE,FALSE,FALSE,"middle","middle",FALSE
"59692d61355b45000106c592","Triangle",3,"Pencil",5,"Bathtub",5,"left",FALSE,"left",FALSE,26,FALSE,FALSE,TRUE,"right","middle",TRUE,FALSE,FALSE,"left","left",FALSE
"5dd05d80b2204f1487f7812c","Tiger",3,"Sofa",1,"Strawberries",1,"right",TRUE,"right",TRUE,26,TRUE,FALSE,FALSE,"right","middle",TRUE,FALSE,FALSE,"right","right",FALSE
"6321d9c78e8e3c04f82a0ea0","Zebra",1,"Slide",4,"Mirror",4,"right",FALSE,"middle",TRUE,26,FALSE,FALSE,TRUE,"middle","left",FALSE,FALSE,TRUE,"middle","right",FALSE
"632d189d6b8f03d0d3db4c48","Earring",1,"Chalk",1,"Elbow",1,"middle",FALSE,"left",TRUE,26,FALSE,FALSE,TRUE,"left","right",FALSE,FALSE,TRUE,"left","middle",TRUE
"63b3377ca1ccdfc7cc567503","Juice",4,"Books",1,"Fish",1,"middle",FALSE,"left",TRUE,26,FALSE,TRUE,FALSE,"left","left",FALSE,TRUE,FALSE,"left","middle",TRUE
"6678813aec86d687a654dedb","Skateboard",4,"Moon",4,"Mailbox",4,"right",FALSE,"middle",TRUE,26,FALSE,FALSE,TRUE,"middle","left",FALSE,FALSE,TRUE,"middle","right",FALSE
"55cce6ea34e90600058d1e6d","Rope",1,"Shirt",2,"Balls",2,"left",FALSE,"middle",TRUE,26,FALSE,TRUE,FALSE,"middle","middle",FALSE,TRUE,FALSE,"middle","left",FALSE
"6658bba1a51a037d25bb677e","Dinosaur",2,"Sink",5,"Cookies",5,"middle",FALSE,"left",FALSE,26,TRUE,FALSE,FALSE,"middle","left",FALSE,TRUE,FALSE,"left","middle",TRUE
"60f5df9db9380d875c320307","Pig",3,"Whistle",5,"Truck",5,"middle",FALSE,"right",TRUE,26,FALSE,FALSE,TRUE,"right","left",FALSE,FALSE,TRUE,"right","middle",FALSE
"63d5b810f3dbbd11e7e65870","Underwear",2,"Knee",4,"Glue",4,"left",FALSE,"left",TRUE,26,TRUE,FALSE,FALSE,"left","middle",TRUE,FALSE,FALSE,"left","left",FALSE
"66d1fdd400acfdbc181f41e0","Airplane",5,"Sweater",4,"Motorcycle",4,"left",FALSE,"left",FALSE,26,FALSE,FALSE,TRUE,"right","middle",TRUE,FALSE,FALSE,"left","left",FALSE
"67b636c4ea38855cbb08ffe3","Shovel",4,"Stick",5,"Slide",5,"right",FALSE,"middle",FALSE,26,FALSE,FALSE,TRUE,"left","middle",FALSE,TRUE,FALSE,"middle","right",FALSE
"5e1b795dc799223a3b447ada","Backpack",1,"Broom",5,"Stars",5,"middle",FALSE,"left",FALSE,26,TRUE,FALSE,FALSE,"middle","left",FALSE,TRUE,FALSE,"left","middle",FALSE
"5c5cad3e4ee81200018eafe2","Ring",1,"Pancakes",5,"Elbow",5,"left",FALSE,"middle",TRUE,26,FALSE,TRUE,FALSE,"middle","middle",FALSE,TRUE,FALSE,"middle","left",FALSE
"5bc5be2572df5f00014479f9","Car",1,"Necklace",3,"Paints",3,"middle",FALSE,"middle",TRUE,26,TRUE,FALSE,FALSE,"middle","left",TRUE,FALSE,FALSE,"middle","middle",FALSE
"5f8f436e4676a71879786b95","Ant",1,"Plate",5,"Belt",5,"middle",FALSE,"middle",TRUE,26,TRUE,FALSE,FALSE,"middle","right",TRUE,FALSE,FALSE,"middle","middle",FALSE
"669053bbebafdd430e770142","Backpack",1,"Heart",2,"Bean",2,"right",FALSE,"right",TRUE,26,TRUE,FALSE,FALSE,"right","left",TRUE,FALSE,FALSE,"right","right",FALSE
"677419f93048c66d62d2bf87","Hamburger",4,"Door",5,"Ostrich",5,"right",FALSE,"middle",TRUE,26,FALSE,TRUE,FALSE,"middle","middle",FALSE,TRUE,FALSE,"middle","right",FALSE
"574aff1b5bef980007af2745","Hanger",2,"Hammer",2,"Frog",2,"right",FALSE,"left",TRUE,26,FALSE,FALSE,TRUE,"left","middle",FALSE,FALSE,TRUE,"left","right",FALSE
"58404fd8ad98e40001ce915f","Glove",2,"Yogurt",3,"Boat",3,"middle",FALSE,"middle",TRUE,26,TRUE,FALSE,FALSE,"middle","left",TRUE,FALSE,FALSE,"middle","middle",FALSE
"5de8887aa2db898017debf1a","Whistle",3,"Potatoes",4,"Notebook",4,"middle",FALSE,"middle",TRUE,26,TRUE,FALSE,FALSE,"middle","right",TRUE,FALSE,FALSE,"middle","middle",FALSE
"59d949cf8fd07a000184247e","Broom",1,"Tree",2,"Bacon",2,"left",FALSE,"right",TRUE,26,FALSE,FALSE,TRUE,"right","middle",FALSE,FALSE,TRUE,"right","left",FALSE
"662945728093113a43ab8077","Rabbit",3,"Button",4,"Video Tape",4,"middle",FALSE,"middle",TRUE,26,TRUE,FALSE,FALSE,"middle","left",TRUE,FALSE,FALSE,"middle","middle",TRUE
"676058418c08c71e4bb7cbd1","Backpack",5,"Hot Dog",4,"Fly",4,"left",FALSE,"right",FALSE,26,TRUE,FALSE,FALSE,"left","middle",FALSE,FALSE,TRUE,"right","left",TRUE
"6643d22289210a4edf21e84d","Goal",4,"Dress",3,"Dinosaur",3,"left",FALSE,"right",TRUE,26,FALSE,FALSE,TRUE,"right","middle",FALSE,FALSE,TRUE,"right","left",FALSE
"58954e2dc88c680001dd4b7e","Sun",5,"Triangle",2,"Dolphin",2,"right",FALSE,"left",FALSE,26,TRUE,FALSE,FALSE,"right","middle",FALSE,FALSE,TRUE,"left","right",TRUE
"5b757a03976ecb0001b1168f","Bed",4,"Circle",4,"Rain",4,"right",FALSE,"left",TRUE,26,FALSE,FALSE,TRUE,"left","middle",FALSE,FALSE,TRUE,"left","right",FALSE
"681b781064a5701a5ceee3bc","Shorts",1,"Ostrich",2,"Hair",2,"right",FALSE,"right",TRUE,26,TRUE,FALSE,FALSE,"right","middle",TRUE,FALSE,FALSE,"right","right",TRUE
"6716c6700f376dc7f534af9d","Toothbrush",2,"Fire truck",3,"Cherry",3,"right",TRUE,"right",TRUE,26,TRUE,FALSE,FALSE,"right","middle",TRUE,FALSE,FALSE,"right","right",FALSE
"671a3ac3dada5efe6d439698","Elbow",4,"CD",1,"Jump rope",1,"right",FALSE,"left",TRUE,26,FALSE,FALSE,TRUE,"left","middle",FALSE,FALSE,TRUE,"left","right",FALSE
"676b89007874c8eace113276","Square",2,"Toy",2,"Head",2,"left",FALSE,"left",FALSE,26,FALSE,FALSE,TRUE,"right","middle",TRUE,FALSE,FALSE,"left","left",FALSE
"6825af939111d286546fdde6","Triangle",4,"Tiger",2,"Radio",2,"middle",FALSE,"middle",FALSE,26,FALSE,FALSE,TRUE,"left","right",TRUE,FALSE,FALSE,"middle","middle",FALSE
"67164c92298409e37c670b3d","Paper",5,"Can",3,"Whistle",3,"middle",FALSE,"middle",TRUE,26,TRUE,FALSE,FALSE,"middle","left",TRUE,FALSE,FALSE,"middle","middle",FALSE
"682b3f63d0e2c4eff64fe664","Computer",5,"Goal",1,"Pie",1,"middle",FALSE,"middle",FALSE,26,FALSE,FALSE,TRUE,"right","left",TRUE,FALSE,FALSE,"middle","middle",TRUE
"5d3695969749cc00165c222f","Cheese",1,"Fingers",5,"Clown",5,"left",FALSE,"right",TRUE,26,FALSE,TRUE,FALSE,"right","right",FALSE,TRUE,FALSE,"right","left",TRUE
"664521e03117b782ed4fff45","Flashlight",4,"Radio",5,"Strawberries",5,"right",TRUE,"right",TRUE,26,TRUE,FALSE,FALSE,"right","left",TRUE,FALSE,FALSE,"right","right",FALSE
"5f0db498f5e4e102c0f65b67","Pool",2,"Video Tape",2,"Rock",2,"middle",FALSE,"right",FALSE,22,TRUE,FALSE,FALSE,"middle","left",FALSE,FALSE,TRUE,"right","middle",FALSE
"6773dea609f77d473900997a","Towels",5,"Tongue",5,"Broom",5,"left",FALSE,"middle",TRUE,26,FALSE,TRUE,FALSE,"middle","middle",FALSE,TRUE,FALSE,"middle","left",TRUE
"637fcee60a8378c1c3a65898","Turtle",4,"Pizza",4,"Scooter",4,"right",FALSE,"left",TRUE,26,FALSE,FALSE,TRUE,"left","middle",FALSE,FALSE,TRUE,"left","right",FALSE
"63f77a5dde1ea03305e119e0","Butter",3,"Stool",2,"Can",2,"left",FALSE,"left",TRUE,26,TRUE,FALSE,FALSE,"left","right",TRUE,FALSE,FALSE,"left","left",FALSE
"5fbf90f025a567296d943c7e","Diaper",4,"Umbrella",3,"Tape",3,"left",FALSE,"right",FALSE,26,TRUE,FALSE,FALSE,"left","middle",FALSE,FALSE,TRUE,"right","left",FALSE
"636d6ce3fb3683ff33f9e514","Plate",2,"Door",5,"Balls",5,"left",FALSE,"middle",TRUE,26,FALSE,TRUE,FALSE,"middle","middle",FALSE,TRUE,FALSE,"middle","left",FALSE
"5af2a03697a14300017d2ba4","Bottle",5,"Stars",5,"Cow",5,"right",FALSE,"left",FALSE,26,FALSE,TRUE,FALSE,"middle","middle",FALSE,FALSE,TRUE,"left","right",FALSE
"60e3a25e8be835f754795d93","Sandals",1,"Strawberries",2,"Grass",2,"middle",TRUE,"middle",TRUE,26,TRUE,FALSE,FALSE,"middle","left",TRUE,FALSE,FALSE,"middle","middle",TRUE
"66b5172c8f0bd3b23ce66c22","Stars",3,"Taco",1,"Feather",1,"middle",FALSE,"middle",FALSE,27,FALSE,FALSE,TRUE,"left","right",TRUE,FALSE,FALSE,"middle","middle",FALSE
"5ba60abd9629a90001b36fdc","Table",2,"Snow",5,"Bottle",5,"middle",FALSE,"right",FALSE,27,FALSE,TRUE,FALSE,"left","left",FALSE,FALSE,TRUE,"right","middle",FALSE
"65dc99d0191a135ab835bf69","Door",2,"Chair",3,"Bus",3,"middle",FALSE,"middle",TRUE,27,TRUE,FALSE,FALSE,"middle","right",TRUE,FALSE,FALSE,"middle","middle",FALSE
"60fe7bf61c7567f5cca9ade6","Milk",2,"Curtain",2,"Spider",2,"middle",FALSE,"left",TRUE,27,FALSE,FALSE,TRUE,"left","right",FALSE,FALSE,TRUE,"left","middle",TRUE
"5c9d88bb2b3c77001744ec1c","Blocks",2,"Rain",1,"Diaper",1,"right",FALSE,"left",TRUE,27,FALSE,FALSE,TRUE,"left","middle",FALSE,FALSE,TRUE,"left","right",FALSE
"5e283f576dbb560114ac7714","Cereal",4,"Teapot",2,"Kangaroo",2,"right",FALSE,"left",FALSE,27,FALSE,FALSE,TRUE,"middle","left",FALSE,TRUE,FALSE,"left","right",FALSE
"62e02b1ed5b0fbc1b1dc09e7","Tiger",4,"Oranges",4,"Cake",4,"middle",TRUE,"middle",TRUE,27,TRUE,FALSE,FALSE,"middle","right",TRUE,FALSE,FALSE,"middle","middle",FALSE
"5ecf9b46617a9b3dd56b3fe3","Cereal",2,"Ghost",5,"Pen",5,"middle",FALSE,"middle",TRUE,27,TRUE,FALSE,FALSE,"middle","right",TRUE,FALSE,FALSE,"middle","middle",TRUE
"590b3401182caf0001ab5801","Ostrich",2,"Flashlight",3,"Shorts",3,"right",FALSE,"left",FALSE,27,FALSE,FALSE,TRUE,"middle","left",FALSE,TRUE,FALSE,"left","right",FALSE
"65c11389b0d2ba8e63cb8b22","Glasses",3,"Baby",1,"Pancakes",1,"right",FALSE,"right",FALSE,27,FALSE,TRUE,FALSE,"left","left",TRUE,FALSE,FALSE,"right","right",FALSE
"5d15160539eeea001683830c","Tape",4,"Mouth",4,"Circle",4,"middle",FALSE,"middle",TRUE,27,TRUE,FALSE,FALSE,"middle","left",TRUE,FALSE,FALSE,"middle","middle",FALSE
"6620b6a209127dafd5b2dfb9","Goal",2,"Candle",4,"Jump rope",4,"right",FALSE,"right",FALSE,27,FALSE,TRUE,FALSE,"middle","middle",TRUE,FALSE,FALSE,"right","right",FALSE
"56c65a5a305eaa0005f2a634","Fork",4,"Cheese",4,"Squirrel",4,"left",FALSE,"left",TRUE,27,TRUE,FALSE,FALSE,"left","middle",TRUE,FALSE,FALSE,"left","left",FALSE
"59fb1518b47dfc0001b6659b","Slide",4,"Swing",2,"Pot",2,"right",FALSE,"right",FALSE,27,FALSE,TRUE,FALSE,"middle","middle",TRUE,FALSE,FALSE,"right","right",FALSE
"602c0fc2eff74b4748e9b41e","Pool",3,"Squirrel",3,"Feet",3,"middle",FALSE,"middle",FALSE,27,FALSE,FALSE,TRUE,"right","left",TRUE,FALSE,FALSE,"middle","middle",FALSE
"5bcc98d1db645700015222b5","Head",3,"Spoon",1,"Soda",1,"left",FALSE,"middle",TRUE,27,FALSE,FALSE,TRUE,"middle","right",FALSE,FALSE,TRUE,"middle","left",FALSE
"6773e6e6b205d22a2e097735","Sofa",5,"Net",2,"Backpack",2,"middle",FALSE,"right",FALSE,27,FALSE,TRUE,FALSE,"left","left",FALSE,FALSE,TRUE,"right","middle",FALSE
"67505c42a18c872bab88ed42","Jacket",4,"Pot",2,"Hose",2,"right",FALSE,"left",FALSE,27,TRUE,FALSE,FALSE,"right","left",FALSE,TRUE,FALSE,"left","right",FALSE
"62a1e021702679d27813a3e2","Helicopter",2,"Suitcase",3,"Bacon",3,"right",FALSE,"right",FALSE,27,FALSE,TRUE,FALSE,"left","left",TRUE,FALSE,FALSE,"right","right",FALSE
"639f294882a3797f77a3dd81","Fries",1,"Nose",4,"Phone",4,"right",FALSE,"right",FALSE,27,FALSE,FALSE,TRUE,"middle","left",TRUE,FALSE,FALSE,"right","right",FALSE
"654bc148c95bca00d541ec33","Bow",2,"Iron",1,"Bracelet",1,"middle",FALSE,"right",TRUE,27,FALSE,FALSE,TRUE,"right","left",FALSE,FALSE,TRUE,"right","middle",TRUE
"5d23460ad4c57900192b129c","Microphone",2,"Zebra",4,"Shovel",4,"right",FALSE,"middle",TRUE,27,FALSE,FALSE,TRUE,"middle","left",FALSE,FALSE,TRUE,"middle","right",FALSE
"67673cda94b4d0cf1a6a7382","Stamps",1,"Feather",2,"Bee",2,"right",FALSE,"right",FALSE,27,FALSE,TRUE,FALSE,"middle","middle",TRUE,FALSE,FALSE,"right","right",FALSE
"5c4f5967aac8be0001716a65","Bell",4,"Sticker",4,"Brush",4,"right",FALSE,"left",FALSE,27,TRUE,FALSE,FALSE,"right","left",FALSE,TRUE,FALSE,"left","right",FALSE
"67758c9a30d6819221153393","Snow",2,"Lunch",2,"Dolphin",2,"left",FALSE,"right",TRUE,27,FALSE,TRUE,FALSE,"right","right",FALSE,TRUE,FALSE,"right","left",FALSE
"66b37344796f45313433abc8","Spoon",5,"Bottle",2,"Circle",2,"left",FALSE,"left",FALSE,27,FALSE,TRUE,FALSE,"middle","middle",TRUE,FALSE,FALSE,"left","left",FALSE
"632096b5574155e8727c50cc","Sun",4,"Fish",5,"Pajamas",5,"middle",FALSE,"middle",TRUE,27,TRUE,FALSE,FALSE,"middle","right",TRUE,FALSE,FALSE,"middle","middle",FALSE
"66dcc0e54f44ccecf2730c76","Airplane",5,"Stairs",5,"Rabbit",5,"middle",FALSE,"middle",TRUE,27,TRUE,FALSE,FALSE,"middle","left",TRUE,FALSE,FALSE,"middle","middle",TRUE
"60fac7ec133b6bf250d6d668","Teddy Bear",1,"Tongue",5,"Nose",5,"left",FALSE,"middle",FALSE,27,FALSE,TRUE,FALSE,"right","right",FALSE,FALSE,TRUE,"middle","left",FALSE
"5e459f61418f610891628564","Cat",2,"Vacuum",2,"Bread",2,"middle",FALSE,"left",TRUE,27,FALSE,FALSE,TRUE,"left","right",FALSE,FALSE,TRUE,"left","middle",FALSE
"5e89ec793c01b3685a00bb12","Cat",1,"Jacket",5,"Bird",5,"right",FALSE,"right",FALSE,27,FALSE,FALSE,TRUE,"middle","left",TRUE,FALSE,FALSE,"right","right",FALSE
"631d197eba06364cbea7fab2","Stairs",3,"Hot Dog",3,"Pillow",3,"right",FALSE,"left",TRUE,27,FALSE,FALSE,TRUE,"left","middle",FALSE,FALSE,TRUE,"left","right",TRUE
"61656042f505fd7fa53e8628","Bus",2,"Drum",1,"Snake",1,"right",FALSE,"middle",TRUE,23,FALSE,FALSE,TRUE,"middle","left",FALSE,FALSE,TRUE,"middle","right",FALSE
"66fd3f6c93c24ecc119be354","Washcloth",5,"Soup",5,"Swing",5,"right",FALSE,"middle",FALSE,27,TRUE,FALSE,FALSE,"right","left",FALSE,FALSE,TRUE,"middle","right",TRUE
"5af1a4bc6e136b0001411714","Butter",4,"Lunch",2,"Pie",2,"right",FALSE,"left",TRUE,27,FALSE,FALSE,TRUE,"left","middle",FALSE,FALSE,TRUE,"left","right",FALSE
"60ed501279c68ea1a313d0aa","Motorcycle",5,"Button",2,"Newspaper",2,"middle",FALSE,"middle",TRUE,27,TRUE,FALSE,FALSE,"middle","right",TRUE,FALSE,FALSE,"middle","middle",FALSE
"5bf2f728bd9f150001f6cc42","Radio",5,"Cable",4,"Bee",4,"right",FALSE,"middle",FALSE,27,FALSE,FALSE,TRUE,"left","middle",FALSE,TRUE,FALSE,"middle","right",FALSE
"59a734ce0c87a000017481ed","Lion",3,"Peas",3,"Crown",3,"middle",FALSE,"middle",TRUE,27,TRUE,FALSE,FALSE,"middle","right",TRUE,FALSE,FALSE,"middle","middle",FALSE
"615e420a23219efe3427a367","Mailbox",1,"Table",5,"Play dough",5,"left",FALSE,"middle",TRUE,27,FALSE,FALSE,TRUE,"middle","right",FALSE,FALSE,TRUE,"middle","left",FALSE
"66b244a2f436437d3e109bbe","Cow",4,"Toothbrush",1,"Hips",1,"middle",FALSE,"left",FALSE,27,TRUE,FALSE,FALSE,"middle","right",FALSE,FALSE,TRUE,"left","middle",TRUE
"5f1b05a8703c380d1393bb27","Books",5,"Bread",2,"Airplane",2,"left",FALSE,"middle",FALSE,27,FALSE,TRUE,FALSE,"right","right",FALSE,FALSE,TRUE,"middle","left",FALSE
"6684497541f835bd67a199b2","Newspaper",1,"Hips",4,"Doughnut",4,"right",FALSE,"right",FALSE,27,FALSE,FALSE,TRUE,"middle","left",TRUE,FALSE,FALSE,"right","right",FALSE
"5eeddefa177a7322144cbc5e","Bus",3,"Iron",2,"Triangle",2,"left",FALSE,"right",TRUE,27,FALSE,FALSE,TRUE,"right","middle",FALSE,FALSE,TRUE,"right","left",FALSE
"63ee9abfa262bea95766dd9c","Taco",1,"Giraffe",4,"Fence",4,"right",FALSE,"right",TRUE,27,TRUE,FALSE,FALSE,"right","left",TRUE,FALSE,FALSE,"right","right",TRUE
"66cfab152c56aa0472529001","Cake",5,"Suitcase",4,"Plate",4,"left",FALSE,"left",TRUE,27,TRUE,FALSE,FALSE,"left","middle",TRUE,FALSE,FALSE,"left","left",TRUE
"6571fd9d691befe21fa61d18","Bug",1,"Bathtub",4,"Tummy",4,"middle",FALSE,"middle",TRUE,27,TRUE,FALSE,FALSE,"middle","left",TRUE,FALSE,FALSE,"middle","middle",FALSE
"66312361cf5d4099e1330532","Keys",2,"Bone",2,"Vacuum",2,"left",FALSE,"right",FALSE,27,FALSE,FALSE,TRUE,"middle","right",FALSE,TRUE,FALSE,"right","left",FALSE
"6722ea20fb84b196f0a649b6","Spider",1,"Pencil",5,"Marker",5,"right",FALSE,"middle",TRUE,27,FALSE,FALSE,TRUE,"middle","left",FALSE,FALSE,TRUE,"middle","right",FALSE
"5ddce9f0f85b50c4fc1515a4","Pretzel",5,"Heart",1,"Dog",1,"middle",FALSE,"left",TRUE,27,FALSE,FALSE,TRUE,"left","right",FALSE,FALSE,TRUE,"left","middle",FALSE
"5c3bdbf548ad2900017fac31","Teddy Bear",3,"Pool",4,"Fingers",4,"left",FALSE,"middle",TRUE,27,FALSE,TRUE,FALSE,"middle","middle",FALSE,TRUE,FALSE,"middle","left",FALSE
"6844a1b95271dfc560af4709","Zipper",1,"Arm",5,"Can",5,"right",FALSE,"left",FALSE,27,FALSE,FALSE,TRUE,"middle","left",FALSE,TRUE,FALSE,"left","right",FALSE
"5e121701dc79bd8a1a22ca99","Bubbles",4,"Tongue",5,"Triangle",5,"middle",FALSE,"left",TRUE,23,FALSE,TRUE,FALSE,"left","left",FALSE,TRUE,FALSE,"left","middle",FALSE
"616ef680ab8ca318a227f5ec","Box",3,"Pig",2,"Envelope",2,"right",FALSE,"left",TRUE,27,FALSE,FALSE,TRUE,"left","middle",FALSE,FALSE,TRUE,"left","right",FALSE
"66d9cd06e207a93377f7820e","Waffle",5,"Drum",2,"Rice",2,"middle",FALSE,"left",FALSE,27,TRUE,FALSE,FALSE,"middle","left",FALSE,TRUE,FALSE,"left","middle",TRUE
"5962a5b29955ee00015bce98","Bean",4,"Swing",2,"Underwear",2,"right",FALSE,"left",TRUE,27,FALSE,FALSE,TRUE,"left","middle",FALSE,FALSE,TRUE,"left","right",TRUE
"641384b3dffcf39ec42d3c23","Soup",4,"Bird",2,"Chopsticks",2,"middle",FALSE,"middle",FALSE,27,FALSE,FALSE,TRUE,"left","right",TRUE,FALSE,FALSE,"middle","middle",FALSE
"59692d61355b45000106c592","Dress",5,"Ghost",2,"Sink",2,"right",FALSE,"middle",FALSE,27,FALSE,FALSE,TRUE,"left","middle",FALSE,TRUE,FALSE,"middle","right",FALSE
"5dd05d80b2204f1487f7812c","Boat",1,"Hamburger",4,"Teddy Bear",4,"left",FALSE,"right",TRUE,27,FALSE,FALSE,TRUE,"right","middle",FALSE,FALSE,TRUE,"right","left",FALSE
"6321d9c78e8e3c04f82a0ea0","Sandwich",5,"Hose",5,"Swimsuit",5,"right",FALSE,"left",FALSE,27,FALSE,FALSE,TRUE,"middle","left",FALSE,TRUE,FALSE,"left","right",FALSE
"632d189d6b8f03d0d3db4c48","Rabbit",5,"Camera",1,"Wheel",1,"left",FALSE,"left",TRUE,27,TRUE,FALSE,FALSE,"left","right",TRUE,FALSE,FALSE,"left","left",TRUE
"63b3377ca1ccdfc7cc567503","Hamburger",1,"Rock",2,"Box",2,"right",FALSE,"right",TRUE,27,TRUE,FALSE,FALSE,"right","left",TRUE,FALSE,FALSE,"right","right",TRUE
"6678813aec86d687a654dedb","Sandals",2,"Bread",5,"Eyes",5,"middle",FALSE,"middle",TRUE,27,TRUE,FALSE,FALSE,"middle","left",TRUE,FALSE,FALSE,"middle","middle",FALSE
"55cce6ea34e90600058d1e6d","Teapot",3,"Cow",2,"Wing",2,"left",FALSE,"left",TRUE,27,TRUE,FALSE,FALSE,"left","middle",TRUE,FALSE,FALSE,"left","left",FALSE
"6658bba1a51a037d25bb677e","Towels",5,"Juice",2,"Dolls",2,"middle",FALSE,"middle",TRUE,27,TRUE,FALSE,FALSE,"middle","left",TRUE,FALSE,FALSE,"middle","middle",TRUE
"60f5df9db9380d875c320307","Flower",2,"Shoulders",1,"Slinky",1,"right",FALSE,"middle",TRUE,27,FALSE,FALSE,TRUE,"middle","left",FALSE,FALSE,TRUE,"middle","right",FALSE
"63d5b810f3dbbd11e7e65870","Head",3,"Tummy",3,"Owl",3,"left",FALSE,"right",TRUE,27,FALSE,FALSE,TRUE,"right","middle",FALSE,FALSE,TRUE,"right","left",FALSE
"66d1fdd400acfdbc181f41e0","Ladder",5,"Helicopter",4,"Sunglasses",4,"left",FALSE,"left",TRUE,27,TRUE,FALSE,FALSE,"left","middle",TRUE,FALSE,FALSE,"left","left",FALSE
"67b636c4ea38855cbb08ffe3","Dresser",1,"Milk",4,"Mountain",4,"left",FALSE,"left",FALSE,27,FALSE,FALSE,TRUE,"right","middle",TRUE,FALSE,FALSE,"left","left",FALSE
"5e1b795dc799223a3b447ada","Tissue",4,"Curtain",5,"Toothbrush",5,"middle",FALSE,"middle",TRUE,27,TRUE,FALSE,FALSE,"middle","left",TRUE,FALSE,FALSE,"middle","middle",FALSE
"5c5cad3e4ee81200018eafe2","Butterfly",4,"Baby",3,"Stove",3,"left",FALSE,"left",TRUE,27,TRUE,FALSE,FALSE,"left","middle",TRUE,FALSE,FALSE,"left","left",FALSE
"5bc5be2572df5f00014479f9","Eggs",3,"Truck",2,"Washcloth",2,"right",FALSE,"left",TRUE,27,FALSE,TRUE,FALSE,"left","left",FALSE,TRUE,FALSE,"left","right",FALSE
"5f8f436e4676a71879786b95","CD",3,"Stamps",1,"Broom",1,"middle",FALSE,"right",TRUE,27,FALSE,TRUE,FALSE,"right","right",FALSE,TRUE,FALSE,"right","middle",FALSE
"669053bbebafdd430e770142","TV",1,"Camera",5,"Queen",5,"middle",FALSE,"middle",TRUE,27,TRUE,FALSE,FALSE,"middle","left",TRUE,FALSE,FALSE,"middle","middle",FALSE
"677419f93048c66d62d2bf87","Refrigerator",3,"Scooter",2,"Puzzles",2,"right",FALSE,"right",TRUE,27,TRUE,FALSE,FALSE,"right","middle",TRUE,FALSE,FALSE,"right","right",FALSE
"574aff1b5bef980007af2745","Bagel",2,"Purse",4,"Feather",4,"left",FALSE,"right",FALSE,27,FALSE,TRUE,FALSE,"middle","middle",FALSE,FALSE,TRUE,"right","left",FALSE
"58404fd8ad98e40001ce915f","Water",3,"Chopsticks",4,"Stars",4,"middle",FALSE,"middle",TRUE,27,TRUE,FALSE,FALSE,"middle","left",TRUE,FALSE,FALSE,"middle","middle",FALSE
"5de8887aa2db898017debf1a","Cake",4,"Lion",4,"Hamburger",4,"middle",FALSE,"left",TRUE,27,FALSE,FALSE,TRUE,"left","right",FALSE,FALSE,TRUE,"left","middle",FALSE
"59d949cf8fd07a000184247e","String",1,"Napkin",5,"Cookies",5,"right",FALSE,"middle",TRUE,27,FALSE,TRUE,FALSE,"middle","middle",FALSE,TRUE,FALSE,"middle","right",FALSE
"662945728093113a43ab8077","Dinosaur",5,"Fly",5,"Pants",5,"right",FALSE,"middle",FALSE,27,TRUE,FALSE,FALSE,"right","left",FALSE,FALSE,TRUE,"middle","right",TRUE
"676058418c08c71e4bb7cbd1","Cat",4,"Purse",3,"Tape",3,"right",FALSE,"left",FALSE,27,TRUE,FALSE,FALSE,"right","middle",FALSE,FALSE,TRUE,"left","right",TRUE
"6643d22289210a4edf21e84d","Curtain",3,"Chalk",2,"Napkin",2,"right",FALSE,"left",FALSE,27,TRUE,FALSE,FALSE,"right","middle",FALSE,FALSE,TRUE,"left","right",FALSE
"58954e2dc88c680001dd4b7e","Suitcase",3,"Hands",5,"Frog",5,"left",FALSE,"middle",FALSE,27,FALSE,FALSE,TRUE,"right","middle",FALSE,TRUE,FALSE,"middle","left",TRUE
"5b757a03976ecb0001b1168f","Coloring Book",1,"Cat",2,"Dolphin",2,"left",FALSE,"right",TRUE,27,FALSE,FALSE,TRUE,"right","middle",FALSE,FALSE,TRUE,"right","left",FALSE
"681b781064a5701a5ceee3bc","Tractor",3,"Swimsuit",2,"Popsicle",2,"right",FALSE,"left",TRUE,27,FALSE,FALSE,TRUE,"left","middle",FALSE,FALSE,TRUE,"left","right",TRUE
"6716c6700f376dc7f534af9d","Strawberries",4,"TV",3,"Bug",3,"left",TRUE,"left",TRUE,27,TRUE,FALSE,FALSE,"left","middle",TRUE,FALSE,FALSE,"left","left",FALSE
"671a3ac3dada5efe6d439698","Pen",4,"Fire truck",3,"Plate",3,"right",FALSE,"right",FALSE,27,FALSE,TRUE,FALSE,"middle","middle",TRUE,FALSE,FALSE,"right","right",FALSE
"676b89007874c8eace113276","Diaper",2,"Computer",2,"Bracelet",2,"left",FALSE,"middle",TRUE,27,FALSE,TRUE,FALSE,"middle","middle",FALSE,TRUE,FALSE,"middle","left",FALSE
"6825af939111d286546fdde6","Giraffe",2,"Knife",3,"Sandals",3,"middle",FALSE,"middle",TRUE,27,TRUE,FALSE,FALSE,"middle","right",TRUE,FALSE,FALSE,"middle","middle",FALSE
"67164c92298409e37c670b3d","Teapot",3,"Glove",5,"Gorilla",5,"right",FALSE,"middle",TRUE,27,FALSE,FALSE,TRUE,"middle","left",FALSE,FALSE,TRUE,"middle","right",FALSE
"682b3f63d0e2c4eff64fe664","Bus",3,"Sand",2,"Cake",2,"middle",FALSE,"middle",FALSE,27,FALSE,FALSE,TRUE,"right","left",TRUE,FALSE,FALSE,"middle","middle",TRUE
"5d3695969749cc00165c222f","Pot",2,"Pencil",3,"Cloud",3,"left",FALSE,"right",TRUE,27,FALSE,TRUE,FALSE,"right","right",FALSE,TRUE,FALSE,"right","left",TRUE
"664521e03117b782ed4fff45","Frog",2,"Hammer",1,"Bucket",1,"middle",FALSE,"left",TRUE,27,FALSE,TRUE,FALSE,"left","left",FALSE,TRUE,FALSE,"left","middle",FALSE
"5f0db498f5e4e102c0f65b67","Soup",2,"Shovel",1,"Comb",1,"right",FALSE,"left",TRUE,23,FALSE,TRUE,FALSE,"left","left",FALSE,TRUE,FALSE,"left","right",FALSE
"6773dea609f77d473900997a","Shorts",1,"Moon",4,"Brush",4,"right",FALSE,"middle",FALSE,27,TRUE,FALSE,FALSE,"right","middle",FALSE,TRUE,FALSE,"middle","right",TRUE
"637fcee60a8378c1c3a65898","Cable",2,"Knee",2,"Moon",2,"right",FALSE,"left",TRUE,27,FALSE,FALSE,TRUE,"left","middle",FALSE,FALSE,TRUE,"left","right",FALSE
"63f77a5dde1ea03305e119e0","Water",5,"Slinky",3,"Bowl",3,"left",FALSE,"middle",TRUE,27,FALSE,FALSE,TRUE,"middle","right",FALSE,FALSE,TRUE,"middle","left",FALSE
"5fbf90f025a567296d943c7e","Waffle",2,"Nest",4,"Clown",4,"right",FALSE,"middle",FALSE,27,TRUE,FALSE,FALSE,"right","middle",FALSE,TRUE,FALSE,"middle","right",FALSE
"636d6ce3fb3683ff33f9e514","Bead",4,"Crown",5,"Tissue",5,"right",FALSE,"middle",TRUE,27,FALSE,TRUE,FALSE,"middle","middle",FALSE,TRUE,FALSE,"middle","right",FALSE
"5af2a03697a14300017d2ba4","Glue",2,"Bus",4,"Spider",4,"right",FALSE,"right",TRUE,27,TRUE,FALSE,FALSE,"right","middle",TRUE,FALSE,FALSE,"right","right",FALSE
"60e3a25e8be835f754795d93","Socks",4,"Pirate",4,"Lunch",4,"middle",FALSE,"middle",TRUE,27,TRUE,FALSE,FALSE,"middle","left",TRUE,FALSE,FALSE,"middle","middle",TRUE
"66b5172c8f0bd3b23ce66c22","Bead",1,"Slinky",4,"Blanket",4,"left",FALSE,"left",FALSE,28,FALSE,FALSE,TRUE,"middle","right",TRUE,FALSE,FALSE,"left","left",FALSE
"5ba60abd9629a90001b36fdc","Button",3,"Slide",1,"Rope",1,"right",FALSE,"right",TRUE,28,TRUE,FALSE,FALSE,"right","left",TRUE,FALSE,FALSE,"right","right",FALSE
"65dc99d0191a135ab835bf69","Tummy",1,"Envelope",2,"Wheel",2,"left",FALSE,"middle",FALSE,28,TRUE,FALSE,FALSE,"left","right",FALSE,FALSE,TRUE,"middle","left",FALSE
"60fe7bf61c7567f5cca9ade6","Jacket",1,"Bear",3,"Goal",3,"middle",FALSE,"left",TRUE,28,FALSE,FALSE,TRUE,"left","right",FALSE,FALSE,TRUE,"left","middle",TRUE
"5c9d88bb2b3c77001744ec1c","Grass",4,"Necklace",2,"Pencil",2,"left",FALSE,"right",FALSE,28,TRUE,FALSE,FALSE,"left","middle",FALSE,FALSE,TRUE,"right","left",FALSE
"5e283f576dbb560114ac7714","Stairs",2,"Shovel",4,"Cloud",4,"right",FALSE,"right",FALSE,28,FALSE,TRUE,FALSE,"left","left",TRUE,FALSE,FALSE,"right","right",FALSE
"62e02b1ed5b0fbc1b1dc09e7","Tricycle",4,"Skateboard",2,"Bread",2,"left",FALSE,"right",TRUE,28,FALSE,TRUE,FALSE,"right","right",FALSE,TRUE,FALSE,"right","left",FALSE
"5ecf9b46617a9b3dd56b3fe3","Rice",2,"Taco",2,"Hoop",2,"middle",FALSE,"left",FALSE,28,TRUE,FALSE,FALSE,"middle","right",FALSE,FALSE,TRUE,"left","middle",TRUE
"590b3401182caf0001ab5801","Grass",2,"Lamp",5,"Play dough",5,"right",FALSE,"middle",TRUE,28,FALSE,FALSE,TRUE,"middle","left",FALSE,FALSE,TRUE,"middle","right",FALSE
"65c11389b0d2ba8e63cb8b22","Brush",4,"Bow",2,"Wagon",2,"right",FALSE,"left",FALSE,28,FALSE,FALSE,TRUE,"middle","left",FALSE,TRUE,FALSE,"left","right",FALSE
"5d15160539eeea001683830c","Stick",5,"Water",2,"Oranges",2,"right",TRUE,"right",TRUE,28,TRUE,FALSE,FALSE,"right","left",TRUE,FALSE,FALSE,"right","right",FALSE
"6620b6a209127dafd5b2dfb9","Skateboard",3,"Movie",5,"Owl",5,"right",FALSE,"right",TRUE,28,TRUE,FALSE,FALSE,"right","middle",TRUE,FALSE,FALSE,"right","right",FALSE
"56c65a5a305eaa0005f2a634","Grapes",4,"Toothbrush",3,"Tree",3,"left",TRUE,"left",TRUE,28,TRUE,FALSE,FALSE,"left","middle",TRUE,FALSE,FALSE,"left","left",FALSE
"59fb1518b47dfc0001b6659b","Fish",3,"Glasses",1,"Lizard",1,"left",FALSE,"right",FALSE,28,TRUE,FALSE,FALSE,"left","middle",FALSE,FALSE,TRUE,"right","left",FALSE
"602c0fc2eff74b4748e9b41e","Crown",2,"Spaghetti",2,"Dog",2,"middle",FALSE,"middle",TRUE,28,TRUE,FALSE,FALSE,"middle","left",TRUE,FALSE,FALSE,"middle","middle",FALSE
"5bcc98d1db645700015222b5","Tree",1,"Arm",5,"Boat",5,"middle",FALSE,"middle",FALSE,28,FALSE,TRUE,FALSE,"right","right",TRUE,FALSE,FALSE,"middle","middle",FALSE
"6773e6e6b205d22a2e097735","Fly",5,"Ladder",3,"Chair",3,"right",FALSE,"left",TRUE,28,FALSE,TRUE,FALSE,"left","left",FALSE,TRUE,FALSE,"left","right",FALSE
"67505c42a18c872bab88ed42","Napkin",3,"Sandals",3,"Pretzel",3,"right",FALSE,"middle",FALSE,28,FALSE,TRUE,FALSE,"left","left",FALSE,FALSE,TRUE,"middle","right",FALSE
"62a1e021702679d27813a3e2","Bee",1,"Horse",2,"Pancakes",2,"middle",FALSE,"right",FALSE,28,TRUE,FALSE,FALSE,"middle","left",FALSE,FALSE,TRUE,"right","middle",FALSE
"639f294882a3797f77a3dd81","Gorilla",3,"Pants",3,"Soap",3,"middle",FALSE,"left",TRUE,28,FALSE,TRUE,FALSE,"left","left",FALSE,TRUE,FALSE,"left","middle",FALSE
"654bc148c95bca00d541ec33","Butterfly",4,"Camera",5,"Water",5,"right",FALSE,"middle",TRUE,28,FALSE,FALSE,TRUE,"middle","left",FALSE,FALSE,TRUE,"middle","right",TRUE
"5d23460ad4c57900192b129c","Money",5,"Cat",5,"Eyes",5,"right",FALSE,"middle",TRUE,28,FALSE,FALSE,TRUE,"middle","left",FALSE,FALSE,TRUE,"middle","right",FALSE
"67673cda94b4d0cf1a6a7382","Puppets",3,"Comb",4,"Snow",4,"right",FALSE,"left",TRUE,28,FALSE,FALSE,TRUE,"left","middle",FALSE,FALSE,TRUE,"left","right",FALSE
"5c4f5967aac8be0001716a65","Rock",1,"Eggs",1,"Hips",1,"middle",FALSE,"right",TRUE,28,FALSE,FALSE,TRUE,"right","left",FALSE,FALSE,TRUE,"right","middle",FALSE
"67758c9a30d6819221153393","Zipper",2,"Tape",3,"Giraffe",3,"left",FALSE,"left",TRUE,28,TRUE,FALSE,FALSE,"left","right",TRUE,FALSE,FALSE,"left","left",FALSE
"66b37344796f45313433abc8","Goal",1,"Wagon",3,"Stamps",3,"left",FALSE,"right",FALSE,28,FALSE,TRUE,FALSE,"middle","middle",FALSE,FALSE,TRUE,"right","left",FALSE
"632096b5574155e8727c50cc","Iron",4,"Hammer",4,"Teeth",4,"left",FALSE,"middle",FALSE,28,FALSE,TRUE,FALSE,"right","right",FALSE,FALSE,TRUE,"middle","left",FALSE
"66dcc0e54f44ccecf2730c76","Pants",2,"Tie",5,"Pillow",5,"right",FALSE,"right",TRUE,28,TRUE,FALSE,FALSE,"right","left",TRUE,FALSE,FALSE,"right","right",TRUE
"60fac7ec133b6bf250d6d668","Jacket",3,"Crayons",1,"Eggs",1,"middle",FALSE,"right",FALSE,28,FALSE,FALSE,TRUE,"left","right",FALSE,TRUE,FALSE,"right","middle",FALSE
"5e459f61418f610891628564","Puppets",2,"Lunch",1,"Toy",1,"left",FALSE,"left",TRUE,28,TRUE,FALSE,FALSE,"left","right",TRUE,FALSE,FALSE,"left","left",FALSE
"5e89ec793c01b3685a00bb12","Chopsticks",5,"Water",2,"Marker",2,"right",FALSE,"left",TRUE,28,FALSE,TRUE,FALSE,"left","left",FALSE,TRUE,FALSE,"left","right",FALSE
"631d197eba06364cbea7fab2","Dinosaur",3,"Bean",3,"Heart",3,"right",FALSE,"left",FALSE,28,FALSE,TRUE,FALSE,"middle","middle",FALSE,FALSE,TRUE,"left","right",TRUE
"61656042f505fd7fa53e8628","Clown",4,"Rain",4,"Zebra",4,"right",FALSE,"middle",TRUE,24,FALSE,FALSE,TRUE,"middle","left",FALSE,FALSE,TRUE,"middle","right",FALSE
"66fd3f6c93c24ecc119be354","Paints",2,"Grapes",4,"Clock",4,"middle",TRUE,"middle",TRUE,28,TRUE,FALSE,FALSE,"middle","left",TRUE,FALSE,FALSE,"middle","middle",TRUE
"5af1a4bc6e136b0001411714","Hot Dog",1,"Shorts",2,"Sun",2,"right",FALSE,"left",TRUE,28,FALSE,FALSE,TRUE,"left","middle",FALSE,FALSE,TRUE,"left","right",FALSE
"60ed501279c68ea1a313d0aa","Fries",2,"Backpack",1,"Sun",1,"left",FALSE,"left",FALSE,28,FALSE,TRUE,FALSE,"right","right",TRUE,FALSE,FALSE,"left","left",FALSE
"5bf2f728bd9f150001f6cc42","Circle",5,"Crayons",4,"Skateboard",4,"left",FALSE,"middle",FALSE,28,TRUE,FALSE,FALSE,"left","middle",FALSE,TRUE,FALSE,"middle","left",FALSE
"59a734ce0c87a000017481ed","Grapes",3,"Pretzel",3,"Hose",3,"left",TRUE,"left",TRUE,28,TRUE,FALSE,FALSE,"left","right",TRUE,FALSE,FALSE,"left","left",FALSE
"615e420a23219efe3427a367","Waffle",3,"Keys",5,"Fire",5,"left",FALSE,"left",FALSE,28,FALSE,TRUE,FALSE,"right","right",TRUE,FALSE,FALSE,"left","left",FALSE
"66b244a2f436437d3e109bbe","Fly",2,"Goal",1,"Zebra",1,"left",FALSE,"right",FALSE,28,FALSE,FALSE,TRUE,"middle","right",FALSE,TRUE,FALSE,"right","left",TRUE
"5f1b05a8703c380d1393bb27","Feet",5,"Princess",3,"Toilet",3,"middle",FALSE,"middle",TRUE,28,TRUE,FALSE,FALSE,"middle","right",TRUE,FALSE,FALSE,"middle","middle",FALSE
"6684497541f835bd67a199b2","Octopus",3,"Hot Dog",3,"Bear",3,"right",FALSE,"right",TRUE,28,TRUE,FALSE,FALSE,"right","left",TRUE,FALSE,FALSE,"right","right",FALSE
"5eeddefa177a7322144cbc5e","Taco",2,"Bear",3,"Arm",3,"right",FALSE,"left",FALSE,28,FALSE,TRUE,FALSE,"middle","middle",FALSE,FALSE,TRUE,"left","right",FALSE
"63ee9abfa262bea95766dd9c","Knee",2,"Fingernail",3,"Eyes",3,"right",FALSE,"right",TRUE,28,TRUE,FALSE,FALSE,"right","left",TRUE,FALSE,FALSE,"right","right",TRUE
"66cfab152c56aa0472529001","Clock",5,"Turtle",1,"Money",1,"right",FALSE,"left",FALSE,28,TRUE,FALSE,FALSE,"right","middle",FALSE,FALSE,TRUE,"left","right",TRUE
"6571fd9d691befe21fa61d18","String",1,"Clock",1,"Motorcycle",1,"right",FALSE,"right",TRUE,28,TRUE,FALSE,FALSE,"right","left",TRUE,FALSE,FALSE,"right","right",FALSE
"66312361cf5d4099e1330532","Peas",3,"Books",4,"Toy",4,"left",FALSE,"left",FALSE,28,FALSE,FALSE,TRUE,"middle","right",TRUE,FALSE,FALSE,"left","left",FALSE
"6722ea20fb84b196f0a649b6","Mouth",1,"Plate",3,"Hoop",3,"right",FALSE,"middle",TRUE,28,FALSE,FALSE,TRUE,"middle","left",FALSE,FALSE,TRUE,"middle","right",FALSE
"5ddce9f0f85b50c4fc1515a4","Tummy",1,"Bat",2,"Crackers",2,"middle",FALSE,"right",TRUE,28,FALSE,TRUE,FALSE,"right","right",FALSE,TRUE,FALSE,"right","middle",FALSE
"5c3bdbf548ad2900017fac31","Flower",5,"Ring",4,"Pirate",4,"left",FALSE,"right",TRUE,28,FALSE,FALSE,TRUE,"right","middle",FALSE,FALSE,TRUE,"right","left",FALSE
"6844a1b95271dfc560af4709","Battery",4,"Bacon",1,"Keys",1,"middle",FALSE,"middle",FALSE,28,FALSE,TRUE,FALSE,"left","left",TRUE,FALSE,FALSE,"middle","middle",FALSE
"5e121701dc79bd8a1a22ca99","Juice",5,"Boat",4,"Envelope",4,"middle",FALSE,"left",TRUE,24,FALSE,TRUE,FALSE,"left","left",FALSE,TRUE,FALSE,"left","middle",FALSE
"616ef680ab8ca318a227f5ec","Bucket",5,"Marker",3,"Plate",3,"right",FALSE,"right",TRUE,28,TRUE,FALSE,FALSE,"right","middle",TRUE,FALSE,FALSE,"right","right",FALSE
"66d9cd06e207a93377f7820e","Tractor",3,"Clock",2,"Button",2,"middle",FALSE,"middle",TRUE,28,TRUE,FALSE,FALSE,"middle","left",TRUE,FALSE,FALSE,"middle","middle",TRUE
"5962a5b29955ee00015bce98","Triangle",3,"Turtle",1,"Ladder",1,"left",FALSE,"right",FALSE,28,TRUE,FALSE,FALSE,"left","middle",FALSE,FALSE,TRUE,"right","left",TRUE
"641384b3dffcf39ec42d3c23","Ring",3,"Horse",2,"Tape",2,"middle",FALSE,"middle",TRUE,28,TRUE,FALSE,FALSE,"middle","right",TRUE,FALSE,FALSE,"middle","middle",FALSE
"59692d61355b45000106c592","Chopsticks",3,"Spoon",3,"Cake",3,"left",FALSE,"middle",TRUE,28,FALSE,TRUE,FALSE,"middle","middle",FALSE,TRUE,FALSE,"middle","left",FALSE
"5dd05d80b2204f1487f7812c","Bacon",2,"Sweater",5,"Refrigerator",5,"left",FALSE,"left",FALSE,28,FALSE,FALSE,TRUE,"right","middle",TRUE,FALSE,FALSE,"left","left",FALSE
"6321d9c78e8e3c04f82a0ea0","Bed",5,"Notebook",1,"Crown",1,"middle",FALSE,"left",FALSE,28,FALSE,FALSE,TRUE,"right","left",FALSE,TRUE,FALSE,"left","middle",FALSE
"632d189d6b8f03d0d3db4c48","Butterfly",2,"Brush",5,"Sandwich",5,"left",FALSE,"middle",TRUE,28,FALSE,FALSE,TRUE,"middle","right",FALSE,FALSE,TRUE,"middle","left",TRUE
"63b3377ca1ccdfc7cc567503","Eggs",5,"Chopsticks",3,"Fork",3,"middle",FALSE,"middle",TRUE,28,TRUE,FALSE,FALSE,"middle","left",TRUE,FALSE,FALSE,"middle","middle",TRUE
"6678813aec86d687a654dedb","Ostrich",4,"Stamps",3,"Sofa",3,"right",FALSE,"middle",FALSE,28,TRUE,FALSE,FALSE,"right","left",FALSE,FALSE,TRUE,"middle","right",FALSE
"55cce6ea34e90600058d1e6d","Pen",1,"Bus",4,"Sheep",4,"left",FALSE,"left",FALSE,28,FALSE,FALSE,TRUE,"right","middle",TRUE,FALSE,FALSE,"left","left",FALSE
"6658bba1a51a037d25bb677e","Bead",4,"Frog",3,"Ear",3,"middle",FALSE,"middle",TRUE,28,TRUE,FALSE,FALSE,"middle","left",TRUE,FALSE,FALSE,"middle","middle",TRUE
"60f5df9db9380d875c320307","Soda",3,"Lion",4,"Straw",4,"right",FALSE,"middle",TRUE,28,FALSE,FALSE,TRUE,"middle","left",FALSE,FALSE,TRUE,"middle","right",FALSE
"63d5b810f3dbbd11e7e65870","Jacket",4,"Bed",5,"Hanger",5,"right",FALSE,"middle",FALSE,28,FALSE,FALSE,TRUE,"left","middle",FALSE,TRUE,FALSE,"middle","right",FALSE
"66d1fdd400acfdbc181f41e0","Cow",4,"Bubbles",3,"Drum",3,"right",FALSE,"left",FALSE,28,FALSE,TRUE,FALSE,"middle","middle",FALSE,FALSE,TRUE,"left","right",FALSE
"67b636c4ea38855cbb08ffe3","Soup",4,"Moon",2,"Clock",2,"right",FALSE,"left",TRUE,28,FALSE,FALSE,TRUE,"left","middle",FALSE,FALSE,TRUE,"left","right",FALSE
"5e1b795dc799223a3b447ada","Fingernail",5,"Refrigerator",4,"Glove",4,"right",FALSE,"left",TRUE,28,FALSE,TRUE,FALSE,"left","left",FALSE,TRUE,FALSE,"left","right",FALSE
"5c5cad3e4ee81200018eafe2","Frog",5,"Magazine",4,"Pen",4,"left",FALSE,"right",TRUE,28,FALSE,FALSE,TRUE,"right","middle",FALSE,FALSE,TRUE,"right","left",FALSE
"5bc5be2572df5f00014479f9","Puppets",2,"Wing",3,"Jacket",3,"right",FALSE,"middle",TRUE,28,FALSE,FALSE,TRUE,"middle","left",FALSE,FALSE,TRUE,"middle","right",FALSE
"5f8f436e4676a71879786b95","Bow",5,"Earring",1,"Ladder",1,"middle",FALSE,"left",TRUE,28,FALSE,FALSE,TRUE,"left","right",FALSE,FALSE,TRUE,"left","middle",FALSE
"669053bbebafdd430e770142","Sun",3,"Refrigerator",4,"Hose",4,"right",FALSE,"middle",TRUE,28,FALSE,FALSE,TRUE,"middle","left",FALSE,FALSE,TRUE,"middle","right",FALSE
"677419f93048c66d62d2bf87","Dresser",4,"Bus",5,"Fire",5,"right",FALSE,"left",TRUE,28,FALSE,FALSE,TRUE,"left","middle",FALSE,FALSE,TRUE,"left","right",FALSE
"574aff1b5bef980007af2745","Sweater",4,"Cup",1,"Elephant",1,"right",FALSE,"middle",FALSE,28,TRUE,FALSE,FALSE,"right","middle",FALSE,TRUE,FALSE,"middle","right",FALSE
"58404fd8ad98e40001ce915f","Waffle",4,"Shorts",3,"Strawberries",3,"right",TRUE,"right",TRUE,28,TRUE,FALSE,FALSE,"right","left",TRUE,FALSE,FALSE,"right","right",FALSE
"5de8887aa2db898017debf1a","Lizard",3,"Bathtub",1,"Goal",1,"middle",FALSE,"middle",TRUE,28,TRUE,FALSE,FALSE,"middle","right",TRUE,FALSE,FALSE,"middle","middle",FALSE
"59d949cf8fd07a000184247e","Box",2,"Pool",2,"Spoon",2,"left",FALSE,"right",TRUE,28,FALSE,FALSE,TRUE,"right","middle",FALSE,FALSE,TRUE,"right","left",FALSE
"662945728093113a43ab8077","Nest",1,"Lunch",4,"Hips",4,"middle",FALSE,"middle",TRUE,28,TRUE,FALSE,FALSE,"middle","left",TRUE,FALSE,FALSE,"middle","middle",TRUE
"676058418c08c71e4bb7cbd1","Blocks",2,"Computer",5,"Bubbles",5,"right",FALSE,"left",TRUE,28,FALSE,FALSE,TRUE,"left","middle",FALSE,FALSE,TRUE,"left","right",TRUE
"6643d22289210a4edf21e84d","Lunch",4,"Teapot",5,"Flower",5,"left",FALSE,"left",FALSE,28,FALSE,TRUE,FALSE,"middle","middle",TRUE,FALSE,FALSE,"left","left",FALSE
"58954e2dc88c680001dd4b7e","Jump rope",3,"Rope",5,"Pie",5,"right",FALSE,"middle",TRUE,28,FALSE,TRUE,FALSE,"middle","middle",FALSE,TRUE,FALSE,"middle","right",TRUE
"5b757a03976ecb0001b1168f","Juice",3,"Pants",1,"Whistle",1,"left",FALSE,"left",TRUE,28,TRUE,FALSE,FALSE,"left","middle",TRUE,FALSE,FALSE,"left","left",FALSE
"681b781064a5701a5ceee3bc","Doughnut",3,"Mailbox",4,"Gorilla",4,"right",FALSE,"left",FALSE,28,TRUE,FALSE,FALSE,"right","middle",FALSE,FALSE,TRUE,"left","right",TRUE
"6716c6700f376dc7f534af9d","Napkin",1,"Snow",5,"Turtle",5,"left",FALSE,"right",TRUE,28,FALSE,FALSE,TRUE,"right","middle",FALSE,FALSE,TRUE,"right","left",FALSE
"671a3ac3dada5efe6d439698","Chopsticks",2,"Bracelet",3,"Yogurt",3,"right",FALSE,"right",TRUE,28,TRUE,FALSE,FALSE,"right","middle",TRUE,FALSE,FALSE,"right","right",FALSE
"676b89007874c8eace113276","Pancakes",4,"Giraffe",2,"Boots",2,"right",FALSE,"left",TRUE,28,FALSE,FALSE,TRUE,"left","middle",FALSE,FALSE,TRUE,"left","right",FALSE
"6825af939111d286546fdde6","Scooter",4,"Scissors",2,"Watch",2,"middle",FALSE,"left",FALSE,28,TRUE,FALSE,FALSE,"middle","right",FALSE,FALSE,TRUE,"left","middle",FALSE
"67164c92298409e37c670b3d","Bracelet",1,"Bridge",3,"Juice",3,"right",FALSE,"right",TRUE,28,TRUE,FALSE,FALSE,"right","left",TRUE,FALSE,FALSE,"right","right",FALSE
"682b3f63d0e2c4eff64fe664","Boots",2,"Chopsticks",2,"Wing",2,"middle",FALSE,"middle",FALSE,28,FALSE,FALSE,TRUE,"right","left",TRUE,FALSE,FALSE,"middle","middle",TRUE
"5d3695969749cc00165c222f","Snake",5,"Swimsuit",1,"Helicopter",1,"middle",FALSE,"left",TRUE,28,FALSE,FALSE,TRUE,"left","right",FALSE,FALSE,TRUE,"left","middle",TRUE
"664521e03117b782ed4fff45","Potatoes",4,"Coloring Book",1,"Hat",1,"middle",FALSE,"left",TRUE,28,FALSE,TRUE,FALSE,"left","left",FALSE,TRUE,FALSE,"left","middle",FALSE
"5f0db498f5e4e102c0f65b67","Turtle",2,"Pencil",3,"Sink",3,"middle",FALSE,"right",FALSE,24,TRUE,FALSE,FALSE,"middle","left",FALSE,FALSE,TRUE,"right","middle",FALSE
"6773dea609f77d473900997a","Crackers",5,"Hat",1,"Skateboard",1,"right",FALSE,"left",TRUE,28,FALSE,FALSE,TRUE,"left","middle",FALSE,FALSE,TRUE,"left","right",TRUE
"637fcee60a8378c1c3a65898","Refrigerator",5,"Ear",3,"Marker",3,"right",FALSE,"left",TRUE,28,FALSE,FALSE,TRUE,"left","middle",FALSE,FALSE,TRUE,"left","right",FALSE
"63f77a5dde1ea03305e119e0","Bell",3,"Dolls",1,"Milk",1,"middle",FALSE,"middle",FALSE,28,FALSE,FALSE,TRUE,"left","right",TRUE,FALSE,FALSE,"middle","middle",FALSE
"5fbf90f025a567296d943c7e","Shampoo",1,"Pancakes",4,"Pig",4,"right",FALSE,"middle",TRUE,28,FALSE,TRUE,FALSE,"middle","middle",FALSE,TRUE,FALSE,"middle","right",FALSE
"636d6ce3fb3683ff33f9e514","Triangle",1,"Rabbit",2,"Glasses",2,"left",FALSE,"left",FALSE,28,FALSE,FALSE,TRUE,"right","middle",TRUE,FALSE,FALSE,"left","left",FALSE
"5af2a03697a14300017d2ba4","Hot Dog",4,"Sandwich",1,"Carrots",1,"right",FALSE,"right",TRUE,28,TRUE,FALSE,FALSE,"right","middle",TRUE,FALSE,FALSE,"right","right",FALSE
"60e3a25e8be835f754795d93","Lizard",4,"Water",1,"Slinky",1,"middle",FALSE,"left",TRUE,28,FALSE,TRUE,FALSE,"left","left",FALSE,TRUE,FALSE,"left","middle",TRUE
"66b5172c8f0bd3b23ce66c22","Spiderweb",4,"Tongue",3,"Can",3,"left",FALSE,"right",FALSE,29,TRUE,FALSE,FALSE,"left","right",FALSE,TRUE,FALSE,"right","left",FALSE
"5ba60abd9629a90001b36fdc","Bagel",5,"Nose",1,"Paper",1,"right",FALSE,"left",FALSE,29,FALSE,FALSE,TRUE,"middle","left",FALSE,TRUE,FALSE,"left","right",FALSE
"65dc99d0191a135ab835bf69","Monkey",5,"Bow",2,"Cookies",2,"left",FALSE,"left",TRUE,29,TRUE,FALSE,FALSE,"left","right",TRUE,FALSE,FALSE,"left","left",FALSE
"60fe7bf61c7567f5cca9ade6","Plate",4,"Pan",3,"Carrots",3,"left",FALSE,"left",TRUE,29,TRUE,FALSE,FALSE,"left","right",TRUE,FALSE,FALSE,"left","left",TRUE
"5c9d88bb2b3c77001744ec1c","Cookies",2,"Newspaper",1,"Puzzles",1,"right",FALSE,"left",FALSE,29,TRUE,FALSE,FALSE,"right","middle",FALSE,FALSE,TRUE,"left","right",FALSE
"5e283f576dbb560114ac7714","Bone",4,"Mouth",3,"Hamburger",3,"right",FALSE,"left",TRUE,29,FALSE,TRUE,FALSE,"left","left",FALSE,TRUE,FALSE,"left","right",FALSE
"62e02b1ed5b0fbc1b1dc09e7","Socks",3,"Wagon",4,"Rabbit",4,"left",FALSE,"right",TRUE,29,FALSE,TRUE,FALSE,"right","right",FALSE,TRUE,FALSE,"right","left",FALSE
"5ecf9b46617a9b3dd56b3fe3","Frog",2,"Mountain",2,"Window",2,"left",FALSE,"left",FALSE,29,FALSE,FALSE,TRUE,"middle","right",TRUE,FALSE,FALSE,"left","left",TRUE
"590b3401182caf0001ab5801","Moon",4,"Blocks",2,"Cherry",2,"right",TRUE,"right",TRUE,29,TRUE,FALSE,FALSE,"right","left",TRUE,FALSE,FALSE,"right","right",FALSE
"65c11389b0d2ba8e63cb8b22","Hose",1,"Candy",4,"Bear",4,"right",FALSE,"middle",TRUE,29,FALSE,FALSE,TRUE,"middle","left",FALSE,FALSE,TRUE,"middle","right",FALSE
"5d15160539eeea001683830c","Box",1,"Swimsuit",4,"Frog",4,"right",FALSE,"middle",TRUE,29,FALSE,FALSE,TRUE,"middle","left",FALSE,FALSE,TRUE,"middle","right",FALSE
"6620b6a209127dafd5b2dfb9","Squirrel",3,"Spoon",3,"Leaf",3,"right",FALSE,"left",TRUE,29,FALSE,FALSE,TRUE,"left","middle",FALSE,FALSE,TRUE,"left","right",FALSE
"56c65a5a305eaa0005f2a634","Bird",4,"Bed",3,"Swing",3,"left",FALSE,"right",FALSE,29,TRUE,FALSE,FALSE,"left","middle",FALSE,FALSE,TRUE,"right","left",FALSE
"59fb1518b47dfc0001b6659b","Knee",3,"TV",2,"Zebra",2,"left",FALSE,"right",TRUE,29,FALSE,FALSE,TRUE,"right","middle",FALSE,FALSE,TRUE,"right","left",FALSE
"602c0fc2eff74b4748e9b41e","Diaper",2,"Battery",1,"Glove",1,"middle",FALSE,"right",TRUE,29,FALSE,FALSE,TRUE,"right","left",FALSE,FALSE,TRUE,"right","middle",FALSE
"5bcc98d1db645700015222b5","Goal",3,"Frog",3,"Cup",3,"left",FALSE,"middle",FALSE,29,FALSE,TRUE,FALSE,"right","right",FALSE,FALSE,TRUE,"middle","left",FALSE
"6773e6e6b205d22a2e097735","Doughnut",4,"Airplane",4,"Mailbox",4,"middle",FALSE,"left",TRUE,29,FALSE,TRUE,FALSE,"left","left",FALSE,TRUE,FALSE,"left","middle",FALSE
"67505c42a18c872bab88ed42","Motorcycle",1,"Airplane",4,"Money",4,"middle",FALSE,"middle",TRUE,29,TRUE,FALSE,FALSE,"middle","left",TRUE,FALSE,FALSE,"middle","middle",FALSE
"62a1e021702679d27813a3e2","Cheese",5,"Fish",4,"Duck",4,"middle",FALSE,"left",FALSE,29,TRUE,FALSE,FALSE,"middle","left",FALSE,TRUE,FALSE,"left","middle",FALSE
"639f294882a3797f77a3dd81","Ice Cream",3,"Notebook",1,"Computer",1,"right",FALSE,"left",TRUE,29,FALSE,TRUE,FALSE,"left","left",FALSE,TRUE,FALSE,"left","right",FALSE
"654bc148c95bca00d541ec33","Juice",2,"Lizard",5,"Eggs",5,"right",FALSE,"right",TRUE,29,TRUE,FALSE,FALSE,"right","left",TRUE,FALSE,FALSE,"right","right",TRUE
"5d23460ad4c57900192b129c","Pillow",4,"Chalk",3,"Camera",3,"middle",FALSE,"left",TRUE,29,FALSE,TRUE,FALSE,"left","left",FALSE,TRUE,FALSE,"left","middle",FALSE
"67673cda94b4d0cf1a6a7382","Fish",4,"Camera",4,"Tape",4,"left",FALSE,"left",FALSE,29,FALSE,FALSE,TRUE,"right","middle",TRUE,FALSE,FALSE,"left","left",FALSE
"5c4f5967aac8be0001716a65","Toilet",5,"Refrigerator",2,"Balloons",2,"middle",FALSE,"right",FALSE,29,FALSE,TRUE,FALSE,"left","left",FALSE,FALSE,TRUE,"right","middle",FALSE
"67758c9a30d6819221153393","Bear",3,"Soup",2,"Dresser",2,"left",FALSE,"right",FALSE,29,TRUE,FALSE,FALSE,"left","right",FALSE,TRUE,FALSE,"right","left",FALSE
"66b37344796f45313433abc8","Juice",4,"Toothpaste",2,"Cable",2,"left",FALSE,"left",TRUE,29,TRUE,FALSE,FALSE,"left","middle",TRUE,FALSE,FALSE,"left","left",FALSE
"632096b5574155e8727c50cc","Ladder",2,"Bread",1,"Movie",1,"middle",FALSE,"left",TRUE,29,FALSE,FALSE,TRUE,"left","right",FALSE,FALSE,TRUE,"left","middle",FALSE
"66dcc0e54f44ccecf2730c76","Hammer",4,"Lunch",4,"Feet",4,"right",FALSE,"right",FALSE,29,FALSE,FALSE,TRUE,"middle","left",TRUE,FALSE,FALSE,"right","right",TRUE
"60fac7ec133b6bf250d6d668","Hot Dog",2,"Cherry",2,"Chips",2,"middle",TRUE,"middle",TRUE,29,TRUE,FALSE,FALSE,"middle","right",TRUE,FALSE,FALSE,"middle","middle",FALSE
"5e459f61418f610891628564","Slinky",5,"Ankle",4,"Glue",4,"left",FALSE,"left",FALSE,29,FALSE,FALSE,TRUE,"middle","right",TRUE,FALSE,FALSE,"left","left",FALSE
"5e89ec793c01b3685a00bb12","Grass",2,"Toothbrush",1,"Broom",1,"middle",FALSE,"right",TRUE,29,FALSE,FALSE,TRUE,"right","left",FALSE,FALSE,TRUE,"right","middle",FALSE
"631d197eba06364cbea7fab2","Ankle",2,"Table",4,"Window",4,"right",FALSE,"left",TRUE,29,FALSE,FALSE,TRUE,"left","middle",FALSE,FALSE,TRUE,"left","right",TRUE
"61656042f505fd7fa53e8628","Hot Dog",3,"Tiger",1,"Washcloth",1,"middle",FALSE,"middle",FALSE,25,FALSE,TRUE,FALSE,"left","left",TRUE,FALSE,FALSE,"middle","middle",FALSE
"66fd3f6c93c24ecc119be354","Tiger",5,"Boat",5,"Fingers",5,"right",FALSE,"right",TRUE,29,TRUE,FALSE,FALSE,"right","left",TRUE,FALSE,FALSE,"right","right",TRUE
"5af1a4bc6e136b0001411714","Door",2,"Chalk",5,"Tissue",5,"left",FALSE,"left",FALSE,29,FALSE,TRUE,FALSE,"middle","middle",TRUE,FALSE,FALSE,"left","left",FALSE
"60ed501279c68ea1a313d0aa","Teeth",3,"Bubbles",5,"Crown",5,"left",FALSE,"left",TRUE,29,TRUE,FALSE,FALSE,"left","right",TRUE,FALSE,FALSE,"left","left",FALSE
"5bf2f728bd9f150001f6cc42","Sweater",3,"Feather",5,"Ear",5,"right",FALSE,"middle",TRUE,29,FALSE,TRUE,FALSE,"middle","middle",FALSE,TRUE,FALSE,"middle","right",FALSE
"59a734ce0c87a000017481ed","Cake",3,"Gorilla",3,"Shoes",3,"middle",FALSE,"right",TRUE,29,FALSE,TRUE,FALSE,"right","right",FALSE,TRUE,FALSE,"right","middle",FALSE
"615e420a23219efe3427a367","Stove",4,"Jump rope",5,"Bandaid",5,"left",FALSE,"middle",FALSE,29,FALSE,TRUE,FALSE,"right","right",FALSE,FALSE,TRUE,"middle","left",FALSE
"66b244a2f436437d3e109bbe","Pajamas",4,"CD",1,"Fish",1,"left",FALSE,"middle",TRUE,29,FALSE,FALSE,TRUE,"middle","right",FALSE,FALSE,TRUE,"middle","left",TRUE
"5f1b05a8703c380d1393bb27","Stove",4,"Bear",2,"Fingers",2,"middle",FALSE,"middle",FALSE,29,FALSE,FALSE,TRUE,"left","right",TRUE,FALSE,FALSE,"middle","middle",FALSE
"6684497541f835bd67a199b2","Ant",3,"Snow",5,"Pajamas",5,"right",FALSE,"right",FALSE,29,FALSE,FALSE,TRUE,"middle","left",TRUE,FALSE,FALSE,"right","right",FALSE
"5eeddefa177a7322144cbc5e","Elephant",2,"Soap",5,"Mountain",5,"right",FALSE,"left",FALSE,29,FALSE,TRUE,FALSE,"middle","middle",FALSE,FALSE,TRUE,"left","right",FALSE
"63ee9abfa262bea95766dd9c","Crackers",4,"Candle",3,"Hands",3,"right",FALSE,"right",FALSE,29,FALSE,FALSE,TRUE,"middle","left",TRUE,FALSE,FALSE,"right","right",TRUE
"66cfab152c56aa0472529001","Milk",4,"Fingernail",3,"Zebra",3,"left",FALSE,"left",TRUE,29,TRUE,FALSE,FALSE,"left","middle",TRUE,FALSE,FALSE,"left","left",TRUE
"6571fd9d691befe21fa61d18","Jacket",3,"Cable",5,"Horse",5,"middle",FALSE,"middle",TRUE,29,TRUE,FALSE,FALSE,"middle","left",TRUE,FALSE,FALSE,"middle","middle",FALSE
"66312361cf5d4099e1330532","Comb",5,"Head",2,"Hot Dog",2,"middle",FALSE,"right",TRUE,29,FALSE,TRUE,FALSE,"right","right",FALSE,TRUE,FALSE,"right","middle",FALSE
"6722ea20fb84b196f0a649b6","Turtle",4,"Baby",4,"Toilet",4,"right",FALSE,"right",TRUE,29,TRUE,FALSE,FALSE,"right","left",TRUE,FALSE,FALSE,"right","right",FALSE
"5ddce9f0f85b50c4fc1515a4","Glasses",2,"Fire",5,"Window",5,"middle",FALSE,"middle",TRUE,29,TRUE,FALSE,FALSE,"middle","right",TRUE,FALSE,FALSE,"middle","middle",FALSE
"5c3bdbf548ad2900017fac31","Rainbow",5,"Pillow",1,"Cereal",1,"left",FALSE,"left",TRUE,29,TRUE,FALSE,FALSE,"left","middle",TRUE,FALSE,FALSE,"left","left",FALSE
"6844a1b95271dfc560af4709","Bagel",3,"Dolphin",5,"Tie",5,"middle",FALSE,"right",FALSE,29,TRUE,FALSE,FALSE,"middle","left",FALSE,FALSE,TRUE,"right","middle",FALSE
"5e121701dc79bd8a1a22ca99","Arm",5,"Spoon",3,"Bathtub",3,"middle",FALSE,"left",FALSE,25,TRUE,FALSE,FALSE,"middle","left",FALSE,TRUE,FALSE,"left","middle",FALSE
"616ef680ab8ca318a227f5ec","Boat",1,"Hair",4,"Chalk",4,"right",FALSE,"middle",TRUE,29,FALSE,TRUE,FALSE,"middle","middle",FALSE,TRUE,FALSE,"middle","right",FALSE
"66d9cd06e207a93377f7820e","Pig",2,"Cable",3,"Horse",3,"right",FALSE,"right",FALSE,29,FALSE,FALSE,TRUE,"middle","left",TRUE,FALSE,FALSE,"right","right",TRUE
"5962a5b29955ee00015bce98","House",2,"Candy",1,"Teapot",1,"left",FALSE,"left",FALSE,29,FALSE,TRUE,FALSE,"middle","middle",TRUE,FALSE,FALSE,"left","left",TRUE
"641384b3dffcf39ec42d3c23","Stove",3,"Doughnut",5,"Cloud",5,"middle",FALSE,"middle",TRUE,29,TRUE,FALSE,FALSE,"middle","right",TRUE,FALSE,FALSE,"middle","middle",FALSE
"59692d61355b45000106c592","Table",2,"Toothpaste",3,"Napkin",3,"left",FALSE,"middle",TRUE,29,FALSE,TRUE,FALSE,"middle","middle",FALSE,TRUE,FALSE,"middle","left",FALSE
"5dd05d80b2204f1487f7812c","Shampoo",4,"Ladder",2,"Lion",2,"right",FALSE,"right",TRUE,29,TRUE,FALSE,FALSE,"right","middle",TRUE,FALSE,FALSE,"right","right",FALSE
"6321d9c78e8e3c04f82a0ea0","Play dough",1,"Frog",1,"Battery",1,"right",FALSE,"right",TRUE,29,TRUE,FALSE,FALSE,"right","left",TRUE,FALSE,FALSE,"right","right",FALSE
"632d189d6b8f03d0d3db4c48","Crayons",2,"Spaghetti",1,"Puzzles",1,"middle",FALSE,"left",FALSE,29,TRUE,FALSE,FALSE,"middle","right",FALSE,FALSE,TRUE,"left","middle",TRUE
"63b3377ca1ccdfc7cc567503","Taco",5,"Tie",4,"Fence",4,"middle",FALSE,"middle",FALSE,29,FALSE,FALSE,TRUE,"right","left",TRUE,FALSE,FALSE,"middle","middle",TRUE
"6678813aec86d687a654dedb","Feather",3,"Cat",5,"Barn",5,"right",FALSE,"right",TRUE,29,TRUE,FALSE,FALSE,"right","left",TRUE,FALSE,FALSE,"right","right",FALSE
"55cce6ea34e90600058d1e6d","Bowl",3,"Blocks",3,"Clown",3,"left",FALSE,"left",FALSE,29,FALSE,FALSE,TRUE,"right","middle",TRUE,FALSE,FALSE,"left","left",FALSE
"6658bba1a51a037d25bb677e","Play dough",1,"Ladder",2,"Sheep",2,"right",FALSE,"left",TRUE,29,FALSE,TRUE,FALSE,"left","left",FALSE,TRUE,FALSE,"left","right",TRUE
"60f5df9db9380d875c320307","Bathtub",2,"Wheel",5,"Broom",5,"middle",FALSE,"middle",TRUE,29,TRUE,FALSE,FALSE,"middle","left",TRUE,FALSE,FALSE,"middle","middle",FALSE
"63d5b810f3dbbd11e7e65870","Strawberries",4,"Fire",2,"Fire truck",2,"left",TRUE,"left",TRUE,29,TRUE,FALSE,FALSE,"left","middle",TRUE,FALSE,FALSE,"left","left",FALSE
"66d1fdd400acfdbc181f41e0","Chips",2,"Ring",5,"Circle",5,"left",FALSE,"middle",TRUE,29,FALSE,TRUE,FALSE,"middle","middle",FALSE,TRUE,FALSE,"middle","left",FALSE
"67b636c4ea38855cbb08ffe3","Airplane",2,"Feet",4,"Hat",4,"left",FALSE,"left",FALSE,29,FALSE,TRUE,FALSE,"middle","middle",TRUE,FALSE,FALSE,"left","left",FALSE
"5e1b795dc799223a3b447ada","CD",3,"Wheel",1,"Boots",1,"right",FALSE,"right",TRUE,29,TRUE,FALSE,FALSE,"right","left",TRUE,FALSE,FALSE,"right","right",FALSE
"5c5cad3e4ee81200018eafe2","Bike",5,"Gorilla",2,"Mountain",2,"left",FALSE,"right",FALSE,29,FALSE,TRUE,FALSE,"middle","middle",FALSE,FALSE,TRUE,"right","left",FALSE
"5bc5be2572df5f00014479f9","Stool",1,"Underwear",4,"Circle",4,"right",FALSE,"middle",TRUE,29,FALSE,FALSE,TRUE,"middle","left",FALSE,FALSE,TRUE,"middle","right",FALSE
"5f8f436e4676a71879786b95","Video Tape",2,"Owl",1,"Sofa",1,"middle",FALSE,"middle",FALSE,29,FALSE,TRUE,FALSE,"right","right",TRUE,FALSE,FALSE,"middle","middle",FALSE
"669053bbebafdd430e770142","Spiderweb",2,"Fries",5,"Bread",5,"right",FALSE,"right",TRUE,29,TRUE,FALSE,FALSE,"right","left",TRUE,FALSE,FALSE,"right","right",FALSE
"677419f93048c66d62d2bf87","Fingers",5,"Knee",3,"Swing",3,"right",FALSE,"left",TRUE,29,FALSE,FALSE,TRUE,"left","middle",FALSE,FALSE,TRUE,"left","right",FALSE
"574aff1b5bef980007af2745","Lamp",3,"Chair",5,"Underwear",5,"right",FALSE,"right",TRUE,29,TRUE,FALSE,FALSE,"right","middle",TRUE,FALSE,FALSE,"right","right",FALSE
"58404fd8ad98e40001ce915f","Eyes",5,"Sand",3,"Shoulders",3,"right",FALSE,"right",FALSE,29,FALSE,FALSE,TRUE,"middle","left",TRUE,FALSE,FALSE,"right","right",FALSE
"5de8887aa2db898017debf1a","Chips",4,"Mirror",5,"Clock",5,"middle",FALSE,"left",TRUE,29,FALSE,FALSE,TRUE,"left","right",FALSE,FALSE,TRUE,"left","middle",FALSE
"59d949cf8fd07a000184247e","Pudding",1,"Lizard",2,"Radio",2,"left",FALSE,"right",TRUE,29,FALSE,FALSE,TRUE,"right","middle",FALSE,FALSE,TRUE,"right","left",FALSE
"662945728093113a43ab8077","Cat",3,"Stool",3,"Blanket",3,"right",FALSE,"right",TRUE,29,TRUE,FALSE,FALSE,"right","left",TRUE,FALSE,FALSE,"right","right",TRUE
"676058418c08c71e4bb7cbd1","Snake",2,"Zipper",4,"Juice",4,"left",FALSE,"right",TRUE,29,FALSE,FALSE,TRUE,"right","middle",FALSE,FALSE,TRUE,"right","left",TRUE
"6643d22289210a4edf21e84d","Sticker",3,"Dolls",3,"Princess",3,"right",FALSE,"right",TRUE,29,TRUE,FALSE,FALSE,"right","middle",TRUE,FALSE,FALSE,"right","right",FALSE
"58954e2dc88c680001dd4b7e","Shampoo",4,"Cow",4,"Stamps",4,"left",FALSE,"middle",FALSE,29,FALSE,FALSE,TRUE,"right","middle",FALSE,TRUE,FALSE,"middle","left",TRUE
"5b757a03976ecb0001b1168f","Stove",5,"Ring",1,"Tissue",1,"left",FALSE,"left",TRUE,29,TRUE,FALSE,FALSE,"left","middle",TRUE,FALSE,FALSE,"left","left",FALSE
"681b781064a5701a5ceee3bc","Video Tape",3,"Magazine",4,"Ghost",4,"left",FALSE,"left",FALSE,29,FALSE,FALSE,TRUE,"right","middle",TRUE,FALSE,FALSE,"left","left",TRUE
"6716c6700f376dc7f534af9d","Net",1,"Hamburger",4,"Dolls",4,"left",FALSE,"middle",FALSE,29,FALSE,FALSE,TRUE,"right","middle",FALSE,TRUE,FALSE,"middle","left",FALSE
"671a3ac3dada5efe6d439698","Ring",5,"Tree",3,"TV",3,"right",FALSE,"right",TRUE,29,TRUE,FALSE,FALSE,"right","middle",TRUE,FALSE,FALSE,"right","right",FALSE
"676b89007874c8eace113276","Bone",2,"Stamps",1,"Puppets",1,"left",FALSE,"right",TRUE,29,FALSE,FALSE,TRUE,"right","middle",FALSE,FALSE,TRUE,"right","left",FALSE
"6825af939111d286546fdde6","Crayons",2,"Elephant",4,"Refrigerator",4,"left",FALSE,"right",FALSE,29,TRUE,FALSE,FALSE,"left","right",FALSE,TRUE,FALSE,"right","left",FALSE
"67164c92298409e37c670b3d","Knee",2,"Cloud",2,"Hands",2,"right",FALSE,"right",TRUE,29,TRUE,FALSE,FALSE,"right","left",TRUE,FALSE,FALSE,"right","right",FALSE
"682b3f63d0e2c4eff64fe664","Towels",3,"Kangaroo",2,"Microphone",2,"right",FALSE,"middle",FALSE,29,TRUE,FALSE,FALSE,"right","left",FALSE,FALSE,TRUE,"middle","right",TRUE
"5d3695969749cc00165c222f","Fish",2,"Feather",2,"Bear",2,"middle",FALSE,"right",TRUE,29,FALSE,TRUE,FALSE,"right","right",FALSE,TRUE,FALSE,"right","middle",TRUE
"664521e03117b782ed4fff45","CD",4,"Popcorn",2,"Blanket",2,"right",FALSE,"left",FALSE,29,FALSE,FALSE,TRUE,"middle","left",FALSE,TRUE,FALSE,"left","right",FALSE
"5f0db498f5e4e102c0f65b67","Clown",5,"Newspaper",2,"Ear",2,"middle",FALSE,"middle",FALSE,25,FALSE,TRUE,FALSE,"left","left",TRUE,FALSE,FALSE,"middle","middle",FALSE
"6773dea609f77d473900997a","Fingers",3,"Motorcycle",2,"Gorilla",2,"right",FALSE,"left",TRUE,29,FALSE,FALSE,TRUE,"left","middle",FALSE,FALSE,TRUE,"left","right",TRUE
"637fcee60a8378c1c3a65898","Train",3,"TV",3,"Lion",3,"right",FALSE,"right",TRUE,29,TRUE,FALSE,FALSE,"right","middle",TRUE,FALSE,FALSE,"right","right",FALSE
"63f77a5dde1ea03305e119e0","Hammer",1,"Princess",3,"Pirate",3,"middle",FALSE,"right",TRUE,29,FALSE,TRUE,FALSE,"right","right",FALSE,TRUE,FALSE,"right","middle",FALSE
"5fbf90f025a567296d943c7e","Dinosaur",5,"Box",4,"Microphone",4,"left",FALSE,"left",FALSE,29,FALSE,TRUE,FALSE,"middle","middle",TRUE,FALSE,FALSE,"left","left",FALSE
"636d6ce3fb3683ff33f9e514","Ear",1,"Tongue",1,"Grapes",1,"right",TRUE,"right",TRUE,29,TRUE,FALSE,FALSE,"right","middle",TRUE,FALSE,FALSE,"right","right",FALSE
"5af2a03697a14300017d2ba4","Bucket",5,"Tummy",3,"Rice",3,"left",FALSE,"left",TRUE,29,TRUE,FALSE,FALSE,"left","middle",TRUE,FALSE,FALSE,"left","left",FALSE
"60e3a25e8be835f754795d93","Soup",1,"Clown",1,"Oranges",1,"right",TRUE,"right",TRUE,29,TRUE,FALSE,FALSE,"right","left",TRUE,FALSE,FALSE,"right","right",TRUE
"66b5172c8f0bd3b23ce66c22","Heart",4,"Fork",3,"Lizard",3,"middle",FALSE,"middle",FALSE,30,FALSE,FALSE,TRUE,"left","right",TRUE,FALSE,FALSE,"middle","middle",FALSE
"5ba60abd9629a90001b36fdc","Notebook",4,"House",5,"Bone",5,"middle",FALSE,"middle",TRUE,30,TRUE,FALSE,FALSE,"middle","left",TRUE,FALSE,FALSE,"middle","middle",FALSE
"65dc99d0191a135ab835bf69","Chips",1,"Hamburger",3,"Cup",3,"left",FALSE,"middle",FALSE,30,FALSE,TRUE,FALSE,"right","right",FALSE,FALSE,TRUE,"middle","left",FALSE
"60fe7bf61c7567f5cca9ade6","Moon",1,"Crayons",1,"Hot Dog",1,"left",FALSE,"left",TRUE,30,TRUE,FALSE,FALSE,"left","right",TRUE,FALSE,FALSE,"left","left",TRUE
"5c9d88bb2b3c77001744ec1c","Pie",1,"Bacon",2,"Rabbit",2,"right",FALSE,"middle",TRUE,30,FALSE,TRUE,FALSE,"middle","middle",FALSE,TRUE,FALSE,"middle","right",FALSE
"5e283f576dbb560114ac7714","Camera",4,"Hot Dog",3,"Box",3,"right",FALSE,"left",TRUE,30,FALSE,TRUE,FALSE,"left","left",FALSE,TRUE,FALSE,"left","right",FALSE
"62e02b1ed5b0fbc1b1dc09e7","Fly",5,"Heart",5,"Blanket",5,"left",FALSE,"left",FALSE,30,FALSE,TRUE,FALSE,"right","right",TRUE,FALSE,FALSE,"left","left",FALSE
"5ecf9b46617a9b3dd56b3fe3","Soap",5,"Spiderweb",5,"Zipper",5,"left",FALSE,"left",TRUE,30,TRUE,FALSE,FALSE,"left","right",TRUE,FALSE,FALSE,"left","left",TRUE
"590b3401182caf0001ab5801","Cow",4,"Mirror",5,"Hanger",5,"right",FALSE,"middle",TRUE,30,FALSE,FALSE,TRUE,"middle","left",FALSE,FALSE,TRUE,"middle","right",FALSE
"65c11389b0d2ba8e63cb8b22","Frog",3,"Dog",3,"Chopsticks",3,"right",FALSE,"right",TRUE,30,TRUE,FALSE,FALSE,"right","left",TRUE,FALSE,FALSE,"right","right",FALSE
"5d15160539eeea001683830c","Pillow",3,"Clock",4,"Socks",4,"right",FALSE,"right",TRUE,30,TRUE,FALSE,FALSE,"right","left",TRUE,FALSE,FALSE,"right","right",FALSE
"6620b6a209127dafd5b2dfb9","Money",4,"Coloring Book",2,"Hair",2,"left",FALSE,"right",TRUE,30,FALSE,FALSE,TRUE,"right","middle",FALSE,FALSE,TRUE,"right","left",FALSE
"56c65a5a305eaa0005f2a634","Comb",4,"Envelope",4,"Toes",4,"right",FALSE,"middle",FALSE,30,FALSE,FALSE,TRUE,"left","middle",FALSE,TRUE,FALSE,"middle","right",FALSE
"59fb1518b47dfc0001b6659b","Turtle",3,"Shirt",4,"Stool",4,"left",FALSE,"left",TRUE,30,TRUE,FALSE,FALSE,"left","middle",TRUE,FALSE,FALSE,"left","left",FALSE
"602c0fc2eff74b4748e9b41e","Nest",4,"Moon",2,"Mouse",2,"right",FALSE,"right",TRUE,30,TRUE,FALSE,FALSE,"right","left",TRUE,FALSE,FALSE,"right","right",FALSE
"5bcc98d1db645700015222b5","Ghost",2,"Dolphin",3,"Popcorn",3,"left",FALSE,"right",TRUE,30,FALSE,TRUE,FALSE,"right","right",FALSE,TRUE,FALSE,"right","left",FALSE
"6773e6e6b205d22a2e097735","Waffle",4,"Bus",3,"Watch",3,"right",FALSE,"left",TRUE,30,FALSE,TRUE,FALSE,"left","left",FALSE,TRUE,FALSE,"left","right",FALSE
"67505c42a18c872bab88ed42","Bottle",4,"Carrots",3,"Ear",3,"middle",FALSE,"middle",TRUE,30,TRUE,FALSE,FALSE,"middle","left",TRUE,FALSE,FALSE,"middle","middle",FALSE
"62a1e021702679d27813a3e2","Square",4,"Sink",5,"Pajamas",5,"right",FALSE,"right",TRUE,30,TRUE,FALSE,FALSE,"right","left",TRUE,FALSE,FALSE,"right","right",FALSE
"639f294882a3797f77a3dd81","Camera",2,"Puzzles",4,"Toilet",4,"middle",FALSE,"middle",FALSE,30,FALSE,FALSE,TRUE,"right","left",TRUE,FALSE,FALSE,"middle","middle",FALSE
"654bc148c95bca00d541ec33","Battery",4,"Blocks",1,"Backpack",1,"middle",FALSE,"left",TRUE,30,FALSE,TRUE,FALSE,"left","left",FALSE,TRUE,FALSE,"left","middle",TRUE
"5d23460ad4c57900192b129c","Water",4,"Rock",1,"Juice",1,"right",FALSE,"right",TRUE,30,TRUE,FALSE,FALSE,"right","left",TRUE,FALSE,FALSE,"right","right",FALSE
"67673cda94b4d0cf1a6a7382","Bell",4,"CD",3,"Queen",3,"left",FALSE,"middle",FALSE,30,FALSE,FALSE,TRUE,"right","middle",FALSE,TRUE,FALSE,"middle","left",FALSE
"5c4f5967aac8be0001716a65","Door",1,"Pants",3,"Barn",3,"right",FALSE,"middle",TRUE,30,FALSE,FALSE,TRUE,"middle","left",FALSE,FALSE,TRUE,"middle","right",FALSE
"67758c9a30d6819221153393","Wing",3,"Spaghetti",1,"Bat",1,"middle",FALSE,"right",FALSE,30,FALSE,FALSE,TRUE,"left","right",FALSE,TRUE,FALSE,"right","middle",FALSE
"66b37344796f45313433abc8","Car",1,"Tree",4,"Nose",4,"left",FALSE,"middle",TRUE,30,FALSE,TRUE,FALSE,"middle","middle",FALSE,TRUE,FALSE,"middle","left",FALSE
"632096b5574155e8727c50cc","Turtle",5,"Feather",2,"Owl",2,"left",FALSE,"left",FALSE,30,FALSE,TRUE,FALSE,"right","right",TRUE,FALSE,FALSE,"left","left",FALSE
"66dcc0e54f44ccecf2730c76","Frog",5,"Fire",4,"Eggs",4,"middle",FALSE,"middle",FALSE,30,FALSE,FALSE,TRUE,"right","left",TRUE,FALSE,FALSE,"middle","middle",TRUE
"60fac7ec133b6bf250d6d668","Bubbles",5,"Hanger",2,"Bottle",2,"left",FALSE,"right",FALSE,30,FALSE,FALSE,TRUE,"middle","right",FALSE,TRUE,FALSE,"right","left",FALSE
"5e459f61418f610891628564","Crackers",1,"Tissue",1,"Suitcase",1,"left",FALSE,"right",TRUE,30,FALSE,TRUE,FALSE,"right","right",FALSE,TRUE,FALSE,"right","left",FALSE
"5e89ec793c01b3685a00bb12","Eyes",5,"Bracelet",3,"Money",3,"middle",FALSE,"left",TRUE,30,FALSE,TRUE,FALSE,"left","left",FALSE,TRUE,FALSE,"left","middle",FALSE
"631d197eba06364cbea7fab2","Shoulders",1,"Envelope",2,"Nose",2,"right",FALSE,"right",TRUE,30,TRUE,FALSE,FALSE,"right","middle",TRUE,FALSE,FALSE,"right","right",TRUE
"61656042f505fd7fa53e8628","Snow",1,"Strawberries",1,"Puzzles",1,"middle",TRUE,"middle",TRUE,26,TRUE,FALSE,FALSE,"middle","left",TRUE,FALSE,FALSE,"middle","middle",FALSE
"66fd3f6c93c24ecc119be354","Fly",5,"Tricycle",3,"Dog",3,"right",FALSE,"middle",TRUE,30,FALSE,FALSE,TRUE,"middle","left",FALSE,FALSE,TRUE,"middle","right",TRUE
"5af1a4bc6e136b0001411714","Pan",5,"Mailbox",3,"Horse",3,"left",FALSE,"left",TRUE,30,TRUE,FALSE,FALSE,"left","middle",TRUE,FALSE,FALSE,"left","left",FALSE
"60ed501279c68ea1a313d0aa","Eggs",5,"Snow",4,"Tiger",4,"middle",FALSE,"right",TRUE,30,FALSE,TRUE,FALSE,"right","right",FALSE,TRUE,FALSE,"right","middle",FALSE
"5bf2f728bd9f150001f6cc42","String",1,"Rope",5,"Camera",5,"left",FALSE,"right",TRUE,30,FALSE,FALSE,TRUE,"right","middle",FALSE,FALSE,TRUE,"right","left",FALSE
"59a734ce0c87a000017481ed","Baby",1,"Fingernail",5,"Belt",5,"middle",FALSE,"right",TRUE,30,FALSE,TRUE,FALSE,"right","right",FALSE,TRUE,FALSE,"right","middle",FALSE
"615e420a23219efe3427a367","Bananas",3,"Paper",2,"Car",2,"left",TRUE,"middle",FALSE,30,TRUE,FALSE,FALSE,"left","right",FALSE,FALSE,TRUE,"middle","left",FALSE
"66b244a2f436437d3e109bbe","Butter",2,"Flashlight",2,"Feet",2,"left",FALSE,"middle",TRUE,30,FALSE,FALSE,TRUE,"middle","right",FALSE,FALSE,TRUE,"middle","left",TRUE
"5f1b05a8703c380d1393bb27","Monkey",1,"Knee",5,"Skateboard",5,"left",FALSE,"right",TRUE,30,FALSE,TRUE,FALSE,"right","right",FALSE,TRUE,FALSE,"right","left",FALSE
"6684497541f835bd67a199b2","Monkey",3,"Bean",4,"Cookies",4,"middle",FALSE,"right",TRUE,30,FALSE,FALSE,TRUE,"right","left",FALSE,FALSE,TRUE,"right","middle",FALSE
"5eeddefa177a7322144cbc5e","Teddy Bear",5,"Fly",1,"Dog",1,"left",FALSE,"left",FALSE,30,FALSE,FALSE,TRUE,"right","middle",TRUE,FALSE,FALSE,"left","left",FALSE
"63ee9abfa262bea95766dd9c","Turtle",4,"Socks",4,"Fork",4,"right",FALSE,"right",TRUE,30,TRUE,FALSE,FALSE,"right","left",TRUE,FALSE,FALSE,"right","right",TRUE
"66cfab152c56aa0472529001","Earring",3,"Door",3,"Bridge",3,"left",FALSE,"right",TRUE,30,FALSE,FALSE,TRUE,"right","middle",FALSE,FALSE,TRUE,"right","left",TRUE
"6571fd9d691befe21fa61d18","Diaper",1,"Frog",1,"Bead",1,"middle",FALSE,"right",TRUE,30,FALSE,FALSE,TRUE,"right","left",FALSE,FALSE,TRUE,"right","middle",FALSE
"66312361cf5d4099e1330532","Fingernail",1,"Chips",4,"Tongue",4,"left",FALSE,"middle",TRUE,30,FALSE,FALSE,TRUE,"middle","right",FALSE,FALSE,TRUE,"middle","left",FALSE
"6722ea20fb84b196f0a649b6","Eyes",3,"Scissors",4,"Meat",4,"right",FALSE,"middle",TRUE,30,FALSE,FALSE,TRUE,"middle","left",FALSE,FALSE,TRUE,"middle","right",FALSE
"5ddce9f0f85b50c4fc1515a4","Triangle",3,"Eyes",3,"Lunch",3,"middle",FALSE,"right",TRUE,30,FALSE,TRUE,FALSE,"right","right",FALSE,TRUE,FALSE,"right","middle",FALSE
"5c3bdbf548ad2900017fac31","Pencil",1,"Cake",1,"Purse",1,"left",FALSE,"right",TRUE,30,FALSE,FALSE,TRUE,"right","middle",FALSE,FALSE,TRUE,"right","left",FALSE
"6844a1b95271dfc560af4709","Glove",1,"Crackers",2,"Button",2,"middle",FALSE,"left",FALSE,30,FALSE,FALSE,TRUE,"right","left",FALSE,TRUE,FALSE,"left","middle",FALSE
"5e121701dc79bd8a1a22ca99","Cat",2,"Grapes",5,"Bagel",5,"middle",TRUE,"middle",TRUE,26,TRUE,FALSE,FALSE,"middle","left",TRUE,FALSE,FALSE,"middle","middle",FALSE
"616ef680ab8ca318a227f5ec","Backpack",5,"Chair",3,"Candle",3,"right",FALSE,"left",TRUE,30,FALSE,FALSE,TRUE,"left","middle",FALSE,FALSE,TRUE,"left","right",FALSE
"66d9cd06e207a93377f7820e","Square",4,"Barn",4,"Grapes",4,"right",TRUE,"right",TRUE,30,TRUE,FALSE,FALSE,"right","left",TRUE,FALSE,FALSE,"right","right",TRUE
"5962a5b29955ee00015bce98","Sweater",1,"Sticker",1,"Battery",1,"left",FALSE,"left",TRUE,30,TRUE,FALSE,FALSE,"left","middle",TRUE,FALSE,FALSE,"left","left",TRUE
"641384b3dffcf39ec42d3c23","Rock",5,"Shovel",3,"Battery",3,"middle",FALSE,"left",FALSE,30,FALSE,TRUE,FALSE,"right","right",FALSE,FALSE,TRUE,"left","middle",FALSE
"59692d61355b45000106c592","Teapot",2,"Shoes",3,"Scooter",3,"left",FALSE,"right",FALSE,30,TRUE,FALSE,FALSE,"left","middle",FALSE,FALSE,TRUE,"right","left",FALSE
"5dd05d80b2204f1487f7812c","Chair",2,"Bagel",1,"Chalk",1,"left",FALSE,"left",FALSE,30,FALSE,FALSE,TRUE,"right","middle",TRUE,FALSE,FALSE,"left","left",FALSE
"6321d9c78e8e3c04f82a0ea0","Fingers",1,"Pot",5,"Candy",5,"middle",FALSE,"right",FALSE,30,TRUE,FALSE,FALSE,"middle","left",FALSE,FALSE,TRUE,"right","middle",FALSE
"632d189d6b8f03d0d3db4c48","Napkin",5,"Phone",1,"Bathtub",1,"middle",FALSE,"left",TRUE,30,FALSE,FALSE,TRUE,"left","right",FALSE,FALSE,TRUE,"left","middle",TRUE
"63b3377ca1ccdfc7cc567503","Spiderweb",5,"Rope",3,"Door",3,"right",FALSE,"middle",TRUE,30,FALSE,FALSE,TRUE,"middle","left",FALSE,FALSE,TRUE,"middle","right",TRUE
"6678813aec86d687a654dedb","Hanger",4,"Bridge",2,"Bacon",2,"middle",FALSE,"right",FALSE,30,FALSE,TRUE,FALSE,"left","left",FALSE,FALSE,TRUE,"right","middle",FALSE
"55cce6ea34e90600058d1e6d","Tiger",1,"Broom",5,"Vacuum",5,"right",FALSE,"middle",FALSE,30,FALSE,FALSE,TRUE,"left","middle",FALSE,TRUE,FALSE,"middle","right",FALSE
"6658bba1a51a037d25bb677e","Cupcake",4,"Toothbrush",3,"Bear",3,"right",FALSE,"left",TRUE,30,FALSE,TRUE,FALSE,"left","left",FALSE,TRUE,FALSE,"left","right",TRUE
"60f5df9db9380d875c320307","Bone",5,"Teeth",3,"Sweater",3,"middle",FALSE,"middle",TRUE,30,TRUE,FALSE,FALSE,"middle","left",TRUE,FALSE,FALSE,"middle","middle",FALSE
"63d5b810f3dbbd11e7e65870","Stairs",2,"Comb",2,"Broom",2,"right",FALSE,"right",TRUE,30,TRUE,FALSE,FALSE,"right","middle",TRUE,FALSE,FALSE,"right","right",FALSE
"66d1fdd400acfdbc181f41e0","Bean",4,"Train",4,"Squirrel",4,"right",FALSE,"middle",FALSE,30,FALSE,FALSE,TRUE,"left","middle",FALSE,TRUE,FALSE,"middle","right",FALSE
"67b636c4ea38855cbb08ffe3","Door",4,"Hanger",5,"Movie",5,"left",FALSE,"middle",FALSE,30,TRUE,FALSE,FALSE,"left","middle",FALSE,TRUE,FALSE,"middle","left",FALSE
"5e1b795dc799223a3b447ada","Candy",3,"Popcorn",2,"Table",2,"right",FALSE,"middle",FALSE,30,FALSE,TRUE,FALSE,"left","left",FALSE,FALSE,TRUE,"middle","right",FALSE
"5c5cad3e4ee81200018eafe2","Tape",4,"Duck",3,"Popcorn",3,"right",FALSE,"right",TRUE,30,TRUE,FALSE,FALSE,"right","middle",TRUE,FALSE,FALSE,"right","right",FALSE
"5bc5be2572df5f00014479f9","Bubbles",5,"Elbow",1,"Bathtub",1,"right",FALSE,"left",TRUE,30,FALSE,TRUE,FALSE,"left","left",FALSE,TRUE,FALSE,"left","right",FALSE
"5f8f436e4676a71879786b95","Cup",4,"Flashlight",4,"Sink",4,"left",FALSE,"right",FALSE,30,FALSE,FALSE,TRUE,"middle","right",FALSE,TRUE,FALSE,"right","left",FALSE
"669053bbebafdd430e770142","Soda",2,"Scooter",2,"Apples",2,"right",TRUE,"right",TRUE,30,TRUE,FALSE,FALSE,"right","left",TRUE,FALSE,FALSE,"right","right",FALSE
"677419f93048c66d62d2bf87","Cake",4,"Mountain",1,"Car",1,"right",FALSE,"left",TRUE,30,FALSE,FALSE,TRUE,"left","middle",FALSE,FALSE,TRUE,"left","right",FALSE
"574aff1b5bef980007af2745","Broom",2,"Brush",2,"Money",2,"left",FALSE,"right",TRUE,30,FALSE,FALSE,TRUE,"right","middle",FALSE,FALSE,TRUE,"right","left",FALSE
"58404fd8ad98e40001ce915f","Washcloth",3,"Pirate",1,"Bird",1,"middle",FALSE,"right",FALSE,30,FALSE,TRUE,FALSE,"left","left",FALSE,FALSE,TRUE,"right","middle",FALSE
"5de8887aa2db898017debf1a","Suitcase",4,"Shampoo",2,"Rainbow",2,"middle",FALSE,"middle",TRUE,30,TRUE,FALSE,FALSE,"middle","right",TRUE,FALSE,FALSE,"middle","middle",FALSE
"59d949cf8fd07a000184247e","Clock",2,"Bathtub",3,"Phone",3,"right",FALSE,"middle",TRUE,30,FALSE,TRUE,FALSE,"middle","middle",FALSE,TRUE,FALSE,"middle","right",FALSE
"662945728093113a43ab8077","Bug",1,"Eyes",5,"Feather",5,"middle",FALSE,"right",FALSE,30,TRUE,FALSE,FALSE,"middle","left",FALSE,FALSE,TRUE,"right","middle",TRUE
"676058418c08c71e4bb7cbd1","Eggs",5,"Bathtub",2,"Stars",2,"right",FALSE,"right",TRUE,30,TRUE,FALSE,FALSE,"right","middle",TRUE,FALSE,FALSE,"right","right",TRUE
"6643d22289210a4edf21e84d","Bacon",3,"Sunglasses",3,"Hands",3,"right",FALSE,"middle",TRUE,30,FALSE,TRUE,FALSE,"middle","middle",FALSE,TRUE,FALSE,"middle","right",FALSE
"58954e2dc88c680001dd4b7e","Mouse",3,"Bear",4,"Tricycle",4,"right",FALSE,"left",FALSE,30,TRUE,FALSE,FALSE,"right","middle",FALSE,FALSE,TRUE,"left","right",TRUE
"5b757a03976ecb0001b1168f","Hammer",2,"Microphone",2,"Tongue",2,"left",FALSE,"right",TRUE,30,FALSE,FALSE,TRUE,"right","middle",FALSE,FALSE,TRUE,"right","left",FALSE
"681b781064a5701a5ceee3bc","Lamp",1,"Phone",1,"Bucket",1,"left",FALSE,"right",FALSE,30,FALSE,TRUE,FALSE,"middle","middle",FALSE,FALSE,TRUE,"right","left",TRUE
"6716c6700f376dc7f534af9d","Bike",1,"Snake",2,"Carrots",2,"left",FALSE,"right",TRUE,30,FALSE,FALSE,TRUE,"right","middle",FALSE,FALSE,TRUE,"right","left",FALSE
"671a3ac3dada5efe6d439698","Balloons",2,"Hips",1,"Pants",1,"left",FALSE,"left",TRUE,30,TRUE,FALSE,FALSE,"left","middle",TRUE,FALSE,FALSE,"left","left",FALSE
"676b89007874c8eace113276","Bird",3,"Bag",2,"Tongue",2,"right",FALSE,"left",TRUE,30,FALSE,FALSE,TRUE,"left","middle",FALSE,FALSE,TRUE,"left","right",FALSE
"6825af939111d286546fdde6","Cow",1,"Feet",2,"Straw",2,"left",FALSE,"right",FALSE,30,FALSE,FALSE,TRUE,"middle","right",FALSE,TRUE,FALSE,"right","left",FALSE
"67164c92298409e37c670b3d","Bus",2,"Mailbox",3,"Truck",3,"right",FALSE,"right",TRUE,30,TRUE,FALSE,FALSE,"right","left",TRUE,FALSE,FALSE,"right","right",FALSE
"682b3f63d0e2c4eff64fe664","Juice",2,"Spiderweb",2,"Train",2,"middle",FALSE,"middle",FALSE,30,FALSE,FALSE,TRUE,"right","left",TRUE,FALSE,FALSE,"middle","middle",TRUE
"5d3695969749cc00165c222f","Glue",2,"Cat",2,"Cable",2,"left",FALSE,"left",TRUE,30,TRUE,FALSE,FALSE,"left","right",TRUE,FALSE,FALSE,"left","left",TRUE
"664521e03117b782ed4fff45","Chair",5,"Flower",5,"Washcloth",5,"right",FALSE,"left",FALSE,30,FALSE,FALSE,TRUE,"middle","left",FALSE,TRUE,FALSE,"left","right",FALSE
"5f0db498f5e4e102c0f65b67","Sandals",2,"Dresser",4,"Juice",4,"middle",FALSE,"middle",TRUE,26,TRUE,FALSE,FALSE,"middle","left",TRUE,FALSE,FALSE,"middle","middle",FALSE
"6773dea609f77d473900997a","Stool",3,"Mailbox",2,"Elephant",2,"right",FALSE,"right",FALSE,30,FALSE,FALSE,TRUE,"left","middle",TRUE,FALSE,FALSE,"right","right",TRUE
"637fcee60a8378c1c3a65898","Bat",2,"Bus",3,"Monkey",3,"right",FALSE,"middle",TRUE,30,FALSE,TRUE,FALSE,"middle","middle",FALSE,TRUE,FALSE,"middle","right",FALSE
"63f77a5dde1ea03305e119e0","Net",1,"Dinosaur",5,"Underwear",5,"middle",FALSE,"middle",TRUE,30,TRUE,FALSE,FALSE,"middle","right",TRUE,FALSE,FALSE,"middle","middle",FALSE
"5fbf90f025a567296d943c7e","Hammer",1,"Pie",3,"Pencil",3,"left",FALSE,"right",TRUE,30,FALSE,FALSE,TRUE,"right","middle",FALSE,FALSE,TRUE,"right","left",FALSE
"636d6ce3fb3683ff33f9e514","Flower",5,"Shirt",5,"Potatoes",5,"left",FALSE,"left",FALSE,30,FALSE,FALSE,TRUE,"right","middle",TRUE,FALSE,FALSE,"left","left",FALSE
"5af2a03697a14300017d2ba4","Snow",5,"Stove",4,"Sheep",4,"right",FALSE,"left",FALSE,30,FALSE,TRUE,FALSE,"middle","middle",FALSE,FALSE,TRUE,"left","right",FALSE
"60e3a25e8be835f754795d93","Wheel",3,"Candle",2,"Cat",2,"right",FALSE,"left",TRUE,30,FALSE,TRUE,FALSE,"left","left",FALSE,TRUE,FALSE,"left","right",TRUE
"66b5172c8f0bd3b23ce66c22","Coloring Book",4,"Sticker",4,"Square",4,"left",FALSE,"middle",FALSE,31,FALSE,TRUE,FALSE,"right","right",FALSE,FALSE,TRUE,"middle","left",FALSE
"5ba60abd9629a90001b36fdc","Pool",1,"Yogurt",3,"Cupcake",3,"middle",FALSE,"right",FALSE,31,TRUE,FALSE,FALSE,"middle","left",FALSE,FALSE,TRUE,"right","middle",FALSE
"65dc99d0191a135ab835bf69","Teddy Bear",4,"Blocks",4,"Kangaroo",4,"left",FALSE,"middle",TRUE,31,FALSE,FALSE,TRUE,"middle","right",FALSE,FALSE,TRUE,"middle","left",FALSE
"60fe7bf61c7567f5cca9ade6","Teeth",4,"Corn",4,"Bow",4,"middle",FALSE,"left",TRUE,31,FALSE,FALSE,TRUE,"left","right",FALSE,FALSE,TRUE,"left","middle",TRUE
"5c9d88bb2b3c77001744ec1c","Movie",2,"Paper",1,"Napkin",1,"left",FALSE,"right",TRUE,31,FALSE,FALSE,TRUE,"right","middle",FALSE,FALSE,TRUE,"right","left",FALSE
"5e283f576dbb560114ac7714","Coloring Book",5,"Bean",1,"Pirate",1,"right",FALSE,"middle",FALSE,31,FALSE,TRUE,FALSE,"left","left",FALSE,FALSE,TRUE,"middle","right",FALSE
"62e02b1ed5b0fbc1b1dc09e7","Eggs",2,"Cookies",2,"Nose",2,"left",FALSE,"middle",TRUE,31,FALSE,FALSE,TRUE,"middle","right",FALSE,FALSE,TRUE,"middle","left",FALSE
"5ecf9b46617a9b3dd56b3fe3","Princess",5,"Money",5,"String",5,"left",FALSE,"middle",FALSE,31,TRUE,FALSE,FALSE,"left","right",FALSE,FALSE,TRUE,"middle","left",TRUE
"590b3401182caf0001ab5801","Pretzel",3,"Keys",1,"Bridge",1,"middle",FALSE,"left",TRUE,31,FALSE,TRUE,FALSE,"left","left",FALSE,TRUE,FALSE,"left","middle",FALSE
"65c11389b0d2ba8e63cb8b22","Stairs",2,"Ghost",4,"Slinky",4,"right",FALSE,"middle",TRUE,31,FALSE,FALSE,TRUE,"middle","left",FALSE,FALSE,TRUE,"middle","right",FALSE
"5d15160539eeea001683830c","Hose",5,"Bed",5,"Fingernail",5,"right",FALSE,"middle",TRUE,31,FALSE,FALSE,TRUE,"middle","left",FALSE,FALSE,TRUE,"middle","right",FALSE
"6620b6a209127dafd5b2dfb9","Tongue",3,"Ladder",1,"Battery",1,"right",FALSE,"right",FALSE,31,FALSE,FALSE,TRUE,"left","middle",TRUE,FALSE,FALSE,"right","right",FALSE
"56c65a5a305eaa0005f2a634","Pizza",4,"Pig",1,"Bike",1,"left",FALSE,"left",FALSE,31,FALSE,FALSE,TRUE,"right","middle",TRUE,FALSE,FALSE,"left","left",FALSE
"59fb1518b47dfc0001b6659b","Tricycle",3,"Money",2,"Puzzles",2,"left",FALSE,"left",TRUE,31,TRUE,FALSE,FALSE,"left","middle",TRUE,FALSE,FALSE,"left","left",FALSE
"602c0fc2eff74b4748e9b41e","Hamburger",3,"Necklace",2,"Cereal",2,"right",FALSE,"left",TRUE,31,FALSE,TRUE,FALSE,"left","left",FALSE,TRUE,FALSE,"left","right",FALSE
"5bcc98d1db645700015222b5","House",2,"Bananas",4,"Sofa",4,"middle",TRUE,"middle",TRUE,31,TRUE,FALSE,FALSE,"middle","right",TRUE,FALSE,FALSE,"middle","middle",FALSE
"6773e6e6b205d22a2e097735","Crackers",2,"Spiderweb",2,"Books",2,"middle",FALSE,"left",FALSE,31,TRUE,FALSE,FALSE,"middle","left",FALSE,TRUE,FALSE,"left","middle",FALSE
"67505c42a18c872bab88ed42","Window",4,"Crackers",2,"Crown",2,"right",FALSE,"left",FALSE,31,TRUE,FALSE,FALSE,"right","left",FALSE,TRUE,FALSE,"left","right",FALSE
"62a1e021702679d27813a3e2","Teddy Bear",4,"Toothpaste",4,"Princess",4,"right",FALSE,"right",FALSE,31,FALSE,TRUE,FALSE,"left","left",TRUE,FALSE,FALSE,"right","right",FALSE
"639f294882a3797f77a3dd81","Sweater",2,"Toes",4,"Sheep",4,"middle",FALSE,"right",TRUE,31,FALSE,FALSE,TRUE,"right","left",FALSE,FALSE,TRUE,"right","middle",FALSE
"654bc148c95bca00d541ec33","Yogurt",1,"Glove",5,"Snake",5,"right",FALSE,"middle",TRUE,31,FALSE,FALSE,TRUE,"middle","left",FALSE,FALSE,TRUE,"middle","right",TRUE
"5d23460ad4c57900192b129c","Rabbit",3,"Chips",2,"Ghost",2,"middle",FALSE,"right",FALSE,31,TRUE,FALSE,FALSE,"middle","left",FALSE,FALSE,TRUE,"right","middle",FALSE
"67673cda94b4d0cf1a6a7382","Car",1,"Bug",2,"Grass",2,"left",FALSE,"middle",TRUE,31,FALSE,TRUE,FALSE,"middle","middle",FALSE,TRUE,FALSE,"middle","left",FALSE
"5c4f5967aac8be0001716a65","Knee",1,"Cat",1,"Jacket",1,"middle",FALSE,"right",FALSE,31,FALSE,TRUE,FALSE,"left","left",FALSE,FALSE,TRUE,"right","middle",FALSE
"67758c9a30d6819221153393","Crown",3,"Cake",3,"Mouth",3,"middle",FALSE,"left",FALSE,31,TRUE,FALSE,FALSE,"middle","right",FALSE,FALSE,TRUE,"left","middle",FALSE
"66b37344796f45313433abc8","Leaf",4,"Toilet",4,"Ankle",4,"right",FALSE,"right",TRUE,31,TRUE,FALSE,FALSE,"right","middle",TRUE,FALSE,FALSE,"right","right",FALSE
"632096b5574155e8727c50cc","Cup",5,"Octopus",5,"Hoop",5,"middle",FALSE,"middle",TRUE,31,TRUE,FALSE,FALSE,"middle","right",TRUE,FALSE,FALSE,"middle","middle",FALSE
"66dcc0e54f44ccecf2730c76","Motorcycle",5,"Shorts",4,"Fish",4,"right",FALSE,"middle",TRUE,31,FALSE,FALSE,TRUE,"middle","left",FALSE,FALSE,TRUE,"middle","right",TRUE
"60fac7ec133b6bf250d6d668","Video Tape",1,"Cloud",2,"Rain",2,"middle",FALSE,"middle",TRUE,31,TRUE,FALSE,FALSE,"middle","right",TRUE,FALSE,FALSE,"middle","middle",FALSE
"5e459f61418f610891628564","Goal",2,"Tape",3,"Snow",3,"middle",FALSE,"right",TRUE,31,FALSE,TRUE,FALSE,"right","right",FALSE,TRUE,FALSE,"right","middle",FALSE
"5e89ec793c01b3685a00bb12","Rope",4,"Rock",5,"Mouth",5,"right",FALSE,"middle",TRUE,31,FALSE,FALSE,TRUE,"middle","left",FALSE,FALSE,TRUE,"middle","right",FALSE
"631d197eba06364cbea7fab2","Elephant",1,"Boat",5,"Pen",5,"right",FALSE,"right",FALSE,31,FALSE,FALSE,TRUE,"left","middle",TRUE,FALSE,FALSE,"right","right",TRUE
"61656042f505fd7fa53e8628","Tape",2,"Ankle",1,"Backpack",1,"middle",FALSE,"middle",TRUE,27,TRUE,FALSE,FALSE,"middle","left",TRUE,FALSE,FALSE,"middle","middle",FALSE
"66fd3f6c93c24ecc119be354","Ostrich",3,"Cheese",2,"Dolphin",2,"middle",FALSE,"middle",FALSE,31,FALSE,FALSE,TRUE,"right","left",TRUE,FALSE,FALSE,"middle","middle",TRUE
"5af1a4bc6e136b0001411714","Marker",3,"Turtle",4,"Circle",4,"left",FALSE,"left",TRUE,31,TRUE,FALSE,FALSE,"left","middle",TRUE,FALSE,FALSE,"left","left",FALSE
"60ed501279c68ea1a313d0aa","Milk",2,"Fork",2,"Goal",2,"middle",FALSE,"left",TRUE,31,FALSE,FALSE,TRUE,"left","right",FALSE,FALSE,TRUE,"left","middle",FALSE
"5bf2f728bd9f150001f6cc42","House",3,"Rock",1,"Pie",1,"left",FALSE,"left",TRUE,31,TRUE,FALSE,FALSE,"left","middle",TRUE,FALSE,FALSE,"left","left",FALSE
"59a734ce0c87a000017481ed","Zipper",3,"Tricycle",2,"Movie",2,"left",FALSE,"middle",FALSE,31,TRUE,FALSE,FALSE,"left","right",FALSE,FALSE,TRUE,"middle","left",FALSE
"615e420a23219efe3427a367","Dresser",1,"Monkey",3,"Fly",3,"middle",FALSE,"left",FALSE,31,TRUE,FALSE,FALSE,"middle","right",FALSE,FALSE,TRUE,"left","middle",FALSE
"66b244a2f436437d3e109bbe","Pirate",3,"Chicken",4,"Rabbit",4,"middle",FALSE,"left",TRUE,31,FALSE,FALSE,TRUE,"left","right",FALSE,FALSE,TRUE,"left","middle",TRUE
"5f1b05a8703c380d1393bb27","Head",2,"Washcloth",5,"Horse",5,"left",FALSE,"left",TRUE,31,TRUE,FALSE,FALSE,"left","right",TRUE,FALSE,FALSE,"left","left",FALSE
"6684497541f835bd67a199b2","Cable",3,"Bucket",4,"Drum",4,"right",FALSE,"middle",TRUE,31,FALSE,FALSE,TRUE,"middle","left",FALSE,FALSE,TRUE,"middle","right",FALSE
"5eeddefa177a7322144cbc5e","Mailbox",2,"Leg",2,"Fingernail",2,"left",FALSE,"left",FALSE,31,FALSE,FALSE,TRUE,"right","middle",TRUE,FALSE,FALSE,"left","left",FALSE
"63ee9abfa262bea95766dd9c","Swimsuit",3,"Ladder",4,"Feather",4,"right",FALSE,"right",TRUE,31,TRUE,FALSE,FALSE,"right","left",TRUE,FALSE,FALSE,"right","right",TRUE
"66cfab152c56aa0472529001","Mouth",5,"Mouse",3,"Mirror",3,"right",FALSE,"left",TRUE,31,FALSE,FALSE,TRUE,"left","middle",FALSE,FALSE,TRUE,"left","right",TRUE
"6571fd9d691befe21fa61d18","Window",5,"Washcloth",1,"Umbrella",1,"middle",FALSE,"left",TRUE,31,FALSE,TRUE,FALSE,"left","left",FALSE,TRUE,FALSE,"left","middle",FALSE
"66312361cf5d4099e1330532","Goal",2,"Jump rope",4,"Blanket",4,"left",FALSE,"right",TRUE,31,FALSE,TRUE,FALSE,"right","right",FALSE,TRUE,FALSE,"right","left",FALSE
"6722ea20fb84b196f0a649b6","Ladder",1,"Paints",2,"Shovel",2,"right",FALSE,"right",TRUE,31,TRUE,FALSE,FALSE,"right","left",TRUE,FALSE,FALSE,"right","right",FALSE
"5ddce9f0f85b50c4fc1515a4","Chips",4,"Table",2,"Diaper",2,"left",FALSE,"left",TRUE,31,TRUE,FALSE,FALSE,"left","right",TRUE,FALSE,FALSE,"left","left",FALSE
"5c3bdbf548ad2900017fac31","Ice Cream",4,"Boat",5,"Head",5,"left",FALSE,"middle",TRUE,31,FALSE,TRUE,FALSE,"middle","middle",FALSE,TRUE,FALSE,"middle","left",FALSE
"6844a1b95271dfc560af4709","Toes",1,"Horse",3,"Bed",3,"middle",FALSE,"middle",TRUE,31,TRUE,FALSE,FALSE,"middle","left",TRUE,FALSE,FALSE,"middle","middle",FALSE
"5e121701dc79bd8a1a22ca99","Carrots",5,"Snow",5,"Marker",5,"middle",FALSE,"left",FALSE,27,FALSE,FALSE,TRUE,"right","left",FALSE,TRUE,FALSE,"left","middle",FALSE
"616ef680ab8ca318a227f5ec","Paints",4,"Ostrich",5,"Bracelet",5,"right",FALSE,"middle",TRUE,31,FALSE,TRUE,FALSE,"middle","middle",FALSE,TRUE,FALSE,"middle","right",FALSE
"66d9cd06e207a93377f7820e","Hat",4,"Butterfly",3,"Bee",3,"middle",FALSE,"middle",FALSE,31,FALSE,FALSE,TRUE,"right","left",TRUE,FALSE,FALSE,"middle","middle",TRUE
"5962a5b29955ee00015bce98","Shorts",4,"Newspaper",4,"Knife",4,"left",FALSE,"right",TRUE,31,FALSE,FALSE,TRUE,"right","middle",FALSE,FALSE,TRUE,"right","left",TRUE
"641384b3dffcf39ec42d3c23","Car",4,"Refrigerator",1,"Waffle",1,"middle",FALSE,"right",FALSE,31,FALSE,FALSE,TRUE,"left","right",FALSE,TRUE,FALSE,"right","middle",FALSE
"59692d61355b45000106c592","Toilet",1,"Stamps",2,"Rabbit",2,"left",FALSE,"right",TRUE,31,FALSE,FALSE,TRUE,"right","middle",FALSE,FALSE,TRUE,"right","left",FALSE
"5dd05d80b2204f1487f7812c","Crayons",5,"Bee",1,"Hose",1,"left",FALSE,"middle",FALSE,31,FALSE,FALSE,TRUE,"right","middle",FALSE,TRUE,FALSE,"middle","left",FALSE
"6321d9c78e8e3c04f82a0ea0","Pig",2,"Watch",1,"Feet",1,"right",FALSE,"right",TRUE,31,TRUE,FALSE,FALSE,"right","left",TRUE,FALSE,FALSE,"right","right",FALSE
"632d189d6b8f03d0d3db4c48","Sink",1,"Pie",5,"Dolls",5,"left",FALSE,"middle",TRUE,31,FALSE,FALSE,TRUE,"middle","right",FALSE,FALSE,TRUE,"middle","left",TRUE
"63b3377ca1ccdfc7cc567503","Bowl",4,"Bear",1,"Soap",1,"right",FALSE,"right",FALSE,31,FALSE,TRUE,FALSE,"left","left",TRUE,FALSE,FALSE,"right","right",TRUE
"6678813aec86d687a654dedb","Duck",3,"Magazine",5,"Tractor",5,"right",FALSE,"middle",FALSE,31,FALSE,TRUE,FALSE,"left","left",FALSE,FALSE,TRUE,"middle","right",FALSE
"55cce6ea34e90600058d1e6d","Hat",4,"Scissors",4,"Eggs",4,"right",FALSE,"right",TRUE,31,TRUE,FALSE,FALSE,"right","middle",TRUE,FALSE,FALSE,"right","right",FALSE
"6658bba1a51a037d25bb677e","Corn",2,"Iron",5,"Bathtub",5,"middle",FALSE,"left",TRUE,31,FALSE,TRUE,FALSE,"left","left",FALSE,TRUE,FALSE,"left","middle",TRUE
"60f5df9db9380d875c320307","Hair",3,"Balloons",4,"Rainbow",4,"middle",FALSE,"right",TRUE,31,FALSE,FALSE,TRUE,"right","left",FALSE,FALSE,TRUE,"right","middle",FALSE
"63d5b810f3dbbd11e7e65870","Arm",4,"Cheese",3,"Milk",3,"left",FALSE,"middle",FALSE,31,FALSE,FALSE,TRUE,"right","middle",FALSE,TRUE,FALSE,"middle","left",FALSE
"66d1fdd400acfdbc181f41e0","Bone",1,"TV",1,"Fly",1,"right",FALSE,"right",TRUE,31,TRUE,FALSE,FALSE,"right","middle",TRUE,FALSE,FALSE,"right","right",FALSE
"67b636c4ea38855cbb08ffe3","Ear",2,"Goal",2,"Microphone",2,"left",FALSE,"right",TRUE,31,FALSE,FALSE,TRUE,"right","middle",FALSE,FALSE,TRUE,"right","left",FALSE
"5e1b795dc799223a3b447ada","House",3,"Eyes",3,"Fries",3,"right",FALSE,"left",FALSE,31,TRUE,FALSE,FALSE,"right","left",FALSE,TRUE,FALSE,"left","right",FALSE
"5c5cad3e4ee81200018eafe2","Earring",5,"Shoes",3,"Pajamas",3,"right",FALSE,"right",TRUE,31,TRUE,FALSE,FALSE,"right","middle",TRUE,FALSE,FALSE,"right","right",FALSE
"5bc5be2572df5f00014479f9","Can",4,"Train",2,"Table",2,"middle",FALSE,"right",TRUE,31,FALSE,FALSE,TRUE,"right","left",FALSE,FALSE,TRUE,"right","middle",FALSE
"5f8f436e4676a71879786b95","Soup",4,"Clown",2,"Movie",2,"middle",FALSE,"left",TRUE,31,FALSE,FALSE,TRUE,"left","right",FALSE,FALSE,TRUE,"left","middle",FALSE
"669053bbebafdd430e770142","Flower",5,"Chalk",2,"Pants",2,"middle",FALSE,"left",TRUE,31,FALSE,TRUE,FALSE,"left","left",FALSE,TRUE,FALSE,"left","middle",FALSE
"677419f93048c66d62d2bf87","Sand",3,"Balls",4,"Bathtub",4,"left",FALSE,"middle",TRUE,31,FALSE,TRUE,FALSE,"middle","middle",FALSE,TRUE,FALSE,"middle","left",FALSE
"574aff1b5bef980007af2745","Grass",5,"Goal",4,"Radio",4,"right",FALSE,"left",FALSE,31,FALSE,TRUE,FALSE,"middle","middle",FALSE,FALSE,TRUE,"left","right",FALSE
"58404fd8ad98e40001ce915f","Blocks",1,"Dresser",4,"Bagel",4,"right",FALSE,"right",TRUE,31,TRUE,FALSE,FALSE,"right","left",TRUE,FALSE,FALSE,"right","right",FALSE
"5de8887aa2db898017debf1a","Juice",1,"Bird",3,"Backpack",3,"left",FALSE,"left",TRUE,31,TRUE,FALSE,FALSE,"left","right",TRUE,FALSE,FALSE,"left","left",FALSE
"59d949cf8fd07a000184247e","Pig",5,"Eggs",5,"Head",5,"left",FALSE,"left",TRUE,31,TRUE,FALSE,FALSE,"left","middle",TRUE,FALSE,FALSE,"left","left",FALSE
"662945728093113a43ab8077","Goal",3,"Cloud",5,"Rice",5,"right",FALSE,"middle",TRUE,31,FALSE,FALSE,TRUE,"middle","left",FALSE,FALSE,TRUE,"middle","right",TRUE
"676058418c08c71e4bb7cbd1","Pool",1,"Money",1,"Tractor",1,"left",FALSE,"right",FALSE,31,TRUE,FALSE,FALSE,"left","middle",FALSE,FALSE,TRUE,"right","left",TRUE
"6643d22289210a4edf21e84d","Motorcycle",4,"Pot",5,"Toothpaste",5,"right",FALSE,"middle",FALSE,31,FALSE,FALSE,TRUE,"left","middle",FALSE,TRUE,FALSE,"middle","right",FALSE
"58954e2dc88c680001dd4b7e","Barn",5,"Pizza",4,"Umbrella",4,"right",FALSE,"left",TRUE,31,FALSE,FALSE,TRUE,"left","middle",FALSE,FALSE,TRUE,"left","right",TRUE
"5b757a03976ecb0001b1168f","Hot Dog",1,"Chair",4,"Fries",4,"left",FALSE,"left",FALSE,31,FALSE,TRUE,FALSE,"middle","middle",TRUE,FALSE,FALSE,"left","left",FALSE
"681b781064a5701a5ceee3bc","Bananas",3,"Barn",5,"Straw",5,"left",TRUE,"left",TRUE,31,TRUE,FALSE,FALSE,"left","middle",TRUE,FALSE,FALSE,"left","left",TRUE
"6716c6700f376dc7f534af9d","Cheese",4,"Bird",3,"Owl",3,"right",FALSE,"left",TRUE,31,FALSE,FALSE,TRUE,"left","middle",FALSE,FALSE,TRUE,"left","right",FALSE
"671a3ac3dada5efe6d439698","Suitcase",2,"Shorts",4,"Lion",4,"left",FALSE,"left",FALSE,31,FALSE,FALSE,TRUE,"right","middle",TRUE,FALSE,FALSE,"left","left",FALSE
"676b89007874c8eace113276","Chicken",2,"Elbow",5,"Napkin",5,"left",FALSE,"middle",TRUE,31,FALSE,TRUE,FALSE,"middle","middle",FALSE,TRUE,FALSE,"middle","left",FALSE
"6825af939111d286546fdde6","Snow",1,"Nest",2,"Chair",2,"middle",FALSE,"middle",FALSE,31,FALSE,FALSE,TRUE,"left","right",TRUE,FALSE,FALSE,"middle","middle",FALSE
"67164c92298409e37c670b3d","Dress",3,"Pot",3,"Stars",3,"middle",FALSE,"left",FALSE,31,TRUE,FALSE,FALSE,"middle","left",FALSE,TRUE,FALSE,"left","middle",FALSE
"682b3f63d0e2c4eff64fe664","Bow",5,"Newspaper",4,"Watch",4,"right",FALSE,"middle",TRUE,31,FALSE,FALSE,TRUE,"middle","left",FALSE,FALSE,TRUE,"middle","right",TRUE
"5d3695969749cc00165c222f","Gorilla",1,"Sunglasses",3,"Waffle",3,"middle",FALSE,"right",FALSE,31,TRUE,FALSE,FALSE,"middle","right",FALSE,TRUE,FALSE,"right","middle",TRUE
"664521e03117b782ed4fff45","Purse",5,"Bug",4,"Wheel",4,"middle",FALSE,"left",TRUE,31,FALSE,TRUE,FALSE,"left","left",FALSE,TRUE,FALSE,"left","middle",FALSE
"5f0db498f5e4e102c0f65b67","Ghost",4,"Can",2,"Fries",2,"middle",FALSE,"left",TRUE,27,FALSE,TRUE,FALSE,"left","left",FALSE,TRUE,FALSE,"left","middle",FALSE
"6773dea609f77d473900997a","Books",2,"Cup",3,"Stove",3,"left",FALSE,"left",FALSE,31,FALSE,FALSE,TRUE,"right","middle",TRUE,FALSE,FALSE,"left","left",TRUE
"637fcee60a8378c1c3a65898","Circle",2,"Stamps",5,"Underwear",5,"right",FALSE,"middle",TRUE,31,FALSE,TRUE,FALSE,"middle","middle",FALSE,TRUE,FALSE,"middle","right",FALSE
"63f77a5dde1ea03305e119e0","Bracelet",5,"Wagon",5,"Video Tape",5,"left",FALSE,"left",TRUE,31,TRUE,FALSE,FALSE,"left","right",TRUE,FALSE,FALSE,"left","left",FALSE
"5fbf90f025a567296d943c7e","Chair",3,"Sheep",1,"Keys",1,"left",FALSE,"left",TRUE,31,TRUE,FALSE,FALSE,"left","middle",TRUE,FALSE,FALSE,"left","left",FALSE
"636d6ce3fb3683ff33f9e514","Hanger",5,"Bowl",5,"Ant",5,"right",FALSE,"middle",FALSE,31,FALSE,FALSE,TRUE,"left","middle",FALSE,TRUE,FALSE,"middle","right",FALSE
"5af2a03697a14300017d2ba4","Nose",4,"Net",4,"Umbrella",4,"left",FALSE,"middle",TRUE,31,FALSE,TRUE,FALSE,"middle","middle",FALSE,TRUE,FALSE,"middle","left",FALSE
"60e3a25e8be835f754795d93","Snow",2,"Puzzles",2,"Bacon",2,"middle",FALSE,"right",TRUE,31,FALSE,FALSE,TRUE,"right","left",FALSE,FALSE,TRUE,"right","middle",TRUE
"66b5172c8f0bd3b23ce66c22","Feet",2,"Sandals",3,"Scissors",3,"middle",FALSE,"right",FALSE,32,FALSE,FALSE,TRUE,"left","right",FALSE,TRUE,FALSE,"right","middle",FALSE
"5ba60abd9629a90001b36fdc","Baby",5,"Straw",3,"Knife",3,"middle",FALSE,"right",TRUE,32,FALSE,FALSE,TRUE,"right","left",FALSE,FALSE,TRUE,"right","middle",FALSE
"65dc99d0191a135ab835bf69","Pants",5,"Pretzel",3,"Belt",3,"middle",FALSE,"left",TRUE,32,FALSE,FALSE,TRUE,"left","right",FALSE,FALSE,TRUE,"left","middle",FALSE
"60fe7bf61c7567f5cca9ade6","Table",1,"Dolls",2,"Sandwich",2,"middle",FALSE,"left",TRUE,32,FALSE,FALSE,TRUE,"left","right",FALSE,FALSE,TRUE,"left","middle",TRUE
"5c9d88bb2b3c77001744ec1c","Mouth",2,"Chopsticks",3,"Clown",3,"left",FALSE,"middle",FALSE,32,FALSE,FALSE,TRUE,"right","middle",FALSE,TRUE,FALSE,"middle","left",FALSE
"5e283f576dbb560114ac7714","Tongue",1,"Paints",1,"Purse",1,"middle",FALSE,"right",TRUE,32,FALSE,FALSE,TRUE,"right","left",FALSE,FALSE,TRUE,"right","middle",FALSE
"62e02b1ed5b0fbc1b1dc09e7","Curtain",1,"Swing",1,"Car",1,"left",FALSE,"right",FALSE,32,FALSE,FALSE,TRUE,"middle","right",FALSE,TRUE,FALSE,"right","left",FALSE
"5ecf9b46617a9b3dd56b3fe3","Suitcase",2,"Skateboard",5,"Lizard",5,"middle",FALSE,"middle",FALSE,32,FALSE,FALSE,TRUE,"left","right",TRUE,FALSE,FALSE,"middle","middle",TRUE
"590b3401182caf0001ab5801","Napkin",1,"Head",3,"Scissors",3,"right",FALSE,"right",TRUE,32,TRUE,FALSE,FALSE,"right","left",TRUE,FALSE,FALSE,"right","right",FALSE
"65c11389b0d2ba8e63cb8b22","Yogurt",4,"Chalk",2,"Feet",2,"middle",FALSE,"left",TRUE,32,FALSE,TRUE,FALSE,"left","left",FALSE,TRUE,FALSE,"left","middle",FALSE
"5d15160539eeea001683830c","Hoop",5,"Cup",1,"Goal",1,"right",FALSE,"left",TRUE,32,FALSE,TRUE,FALSE,"left","left",FALSE,TRUE,FALSE,"left","right",FALSE
"6620b6a209127dafd5b2dfb9","Washcloth",1,"Hoop",3,"Bow",3,"right",FALSE,"middle",TRUE,32,FALSE,TRUE,FALSE,"middle","middle",FALSE,TRUE,FALSE,"middle","right",FALSE
"56c65a5a305eaa0005f2a634","Door",4,"Spoon",1,"Radio",1,"left",FALSE,"right",TRUE,32,FALSE,FALSE,TRUE,"right","middle",FALSE,FALSE,TRUE,"right","left",FALSE
"59fb1518b47dfc0001b6659b","Pizza",2,"Teddy Bear",2,"Ladder",2,"right",FALSE,"right",FALSE,32,FALSE,FALSE,TRUE,"left","middle",TRUE,FALSE,FALSE,"right","right",FALSE
"602c0fc2eff74b4748e9b41e","Yo-yo",3,"Keys",3,"Hanger",3,"middle",FALSE,"middle",FALSE,32,FALSE,FALSE,TRUE,"right","left",TRUE,FALSE,FALSE,"middle","middle",FALSE
"5bcc98d1db645700015222b5","Phone",1,"Stick",2,"Glove",2,"left",FALSE,"left",FALSE,32,FALSE,TRUE,FALSE,"right","right",TRUE,FALSE,FALSE,"left","left",FALSE
"6773e6e6b205d22a2e097735","Nest",1,"Teddy Bear",3,"Wing",3,"middle",FALSE,"middle",FALSE,32,FALSE,FALSE,TRUE,"right","left",TRUE,FALSE,FALSE,"middle","middle",FALSE
"67505c42a18c872bab88ed42","Toothpaste",2,"Meat",5,"Stool",5,"right",FALSE,"middle",TRUE,32,FALSE,FALSE,TRUE,"middle","left",FALSE,FALSE,TRUE,"middle","right",FALSE
"62a1e021702679d27813a3e2","Doughnut",3,"Dolls",4,"Yogurt",4,"middle",FALSE,"left",FALSE,32,FALSE,FALSE,TRUE,"right","left",FALSE,TRUE,FALSE,"left","middle",FALSE
"639f294882a3797f77a3dd81","Paints",5,"Soda",3,"Whistle",3,"middle",FALSE,"left",TRUE,32,FALSE,TRUE,FALSE,"left","left",FALSE,TRUE,FALSE,"left","middle",FALSE
"654bc148c95bca00d541ec33","Pirate",5,"Carrots",2,"Sun",2,"right",FALSE,"left",TRUE,32,FALSE,TRUE,FALSE,"left","left",FALSE,TRUE,FALSE,"left","right",TRUE
"5d23460ad4c57900192b129c","Moon",1,"Dress",1,"Suitcase",1,"right",FALSE,"right",TRUE,32,TRUE,FALSE,FALSE,"right","left",TRUE,FALSE,FALSE,"right","right",FALSE
"67673cda94b4d0cf1a6a7382","Triangle",2,"Books",3,"Doughnut",3,"left",FALSE,"right",TRUE,32,FALSE,FALSE,TRUE,"right","middle",FALSE,FALSE,TRUE,"right","left",FALSE
"5c4f5967aac8be0001716a65","Ankle",4,"Feather",3,"Shampoo",3,"right",FALSE,"right",TRUE,32,TRUE,FALSE,FALSE,"right","left",TRUE,FALSE,FALSE,"right","right",FALSE
"67758c9a30d6819221153393","Camera",5,"Leaf",1,"Skateboard",1,"left",FALSE,"left",FALSE,32,FALSE,FALSE,TRUE,"middle","right",TRUE,FALSE,FALSE,"left","left",FALSE
"66b37344796f45313433abc8","Strawberries",2,"Octopus",5,"Bed",5,"left",TRUE,"left",TRUE,32,TRUE,FALSE,FALSE,"left","middle",TRUE,FALSE,FALSE,"left","left",FALSE
"632096b5574155e8727c50cc","Wheel",4,"Juice",1,"Candy",1,"left",FALSE,"right",TRUE,32,FALSE,TRUE,FALSE,"right","right",FALSE,TRUE,FALSE,"right","left",FALSE
"66dcc0e54f44ccecf2730c76","Pencil",1,"Can",1,"Apples",1,"right",TRUE,"right",FALSE,32,FALSE,FALSE,TRUE,"middle","left",TRUE,FALSE,FALSE,"right","right",TRUE
"60fac7ec133b6bf250d6d668","Cupcake",1,"Fork",2,"Crackers",2,"middle",FALSE,"right",FALSE,32,TRUE,FALSE,FALSE,"middle","right",FALSE,TRUE,FALSE,"right","middle",FALSE
"5e459f61418f610891628564","Underwear",1,"Arm",2,"Bridge",2,"middle",FALSE,"right",TRUE,32,FALSE,TRUE,FALSE,"right","right",FALSE,TRUE,FALSE,"right","middle",FALSE
"5e89ec793c01b3685a00bb12","Sunglasses",3,"Blocks",2,"Whistle",2,"right",FALSE,"left",FALSE,32,TRUE,FALSE,FALSE,"right","left",FALSE,TRUE,FALSE,"left","right",FALSE
"631d197eba06364cbea7fab2","Pear",2,"Train",3,"Spider",3,"left",TRUE,"left",TRUE,32,TRUE,FALSE,FALSE,"left","middle",TRUE,FALSE,FALSE,"left","left",TRUE
"61656042f505fd7fa53e8628","Spiderweb",4,"Butterfly",5,"Tummy",5,"middle",FALSE,"middle",TRUE,28,TRUE,FALSE,FALSE,"middle","left",TRUE,FALSE,FALSE,"middle","middle",FALSE
"66fd3f6c93c24ecc119be354","Sand",1,"Dolls",2,"Curtain",2,"middle",FALSE,"right",FALSE,32,TRUE,FALSE,FALSE,"middle","left",FALSE,FALSE,TRUE,"right","middle",TRUE
"5af1a4bc6e136b0001411714","Vacuum",1,"Bucket",1,"Radio",1,"right",FALSE,"left",TRUE,32,FALSE,FALSE,TRUE,"left","middle",FALSE,FALSE,TRUE,"left","right",FALSE
"60ed501279c68ea1a313d0aa","Bike",4,"CD",1,"Spoon",1,"middle",FALSE,"middle",TRUE,32,TRUE,FALSE,FALSE,"middle","right",TRUE,FALSE,FALSE,"middle","middle",FALSE
"5bf2f728bd9f150001f6cc42","Waffle",4,"Nest",2,"Carrots",2,"left",FALSE,"right",TRUE,32,FALSE,FALSE,TRUE,"right","middle",FALSE,FALSE,TRUE,"right","left",FALSE
"59a734ce0c87a000017481ed","Train",2,"Suitcase",2,"Camera",2,"left",FALSE,"middle",TRUE,32,FALSE,FALSE,TRUE,"middle","right",FALSE,FALSE,TRUE,"middle","left",FALSE
"615e420a23219efe3427a367","Newspaper",5,"Lizard",1,"Baby",1,"middle",FALSE,"right",FALSE,32,FALSE,FALSE,TRUE,"left","right",FALSE,TRUE,FALSE,"right","middle",FALSE
"66b244a2f436437d3e109bbe","Fire truck",2,"Oranges",5,"Lunch",5,"middle",TRUE,"left",TRUE,32,FALSE,FALSE,TRUE,"left","right",FALSE,FALSE,TRUE,"left","middle",TRUE
"5f1b05a8703c380d1393bb27","Stamps",1,"Soup",1,"Spiderweb",1,"middle",FALSE,"middle",TRUE,32,TRUE,FALSE,FALSE,"middle","right",TRUE,FALSE,FALSE,"middle","middle",FALSE
"6684497541f835bd67a199b2","Toothbrush",5,"Bandaid",2,"Purse",2,"right",FALSE,"right",TRUE,32,TRUE,FALSE,FALSE,"right","left",TRUE,FALSE,FALSE,"right","right",FALSE
"5eeddefa177a7322144cbc5e","Knife",5,"Spiderweb",1,"House",1,"left",FALSE,"middle",FALSE,32,TRUE,FALSE,FALSE,"left","middle",FALSE,TRUE,FALSE,"middle","left",FALSE
"63ee9abfa262bea95766dd9c","Fly",4,"Shampoo",4,"Bag",4,"middle",FALSE,"middle",TRUE,32,TRUE,FALSE,FALSE,"middle","left",TRUE,FALSE,FALSE,"middle","middle",TRUE
"66cfab152c56aa0472529001","Tractor",2,"Notebook",5,"Car",5,"left",FALSE,"right",TRUE,32,FALSE,FALSE,TRUE,"right","middle",FALSE,FALSE,TRUE,"right","left",TRUE
"6571fd9d691befe21fa61d18","Ankle",2,"Table",3,"Fire",3,"right",FALSE,"right",TRUE,32,TRUE,FALSE,FALSE,"right","left",TRUE,FALSE,FALSE,"right","right",FALSE
"66312361cf5d4099e1330532","Puppets",4,"Bracelet",1,"Hands",1,"left",FALSE,"left",FALSE,32,FALSE,TRUE,FALSE,"right","right",TRUE,FALSE,FALSE,"left","left",FALSE
"6722ea20fb84b196f0a649b6","Candy",3,"Mirror",1,"Tie",1,"middle",FALSE,"left",TRUE,32,FALSE,TRUE,FALSE,"left","left",FALSE,TRUE,FALSE,"left","middle",FALSE
"5ddce9f0f85b50c4fc1515a4","Taco",5,"Umbrella",1,"Shovel",1,"left",FALSE,"left",TRUE,32,TRUE,FALSE,FALSE,"left","right",TRUE,FALSE,FALSE,"left","left",FALSE
"5c3bdbf548ad2900017fac31","Hose",3,"Leaf",4,"Crown",4,"left",FALSE,"middle",TRUE,32,FALSE,TRUE,FALSE,"middle","middle",FALSE,TRUE,FALSE,"middle","left",FALSE
"6844a1b95271dfc560af4709","Clock",3,"Leg",5,"Magazine",5,"middle",FALSE,"right",FALSE,32,TRUE,FALSE,FALSE,"middle","left",FALSE,FALSE,TRUE,"right","middle",FALSE
"5e121701dc79bd8a1a22ca99","Vacuum",4,"Chicken",5,"Spaghetti",5,"middle",FALSE,"left",TRUE,28,FALSE,TRUE,FALSE,"left","left",FALSE,TRUE,FALSE,"left","middle",FALSE
"616ef680ab8ca318a227f5ec","Hands",1,"Pen",4,"House",4,"left",FALSE,"left",FALSE,32,FALSE,FALSE,TRUE,"right","middle",TRUE,FALSE,FALSE,"left","left",FALSE
"66d9cd06e207a93377f7820e","Spoon",2,"Ring",1,"Balls",1,"middle",FALSE,"right",TRUE,32,FALSE,FALSE,TRUE,"right","left",FALSE,FALSE,TRUE,"right","middle",TRUE
"5962a5b29955ee00015bce98","Crackers",5,"Tie",2,"Boots",2,"right",FALSE,"left",TRUE,32,FALSE,FALSE,TRUE,"left","middle",FALSE,FALSE,TRUE,"left","right",TRUE
"641384b3dffcf39ec42d3c23","Feet",2,"Pie",4,"Pen",4,"middle",FALSE,"middle",TRUE,32,TRUE,FALSE,FALSE,"middle","right",TRUE,FALSE,FALSE,"middle","middle",FALSE
"59692d61355b45000106c592","Envelope",4,"Corn",2,"Cheese",2,"right",FALSE,"right",FALSE,32,FALSE,FALSE,TRUE,"left","middle",TRUE,FALSE,FALSE,"right","right",FALSE
"5dd05d80b2204f1487f7812c","Knee",4,"Sunglasses",2,"Hips",2,"left",FALSE,"left",FALSE,32,FALSE,FALSE,TRUE,"right","middle",TRUE,FALSE,FALSE,"left","left",FALSE
"6321d9c78e8e3c04f82a0ea0","Peas",4,"Jacket",1,"Refrigerator",1,"middle",FALSE,"left",FALSE,32,FALSE,FALSE,TRUE,"right","left",FALSE,TRUE,FALSE,"left","middle",FALSE
"632d189d6b8f03d0d3db4c48","Window",5,"Grapes",4,"Tongue",4,"middle",TRUE,"middle",TRUE,32,TRUE,FALSE,FALSE,"middle","right",TRUE,FALSE,FALSE,"middle","middle",TRUE
"63b3377ca1ccdfc7cc567503","Gorilla",5,"Bracelet",2,"Snake",2,"middle",FALSE,"middle",TRUE,32,TRUE,FALSE,FALSE,"middle","left",TRUE,FALSE,FALSE,"middle","middle",TRUE
"6678813aec86d687a654dedb","Sunglasses",3,"Juice",3,"Potatoes",3,"middle",FALSE,"middle",TRUE,32,TRUE,FALSE,FALSE,"middle","left",TRUE,FALSE,FALSE,"middle","middle",FALSE
"55cce6ea34e90600058d1e6d","Fence",2,"Crayons",3,"Shoes",3,"left",FALSE,"middle",TRUE,32,FALSE,TRUE,FALSE,"middle","middle",FALSE,TRUE,FALSE,"middle","left",FALSE
"6658bba1a51a037d25bb677e","Hands",1,"Owl",5,"Hips",5,"right",FALSE,"left",FALSE,32,FALSE,FALSE,TRUE,"middle","left",FALSE,TRUE,FALSE,"left","right",TRUE
"60f5df9db9380d875c320307","Paper",5,"Water",4,"Bat",4,"middle",FALSE,"middle",FALSE,32,FALSE,FALSE,TRUE,"right","left",TRUE,FALSE,FALSE,"middle","middle",FALSE
"63d5b810f3dbbd11e7e65870","TV",5,"Chicken",1,"Train",1,"right",FALSE,"left",FALSE,32,FALSE,TRUE,FALSE,"middle","middle",FALSE,FALSE,TRUE,"left","right",FALSE
"66d1fdd400acfdbc181f41e0","Owl",1,"Jump rope",4,"Tree",4,"left",FALSE,"middle",FALSE,32,TRUE,FALSE,FALSE,"left","middle",FALSE,TRUE,FALSE,"middle","left",FALSE
"67b636c4ea38855cbb08ffe3","Glue",4,"Watch",1,"Wing",1,"right",FALSE,"right",TRUE,32,TRUE,FALSE,FALSE,"right","middle",TRUE,FALSE,FALSE,"right","right",FALSE
"5e1b795dc799223a3b447ada","Sunglasses",4,"Washcloth",1,"Straw",1,"middle",FALSE,"left",TRUE,32,FALSE,TRUE,FALSE,"left","left",FALSE,TRUE,FALSE,"left","middle",FALSE
"5c5cad3e4ee81200018eafe2","Crackers",2,"Glasses",4,"Horse",4,"right",FALSE,"right",TRUE,32,TRUE,FALSE,FALSE,"right","middle",TRUE,FALSE,FALSE,"right","right",FALSE
"5bc5be2572df5f00014479f9","Nest",1,"Ring",1,"Microphone",1,"right",FALSE,"middle",TRUE,32,FALSE,FALSE,TRUE,"middle","left",FALSE,FALSE,TRUE,"middle","right",FALSE
"5f8f436e4676a71879786b95","Chalk",5,"Airplane",3,"Dresser",3,"left",FALSE,"left",TRUE,32,TRUE,FALSE,FALSE,"left","right",TRUE,FALSE,FALSE,"left","left",FALSE
"669053bbebafdd430e770142","Skateboard",4,"Bucket",2,"Owl",2,"middle",FALSE,"middle",FALSE,32,FALSE,FALSE,TRUE,"right","left",TRUE,FALSE,FALSE,"middle","middle",FALSE
"677419f93048c66d62d2bf87","Clock",3,"Chips",3,"Play dough",3,"left",FALSE,"middle",TRUE,32,FALSE,TRUE,FALSE,"middle","middle",FALSE,TRUE,FALSE,"middle","left",FALSE
"574aff1b5bef980007af2745","Pants",3,"Marker",4,"Queen",4,"right",FALSE,"right",FALSE,32,FALSE,FALSE,TRUE,"left","middle",TRUE,FALSE,FALSE,"right","right",FALSE
"58404fd8ad98e40001ce915f","Table",1,"Ant",2,"Tie",2,"right",FALSE,"right",FALSE,32,FALSE,FALSE,TRUE,"middle","left",TRUE,FALSE,FALSE,"right","right",FALSE
"5de8887aa2db898017debf1a","Teeth",4,"Bandaid",4,"Lunch",4,"left",FALSE,"right",TRUE,32,FALSE,TRUE,FALSE,"right","right",FALSE,TRUE,FALSE,"right","left",FALSE
"59d949cf8fd07a000184247e","Chalk",2,"Fish",1,"Bead",1,"right",FALSE,"left",FALSE,32,FALSE,TRUE,FALSE,"middle","middle",FALSE,FALSE,TRUE,"left","right",FALSE
"662945728093113a43ab8077","Teeth",4,"Swimsuit",5,"Leg",5,"right",FALSE,"right",FALSE,32,FALSE,FALSE,TRUE,"middle","left",TRUE,FALSE,FALSE,"right","right",TRUE
"676058418c08c71e4bb7cbd1","Slide",4,"Net",3,"Fire",3,"right",FALSE,"left",FALSE,32,TRUE,FALSE,FALSE,"right","middle",FALSE,FALSE,TRUE,"left","right",TRUE
"6643d22289210a4edf21e84d","Glue",5,"Bathtub",4,"Baby",4,"left",FALSE,"middle",FALSE,32,TRUE,FALSE,FALSE,"left","middle",FALSE,TRUE,FALSE,"middle","left",FALSE
"58954e2dc88c680001dd4b7e","Leaf",3,"Sink",3,"Glove",3,"right",FALSE,"right",TRUE,32,TRUE,FALSE,FALSE,"right","middle",TRUE,FALSE,FALSE,"right","right",TRUE
"5b757a03976ecb0001b1168f","Head",5,"Sink",2,"Fish",2,"right",FALSE,"left",TRUE,32,FALSE,FALSE,TRUE,"left","middle",FALSE,FALSE,TRUE,"left","right",FALSE
"681b781064a5701a5ceee3bc","Jump rope",4,"Glasses",5,"Stick",5,"left",FALSE,"left",FALSE,32,FALSE,TRUE,FALSE,"middle","middle",TRUE,FALSE,FALSE,"left","left",TRUE
"6716c6700f376dc7f534af9d","Popsicle",5,"Square",3,"Sand",3,"right",FALSE,"left",TRUE,32,FALSE,FALSE,TRUE,"left","middle",FALSE,FALSE,TRUE,"left","right",FALSE
"671a3ac3dada5efe6d439698","Cherry",5,"Shoulders",4,"Lizard",4,"left",TRUE,"left",TRUE,32,TRUE,FALSE,FALSE,"left","middle",TRUE,FALSE,FALSE,"left","left",FALSE
"676b89007874c8eace113276","Pear",4,"Spoon",4,"Video Tape",4,"left",TRUE,"left",TRUE,32,TRUE,FALSE,FALSE,"left","middle",TRUE,FALSE,FALSE,"left","left",FALSE
"6825af939111d286546fdde6","Bead",1,"Chalk",5,"Zebra",5,"middle",FALSE,"left",TRUE,32,FALSE,FALSE,TRUE,"left","right",FALSE,FALSE,TRUE,"left","middle",FALSE
"67164c92298409e37c670b3d","Stick",4,"Bottle",2,"Hanger",2,"middle",FALSE,"left",TRUE,32,FALSE,TRUE,FALSE,"left","left",FALSE,TRUE,FALSE,"left","middle",FALSE
"682b3f63d0e2c4eff64fe664","Tongue",2,"Carrots",1,"Dolphin",1,"right",FALSE,"middle",TRUE,32,FALSE,FALSE,TRUE,"middle","left",FALSE,FALSE,TRUE,"middle","right",TRUE
"5d3695969749cc00165c222f","Car",2,"Pretzel",4,"Spoon",4,"middle",FALSE,"right",TRUE,32,FALSE,TRUE,FALSE,"right","right",FALSE,TRUE,FALSE,"right","middle",TRUE
"664521e03117b782ed4fff45","Motorcycle",3,"Newspaper",2,"Backpack",2,"middle",FALSE,"left",FALSE,32,FALSE,FALSE,TRUE,"right","left",FALSE,TRUE,FALSE,"left","middle",FALSE
"5f0db498f5e4e102c0f65b67","Kangaroo",3,"Leg",2,"Taco",2,"middle",FALSE,"left",FALSE,28,FALSE,FALSE,TRUE,"right","left",FALSE,TRUE,FALSE,"left","middle",FALSE
"6773dea609f77d473900997a","Mouse",2,"Hair",5,"Wheel",5,"right",FALSE,"middle",TRUE,32,FALSE,TRUE,FALSE,"middle","middle",FALSE,TRUE,FALSE,"middle","right",TRUE
"637fcee60a8378c1c3a65898","Ring",1,"Hat",5,"Chicken",5,"right",FALSE,"middle",TRUE,32,FALSE,TRUE,FALSE,"middle","middle",FALSE,TRUE,FALSE,"middle","right",FALSE
"63f77a5dde1ea03305e119e0","Motorcycle",2,"Heart",1,"Tongue",1,"middle",FALSE,"middle",TRUE,32,TRUE,FALSE,FALSE,"middle","right",TRUE,FALSE,FALSE,"middle","middle",FALSE
"5fbf90f025a567296d943c7e","Battery",5,"Butter",1,"Yo-yo",1,"right",FALSE,"left",TRUE,32,FALSE,FALSE,TRUE,"left","middle",FALSE,FALSE,TRUE,"left","right",FALSE
"636d6ce3fb3683ff33f9e514","Swing",4,"Shovel",3,"Fingernail",3,"right",FALSE,"left",FALSE,32,FALSE,TRUE,FALSE,"middle","middle",FALSE,FALSE,TRUE,"left","right",FALSE
"5af2a03697a14300017d2ba4","Newspaper",1,"Stool",4,"Pig",4,"right",FALSE,"middle",TRUE,32,FALSE,TRUE,FALSE,"middle","middle",FALSE,TRUE,FALSE,"middle","right",FALSE
"60e3a25e8be835f754795d93","Glue",1,"Pool",4,"Pot",4,"right",FALSE,"middle",TRUE,32,FALSE,FALSE,TRUE,"middle","left",FALSE,FALSE,TRUE,"middle","right",TRUE
"66b5172c8f0bd3b23ce66c22","Elbow",5,"Sand",2,"Bed",2,"middle",FALSE,"middle",TRUE,33,TRUE,FALSE,FALSE,"middle","right",TRUE,FALSE,FALSE,"middle","middle",FALSE
"5ba60abd9629a90001b36fdc","Butter",3,"Rabbit",1,"Pencil",1,"right",FALSE,"left",TRUE,33,FALSE,TRUE,FALSE,"left","left",FALSE,TRUE,FALSE,"left","right",FALSE
"65dc99d0191a135ab835bf69","Shirt",3,"Balloons",2,"Puzzles",2,"middle",FALSE,"left",TRUE,33,FALSE,FALSE,TRUE,"left","right",FALSE,FALSE,TRUE,"left","middle",FALSE
"60fe7bf61c7567f5cca9ade6","Bacon",2,"Toes",1,"Napkin",1,"left",FALSE,"left",TRUE,33,TRUE,FALSE,FALSE,"left","right",TRUE,FALSE,FALSE,"left","left",TRUE
"5c9d88bb2b3c77001744ec1c","Butterfly",3,"Moon",4,"Hose",4,"left",FALSE,"left",TRUE,33,TRUE,FALSE,FALSE,"left","middle",TRUE,FALSE,FALSE,"left","left",FALSE
"5e283f576dbb560114ac7714","Curtain",4,"Bird",1,"Microphone",1,"right",FALSE,"middle",FALSE,33,FALSE,TRUE,FALSE,"left","left",FALSE,FALSE,TRUE,"middle","right",FALSE
"62e02b1ed5b0fbc1b1dc09e7","Necklace",5,"Bottle",5,"Rope",5,"left",FALSE,"left",TRUE,33,TRUE,FALSE,FALSE,"left","right",TRUE,FALSE,FALSE,"left","left",FALSE
"5ecf9b46617a9b3dd56b3fe3","Swing",2,"Phone",2,"Grass",2,"left",FALSE,"middle",TRUE,33,FALSE,FALSE,TRUE,"middle","right",FALSE,FALSE,TRUE,"middle","left",TRUE
"590b3401182caf0001ab5801","Hot Dog",4,"Goal",3,"Scooter",3,"right",FALSE,"middle",TRUE,33,FALSE,FALSE,TRUE,"middle","left",FALSE,FALSE,TRUE,"middle","right",FALSE
"65c11389b0d2ba8e63cb8b22","Glove",1,"Net",5,"House",5,"right",FALSE,"right",TRUE,33,TRUE,FALSE,FALSE,"right","left",TRUE,FALSE,FALSE,"right","right",FALSE
"5d15160539eeea001683830c","Queen",4,"Drum",2,"Pirate",2,"right",FALSE,"left",TRUE,33,FALSE,TRUE,FALSE,"left","left",FALSE,TRUE,FALSE,"left","right",FALSE
"6620b6a209127dafd5b2dfb9","Heart",3,"Sweater",1,"Window",1,"right",FALSE,"right",TRUE,33,TRUE,FALSE,FALSE,"right","middle",TRUE,FALSE,FALSE,"right","right",FALSE
"56c65a5a305eaa0005f2a634","Puppets",1,"Cereal",3,"Bucket",3,"left",FALSE,"right",TRUE,33,FALSE,FALSE,TRUE,"right","middle",FALSE,FALSE,TRUE,"right","left",FALSE
"59fb1518b47dfc0001b6659b","Juice",2,"Sandwich",5,"Shoes",5,"left",FALSE,"left",TRUE,33,TRUE,FALSE,FALSE,"left","middle",TRUE,FALSE,FALSE,"left","left",FALSE
"602c0fc2eff74b4748e9b41e","Spiderweb",3,"Boots",3,"Ostrich",3,"right",FALSE,"middle",FALSE,33,FALSE,TRUE,FALSE,"left","left",FALSE,FALSE,TRUE,"middle","right",FALSE
"5bcc98d1db645700015222b5","Toothpaste",1,"Teddy Bear",4,"Princess",4,"left",FALSE,"middle",TRUE,33,FALSE,FALSE,TRUE,"middle","right",FALSE,FALSE,TRUE,"middle","left",FALSE
"6773e6e6b205d22a2e097735","Fish",1,"Toothbrush",4,"Helicopter",4,"right",FALSE,"middle",TRUE,33,FALSE,FALSE,TRUE,"middle","left",FALSE,FALSE,TRUE,"middle","right",FALSE
"67505c42a18c872bab88ed42","Pancakes",4,"Oranges",5,"Crayons",5,"middle",TRUE,"middle",TRUE,33,TRUE,FALSE,FALSE,"middle","left",TRUE,FALSE,FALSE,"middle","middle",FALSE
"62a1e021702679d27813a3e2","Gorilla",1,"Eggs",1,"Pan",1,"middle",FALSE,"right",TRUE,33,FALSE,FALSE,TRUE,"right","left",FALSE,FALSE,TRUE,"right","middle",FALSE
"639f294882a3797f77a3dd81","Heart",1,"Pudding",1,"Leg",1,"middle",FALSE,"middle",FALSE,33,FALSE,TRUE,FALSE,"left","left",TRUE,FALSE,FALSE,"middle","middle",FALSE
"654bc148c95bca00d541ec33","Boots",3,"Cloud",2,"Zebra",2,"right",FALSE,"left",TRUE,33,FALSE,TRUE,FALSE,"left","left",FALSE,TRUE,FALSE,"left","right",TRUE
"5d23460ad4c57900192b129c","Lizard",5,"Coloring Book",4,"Paints",4,"middle",FALSE,"left",FALSE,33,TRUE,FALSE,FALSE,"middle","left",FALSE,TRUE,FALSE,"left","middle",FALSE
"67673cda94b4d0cf1a6a7382","Bacon",5,"Gorilla",2,"Ant",2,"left",FALSE,"middle",TRUE,33,FALSE,TRUE,FALSE,"middle","middle",FALSE,TRUE,FALSE,"middle","left",FALSE
"5c4f5967aac8be0001716a65","Grass",4,"Puppets",3,"Bowl",3,"right",FALSE,"left",TRUE,33,FALSE,TRUE,FALSE,"left","left",FALSE,TRUE,FALSE,"left","right",FALSE
"67758c9a30d6819221153393","Iron",2,"Ghost",3,"Mountain",3,"left",FALSE,"middle",FALSE,33,TRUE,FALSE,FALSE,"left","right",FALSE,FALSE,TRUE,"middle","left",FALSE
"66b37344796f45313433abc8","Box",2,"Ostrich",5,"Meat",5,"right",FALSE,"right",TRUE,33,TRUE,FALSE,FALSE,"right","middle",TRUE,FALSE,FALSE,"right","right",FALSE
"632096b5574155e8727c50cc","Dolphin",4,"Bananas",4,"Airplane",4,"middle",TRUE,"middle",TRUE,33,TRUE,FALSE,FALSE,"middle","right",TRUE,FALSE,FALSE,"middle","middle",FALSE
"66dcc0e54f44ccecf2730c76","Glove",4,"Rainbow",4,"Princess",4,"right",FALSE,"middle",FALSE,33,TRUE,FALSE,FALSE,"right","left",FALSE,FALSE,TRUE,"middle","right",TRUE
"60fac7ec133b6bf250d6d668","Potatoes",1,"Waffle",3,"Socks",3,"left",FALSE,"middle",TRUE,33,FALSE,FALSE,TRUE,"middle","right",FALSE,FALSE,TRUE,"middle","left",FALSE
"5e459f61418f610891628564","Marker",5,"Table",4,"Mouse",4,"middle",FALSE,"left",TRUE,33,FALSE,FALSE,TRUE,"left","right",FALSE,FALSE,TRUE,"left","middle",FALSE
"5e89ec793c01b3685a00bb12","Chalk",5,"Nest",4,"Microphone",4,"right",FALSE,"left",FALSE,33,FALSE,FALSE,TRUE,"middle","left",FALSE,TRUE,FALSE,"left","right",FALSE
"631d197eba06364cbea7fab2","Washcloth",2,"Puzzles",1,"Chopsticks",1,"left",FALSE,"right",TRUE,33,FALSE,FALSE,TRUE,"right","middle",FALSE,FALSE,TRUE,"right","left",TRUE
"61656042f505fd7fa53e8628","Chicken",3,"Lunch",3,"Crayons",3,"right",FALSE,"middle",TRUE,29,FALSE,FALSE,TRUE,"middle","left",FALSE,FALSE,TRUE,"middle","right",FALSE
"66fd3f6c93c24ecc119be354","Stairs",2,"Airplane",5,"Tractor",5,"right",FALSE,"middle",TRUE,33,FALSE,FALSE,TRUE,"middle","left",FALSE,FALSE,TRUE,"middle","right",TRUE
"5af1a4bc6e136b0001411714","Pool",1,"Crackers",2,"Lizard",2,"left",FALSE,"left",TRUE,33,TRUE,FALSE,FALSE,"left","middle",TRUE,FALSE,FALSE,"left","left",FALSE
"60ed501279c68ea1a313d0aa","Rope",1,"Ant",5,"Cup",5,"middle",FALSE,"left",FALSE,33,TRUE,FALSE,FALSE,"middle","right",FALSE,FALSE,TRUE,"left","middle",FALSE
"5bf2f728bd9f150001f6cc42","Princess",2,"Wagon",3,"Comb",3,"right",FALSE,"middle",TRUE,33,FALSE,TRUE,FALSE,"middle","middle",FALSE,TRUE,FALSE,"middle","right",FALSE
"59a734ce0c87a000017481ed","Cheese",2,"Earring",3,"Eyes",3,"left",FALSE,"middle",FALSE,33,TRUE,FALSE,FALSE,"left","right",FALSE,FALSE,TRUE,"middle","left",FALSE
"615e420a23219efe3427a367","Shampoo",1,"Leg",5,"Diaper",5,"middle",FALSE,"right",FALSE,33,TRUE,FALSE,FALSE,"middle","right",FALSE,TRUE,FALSE,"right","middle",FALSE
"66b244a2f436437d3e109bbe","Drum",1,"Ladder",1,"Notebook",1,"middle",FALSE,"middle",FALSE,33,FALSE,TRUE,FALSE,"right","right",TRUE,FALSE,FALSE,"middle","middle",TRUE
"5f1b05a8703c380d1393bb27","Sofa",3,"Giraffe",4,"Bracelet",4,"left",FALSE,"middle",FALSE,33,TRUE,FALSE,FALSE,"left","right",FALSE,FALSE,TRUE,"middle","left",FALSE
"6684497541f835bd67a199b2","Spiderweb",3,"Sticker",4,"Horse",4,"middle",FALSE,"right",TRUE,33,FALSE,FALSE,TRUE,"right","left",FALSE,FALSE,TRUE,"right","middle",FALSE
"5eeddefa177a7322144cbc5e","Whistle",2,"Yogurt",2,"Meat",2,"right",FALSE,"middle",FALSE,33,TRUE,FALSE,FALSE,"right","middle",FALSE,TRUE,FALSE,"middle","right",FALSE
"63ee9abfa262bea95766dd9c","Sheep",3,"Feet",1,"Net",1,"middle",FALSE,"right",TRUE,33,FALSE,FALSE,TRUE,"right","left",FALSE,FALSE,TRUE,"right","middle",TRUE
"66cfab152c56aa0472529001","Sun",1,"Bell",1,"Shorts",1,"left",FALSE,"right",TRUE,33,FALSE,FALSE,TRUE,"right","middle",FALSE,FALSE,TRUE,"right","left",TRUE
"6571fd9d691befe21fa61d18","Water",3,"Plate",2,"Spiderweb",2,"middle",FALSE,"left",TRUE,33,FALSE,TRUE,FALSE,"left","left",FALSE,TRUE,FALSE,"left","middle",FALSE
"66312361cf5d4099e1330532","Butterfly",4,"Rice",2,"Dolphin",2,"middle",FALSE,"middle",TRUE,33,TRUE,FALSE,FALSE,"middle","right",TRUE,FALSE,FALSE,"middle","middle",FALSE
"6722ea20fb84b196f0a649b6","Umbrella",4,"Towels",1,"Earring",1,"right",FALSE,"left",TRUE,33,FALSE,TRUE,FALSE,"left","left",FALSE,TRUE,FALSE,"left","right",FALSE
"5ddce9f0f85b50c4fc1515a4","Movie",3,"Milk",3,"Pool",3,"left",FALSE,"middle",TRUE,33,FALSE,FALSE,TRUE,"middle","right",FALSE,FALSE,TRUE,"middle","left",FALSE
"5c3bdbf548ad2900017fac31","Candle",2,"Bottle",5,"Swing",5,"left",FALSE,"middle",TRUE,33,FALSE,TRUE,FALSE,"middle","middle",FALSE,TRUE,FALSE,"middle","left",FALSE
"6844a1b95271dfc560af4709","House",4,"Glue",3,"Fries",3,"middle",FALSE,"middle",FALSE,33,FALSE,TRUE,FALSE,"left","left",TRUE,FALSE,FALSE,"middle","middle",FALSE
"5e121701dc79bd8a1a22ca99","Fly",1,"Clown",3,"Spiderweb",3,"right",FALSE,"right",FALSE,29,FALSE,FALSE,TRUE,"middle","left",TRUE,FALSE,FALSE,"right","right",FALSE
"616ef680ab8ca318a227f5ec","Crayons",1,"Bird",3,"Car",3,"left",FALSE,"middle",TRUE,33,FALSE,TRUE,FALSE,"middle","middle",FALSE,TRUE,FALSE,"middle","left",FALSE
"66d9cd06e207a93377f7820e","Sandwich",3,"Wheel",3,"Bug",3,"right",FALSE,"middle",TRUE,33,FALSE,FALSE,TRUE,"middle","left",FALSE,FALSE,TRUE,"middle","right",TRUE
"5962a5b29955ee00015bce98","Fire truck",3,"Frog",4,"Jump rope",4,"left",FALSE,"left",FALSE,33,FALSE,TRUE,FALSE,"middle","middle",TRUE,FALSE,FALSE,"left","left",TRUE
"641384b3dffcf39ec42d3c23","Necklace",3,"Suitcase",2,"Diaper",2,"middle",FALSE,"left",TRUE,33,FALSE,FALSE,TRUE,"left","right",FALSE,FALSE,TRUE,"left","middle",FALSE
"59692d61355b45000106c592","Shovel",5,"Plate",2,"Coloring Book",2,"right",FALSE,"middle",FALSE,33,FALSE,FALSE,TRUE,"left","middle",FALSE,TRUE,FALSE,"middle","right",FALSE
"5dd05d80b2204f1487f7812c","Rock",3,"Popsicle",3,"Diaper",3,"left",FALSE,"middle",TRUE,33,FALSE,TRUE,FALSE,"middle","middle",FALSE,TRUE,FALSE,"middle","left",FALSE
"6321d9c78e8e3c04f82a0ea0","Keys",1,"Tummy",4,"Clown",4,"right",FALSE,"right",TRUE,33,TRUE,FALSE,FALSE,"right","left",TRUE,FALSE,FALSE,"right","right",FALSE
"632d189d6b8f03d0d3db4c48","Flower",1,"Knife",2,"Plate",2,"middle",FALSE,"middle",TRUE,33,TRUE,FALSE,FALSE,"middle","right",TRUE,FALSE,FALSE,"middle","middle",TRUE
"63b3377ca1ccdfc7cc567503","Corn",4,"Balloons",3,"Popcorn",3,"right",FALSE,"middle",TRUE,33,FALSE,FALSE,TRUE,"middle","left",FALSE,FALSE,TRUE,"middle","right",TRUE
"6678813aec86d687a654dedb","Shoes",5,"Bandaid",4,"Wagon",4,"right",FALSE,"right",FALSE,33,FALSE,TRUE,FALSE,"left","left",TRUE,FALSE,FALSE,"right","right",FALSE
"55cce6ea34e90600058d1e6d","Zebra",1,"Bead",1,"Pot",1,"right",FALSE,"middle",TRUE,33,FALSE,TRUE,FALSE,"middle","middle",FALSE,TRUE,FALSE,"middle","right",FALSE
"6658bba1a51a037d25bb677e","Kangaroo",4,"Sunglasses",5,"Bone",5,"right",FALSE,"left",FALSE,33,FALSE,FALSE,TRUE,"middle","left",FALSE,TRUE,FALSE,"left","right",TRUE
"60f5df9db9380d875c320307","Pen",1,"Refrigerator",1,"Tummy",1,"middle",FALSE,"right",TRUE,33,FALSE,FALSE,TRUE,"right","left",FALSE,FALSE,TRUE,"right","middle",FALSE
"63d5b810f3dbbd11e7e65870","Bracelet",1,"Chalk",2,"Rabbit",2,"right",FALSE,"left",TRUE,33,FALSE,FALSE,TRUE,"left","middle",FALSE,FALSE,TRUE,"left","right",FALSE
"66d1fdd400acfdbc181f41e0","Sheep",2,"Popsicle",3,"Juice",3,"right",FALSE,"right",TRUE,33,TRUE,FALSE,FALSE,"right","middle",TRUE,FALSE,FALSE,"right","right",FALSE
"67b636c4ea38855cbb08ffe3","Wheel",3,"Phone",2,"House",2,"right",FALSE,"middle",FALSE,33,TRUE,FALSE,FALSE,"right","middle",FALSE,TRUE,FALSE,"middle","right",FALSE
"5e1b795dc799223a3b447ada","Scooter",1,"Sofa",4,"Clock",4,"right",FALSE,"middle",TRUE,33,FALSE,FALSE,TRUE,"middle","left",FALSE,FALSE,TRUE,"middle","right",FALSE
"5c5cad3e4ee81200018eafe2","Mirror",3,"Wheel",5,"Cupcake",5,"right",FALSE,"middle",FALSE,33,TRUE,FALSE,FALSE,"right","middle",FALSE,TRUE,FALSE,"middle","right",FALSE
"5bc5be2572df5f00014479f9","Rain",4,"Ear",2,"Helicopter",2,"right",FALSE,"right",TRUE,33,TRUE,FALSE,FALSE,"right","left",TRUE,FALSE,FALSE,"right","right",FALSE
"5f8f436e4676a71879786b95","Shampoo",2,"Tissue",2,"Butterfly",2,"middle",FALSE,"right",TRUE,33,FALSE,TRUE,FALSE,"right","right",FALSE,TRUE,FALSE,"right","middle",FALSE
"669053bbebafdd430e770142","Pancakes",2,"Chopsticks",5,"Paints",5,"right",FALSE,"middle",TRUE,33,FALSE,FALSE,TRUE,"middle","left",FALSE,FALSE,TRUE,"middle","right",FALSE
"677419f93048c66d62d2bf87","Tissue",3,"Ankle",3,"Cow",3,"right",FALSE,"right",TRUE,33,TRUE,FALSE,FALSE,"right","middle",TRUE,FALSE,FALSE,"right","right",FALSE
"574aff1b5bef980007af2745","Candy",2,"Bucket",5,"Shoes",5,"left",FALSE,"right",FALSE,33,TRUE,FALSE,FALSE,"left","middle",FALSE,FALSE,TRUE,"right","left",FALSE
"58404fd8ad98e40001ce915f","Pencil",2,"Car",4,"Dinosaur",4,"right",FALSE,"right",TRUE,33,TRUE,FALSE,FALSE,"right","left",TRUE,FALSE,FALSE,"right","right",FALSE
"5de8887aa2db898017debf1a","Ostrich",5,"Pants",4,"Swing",4,"middle",FALSE,"middle",TRUE,33,TRUE,FALSE,FALSE,"middle","right",TRUE,FALSE,FALSE,"middle","middle",FALSE
"59d949cf8fd07a000184247e","Slinky",4,"Butter",3,"Knife",3,"right",FALSE,"left",TRUE,33,FALSE,FALSE,TRUE,"left","middle",FALSE,FALSE,TRUE,"left","right",FALSE
"662945728093113a43ab8077","Soap",2,"Bone",2,"Kangaroo",2,"middle",FALSE,"middle",TRUE,33,TRUE,FALSE,FALSE,"middle","left",TRUE,FALSE,FALSE,"middle","middle",TRUE
"676058418c08c71e4bb7cbd1","Ostrich",2,"Train",5,"Apples",5,"right",TRUE,"right",TRUE,33,TRUE,FALSE,FALSE,"right","middle",TRUE,FALSE,FALSE,"right","right",TRUE
"6643d22289210a4edf21e84d","Shorts",3,"Ankle",2,"Bug",2,"right",FALSE,"left",FALSE,33,TRUE,FALSE,FALSE,"right","middle",FALSE,FALSE,TRUE,"left","right",FALSE
"58954e2dc88c680001dd4b7e","Swimsuit",1,"Owl",2,"Sofa",2,"left",FALSE,"middle",FALSE,33,FALSE,FALSE,TRUE,"right","middle",FALSE,TRUE,FALSE,"middle","left",TRUE
"5b757a03976ecb0001b1168f","Frog",1,"Stool",2,"Pear",2,"right",TRUE,"right",TRUE,33,TRUE,FALSE,FALSE,"right","middle",TRUE,FALSE,FALSE,"right","right",FALSE
"681b781064a5701a5ceee3bc","Elbow",5,"Cheese",1,"Suitcase",1,"right",FALSE,"left",FALSE,33,TRUE,FALSE,FALSE,"right","middle",FALSE,FALSE,TRUE,"left","right",TRUE
"6716c6700f376dc7f534af9d","Corn",5,"Fish",3,"Crayons",3,"left",FALSE,"middle",FALSE,33,TRUE,FALSE,FALSE,"left","middle",FALSE,TRUE,FALSE,"middle","left",FALSE
"671a3ac3dada5efe6d439698","Bow",2,"Juice",1,"Can",1,"left",FALSE,"middle",TRUE,33,FALSE,TRUE,FALSE,"middle","middle",FALSE,TRUE,FALSE,"middle","left",FALSE
"676b89007874c8eace113276","Bat",2,"Rock",3,"Fish",3,"left",FALSE,"middle",FALSE,33,FALSE,FALSE,TRUE,"right","middle",FALSE,TRUE,FALSE,"middle","left",FALSE
"6825af939111d286546fdde6","Fries",1,"Truck",4,"Bucket",4,"middle",FALSE,"left",FALSE,33,TRUE,FALSE,FALSE,"middle","right",FALSE,FALSE,TRUE,"left","middle",FALSE
"67164c92298409e37c670b3d","Blanket",4,"Coloring Book",5,"Spider",5,"right",FALSE,"middle",TRUE,33,FALSE,FALSE,TRUE,"middle","left",FALSE,FALSE,TRUE,"middle","right",FALSE
"682b3f63d0e2c4eff64fe664","Zebra",3,"Bead",4,"Bee",4,"middle",FALSE,"middle",TRUE,33,TRUE,FALSE,FALSE,"middle","left",TRUE,FALSE,FALSE,"middle","middle",TRUE
"5d3695969749cc00165c222f","Dinosaur",2,"Bagel",4,"Chicken",4,"left",FALSE,"middle",FALSE,33,FALSE,TRUE,FALSE,"right","right",FALSE,FALSE,TRUE,"middle","left",TRUE
"664521e03117b782ed4fff45","Ankle",4,"Fire truck",4,"Stars",4,"right",FALSE,"middle",TRUE,33,FALSE,FALSE,TRUE,"middle","left",FALSE,FALSE,TRUE,"middle","right",FALSE
"5f0db498f5e4e102c0f65b67","Watch",3,"Magazine",1,"Motorcycle",1,"middle",FALSE,"right",FALSE,29,FALSE,TRUE,FALSE,"left","left",FALSE,FALSE,TRUE,"right","middle",FALSE
"6773dea609f77d473900997a","Rope",4,"Slinky",2,"Door",2,"left",FALSE,"left",TRUE,33,TRUE,FALSE,FALSE,"left","middle",TRUE,FALSE,FALSE,"left","left",TRUE
"637fcee60a8378c1c3a65898","Magazine",4,"Pants",2,"Bag",2,"right",FALSE,"left",TRUE,33,FALSE,FALSE,TRUE,"left","middle",FALSE,FALSE,TRUE,"left","right",FALSE
"63f77a5dde1ea03305e119e0","Hose",3,"Kangaroo",2,"Octopus",2,"left",FALSE,"right",TRUE,33,FALSE,TRUE,FALSE,"right","right",FALSE,TRUE,FALSE,"right","left",FALSE
"5fbf90f025a567296d943c7e","Train",4,"Earring",3,"Can",3,"left",FALSE,"left",TRUE,33,TRUE,FALSE,FALSE,"left","middle",TRUE,FALSE,FALSE,"left","left",FALSE
"636d6ce3fb3683ff33f9e514","Pen",1,"Rope",1,"Blanket",1,"left",FALSE,"right",TRUE,33,FALSE,FALSE,TRUE,"right","middle",FALSE,FALSE,TRUE,"right","left",FALSE
"5af2a03697a14300017d2ba4","Broom",2,"Eyes",4,"Vacuum",4,"right",FALSE,"middle",TRUE,33,FALSE,TRUE,FALSE,"middle","middle",FALSE,TRUE,FALSE,"middle","right",FALSE
"60e3a25e8be835f754795d93","Mountain",1,"Carrots",5,"Keys",5,"right",FALSE,"middle",TRUE,33,FALSE,FALSE,TRUE,"middle","left",FALSE,FALSE,TRUE,"middle","right",TRUE
"66b5172c8f0bd3b23ce66c22","Fire",2,"Notebook",4,"Bone",4,"middle",FALSE,"left",FALSE,34,TRUE,FALSE,FALSE,"middle","right",FALSE,FALSE,TRUE,"left","middle",FALSE
"5ba60abd9629a90001b36fdc","Flashlight",2,"Spoon",5,"Jump rope",5,"right",FALSE,"middle",FALSE,34,TRUE,FALSE,FALSE,"right","left",FALSE,FALSE,TRUE,"middle","right",FALSE
"65dc99d0191a135ab835bf69","Coloring Book",4,"Squirrel",2,"Purse",2,"left",FALSE,"middle",FALSE,34,TRUE,FALSE,FALSE,"left","right",FALSE,FALSE,TRUE,"middle","left",FALSE
"60fe7bf61c7567f5cca9ade6","Chicken",1,"Sink",2,"Hips",2,"left",FALSE,"left",TRUE,34,TRUE,FALSE,FALSE,"left","right",TRUE,FALSE,FALSE,"left","left",TRUE
"5c9d88bb2b3c77001744ec1c","Purse",1,"Pen",4,"Teapot",4,"right",FALSE,"right",TRUE,34,TRUE,FALSE,FALSE,"right","middle",TRUE,FALSE,FALSE,"right","right",FALSE
"5e283f576dbb560114ac7714","Bucket",3,"Bananas",3,"Spoon",3,"middle",TRUE,"middle",FALSE,34,FALSE,TRUE,FALSE,"left","left",TRUE,FALSE,FALSE,"middle","middle",FALSE
"62e02b1ed5b0fbc1b1dc09e7","Camera",4,"Candle",2,"Toy",2,"left",FALSE,"right",TRUE,34,FALSE,TRUE,FALSE,"right","right",FALSE,TRUE,FALSE,"right","left",FALSE
"5ecf9b46617a9b3dd56b3fe3","Yo-yo",3,"Shoulders",1,"Stool",1,"middle",FALSE,"left",TRUE,34,FALSE,FALSE,TRUE,"left","right",FALSE,FALSE,TRUE,"left","middle",TRUE
"590b3401182caf0001ab5801","Bracelet",2,"Sandwich",4,"Bowl",4,"right",FALSE,"middle",TRUE,34,FALSE,FALSE,TRUE,"middle","left",FALSE,FALSE,TRUE,"middle","right",FALSE
"65c11389b0d2ba8e63cb8b22","Jacket",2,"Dresser",4,"Bracelet",4,"middle",FALSE,"left",FALSE,34,TRUE,FALSE,FALSE,"middle","left",FALSE,TRUE,FALSE,"left","middle",FALSE
"5d15160539eeea001683830c","Stars",3,"Window",4,"Ghost",4,"middle",FALSE,"right",TRUE,34,FALSE,FALSE,TRUE,"right","left",FALSE,FALSE,TRUE,"right","middle",FALSE
"6620b6a209127dafd5b2dfb9","Tricycle",2,"Broom",5,"Drum",5,"right",FALSE,"middle",TRUE,34,FALSE,TRUE,FALSE,"middle","middle",FALSE,TRUE,FALSE,"middle","right",FALSE
"56c65a5a305eaa0005f2a634","Doughnut",2,"Fly",1,"Crown",1,"right",FALSE,"left",TRUE,34,FALSE,FALSE,TRUE,"left","middle",FALSE,FALSE,TRUE,"left","right",FALSE
"59fb1518b47dfc0001b6659b","Button",5,"Dresser",2,"Toilet",2,"right",FALSE,"right",FALSE,34,FALSE,TRUE,FALSE,"middle","middle",TRUE,FALSE,FALSE,"right","right",FALSE
"602c0fc2eff74b4748e9b41e","Sand",3,"Jacket",1,"House",1,"right",FALSE,"right",TRUE,34,TRUE,FALSE,FALSE,"right","left",TRUE,FALSE,FALSE,"right","right",FALSE
"5bcc98d1db645700015222b5","Tiger",3,"Butterfly",5,"Pig",5,"left",FALSE,"left",FALSE,34,FALSE,FALSE,TRUE,"middle","right",TRUE,FALSE,FALSE,"left","left",FALSE
"6773e6e6b205d22a2e097735","Underwear",4,"Flashlight",5,"Money",5,"right",FALSE,"right",TRUE,34,TRUE,FALSE,FALSE,"right","left",TRUE,FALSE,FALSE,"right","right",FALSE
"67505c42a18c872bab88ed42","Bridge",4,"Shorts",5,"Lion",5,"middle",FALSE,"middle",TRUE,34,TRUE,FALSE,FALSE,"middle","left",TRUE,FALSE,FALSE,"middle","middle",FALSE
"62a1e021702679d27813a3e2","Jump rope",5,"Water",1,"Flashlight",1,"right",FALSE,"left",TRUE,34,FALSE,TRUE,FALSE,"left","left",FALSE,TRUE,FALSE,"left","right",FALSE
"639f294882a3797f77a3dd81","String",1,"Bug",3,"Sofa",3,"right",FALSE,"right",TRUE,34,TRUE,FALSE,FALSE,"right","left",TRUE,FALSE,FALSE,"right","right",FALSE
"654bc148c95bca00d541ec33","Dog",5,"Cake",2,"Cow",2,"middle",FALSE,"left",TRUE,34,FALSE,TRUE,FALSE,"left","left",FALSE,TRUE,FALSE,"left","middle",TRUE
"5d23460ad4c57900192b129c","Helicopter",2,"Corn",1,"Doughnut",1,"right",FALSE,"right",FALSE,34,FALSE,FALSE,TRUE,"middle","left",TRUE,FALSE,FALSE,"right","right",FALSE
"67673cda94b4d0cf1a6a7382","Toothbrush",1,"Lizard",2,"Stool",2,"right",FALSE,"middle",FALSE,34,FALSE,FALSE,TRUE,"left","middle",FALSE,TRUE,FALSE,"middle","right",FALSE
"5c4f5967aac8be0001716a65","Knife",4,"Soda",2,"Duck",2,"right",FALSE,"right",FALSE,34,FALSE,TRUE,FALSE,"left","left",TRUE,FALSE,FALSE,"right","right",FALSE
"67758c9a30d6819221153393","Toilet",4,"Puppets",1,"Bike",1,"middle",FALSE,"left",TRUE,34,FALSE,FALSE,TRUE,"left","right",FALSE,FALSE,TRUE,"left","middle",FALSE
"66b37344796f45313433abc8","Knife",1,"Stick",5,"Mailbox",5,"right",FALSE,"right",FALSE,34,FALSE,TRUE,FALSE,"middle","middle",TRUE,FALSE,FALSE,"right","right",FALSE
"632096b5574155e8727c50cc","Chalk",1,"Puzzles",2,"Chair",2,"left",FALSE,"right",TRUE,34,FALSE,TRUE,FALSE,"right","right",FALSE,TRUE,FALSE,"right","left",FALSE
"66dcc0e54f44ccecf2730c76","Ostrich",3,"Clock",2,"Washcloth",2,"right",FALSE,"right",FALSE,34,FALSE,FALSE,TRUE,"middle","left",TRUE,FALSE,FALSE,"right","right",TRUE
"60fac7ec133b6bf250d6d668","Hair",4,"Yo-yo",3,"Sand",3,"left",FALSE,"right",TRUE,34,FALSE,TRUE,FALSE,"right","right",FALSE,TRUE,FALSE,"right","left",FALSE
"5e459f61418f610891628564","Comb",5,"Squirrel",5,"Skateboard",5,"left",FALSE,"middle",TRUE,34,FALSE,FALSE,TRUE,"middle","right",FALSE,FALSE,TRUE,"middle","left",FALSE
"5e89ec793c01b3685a00bb12","Goal",1,"Pan",2,"Zebra",2,"middle",FALSE,"right",TRUE,34,FALSE,FALSE,TRUE,"right","left",FALSE,FALSE,TRUE,"right","middle",FALSE
"631d197eba06364cbea7fab2","Glove",2,"Dresser",2,"Nest",2,"right",FALSE,"left",FALSE,34,TRUE,FALSE,FALSE,"right","middle",FALSE,FALSE,TRUE,"left","right",TRUE
"61656042f505fd7fa53e8628","Boots",2,"Stick",5,"Soap",5,"right",FALSE,"middle",TRUE,30,FALSE,FALSE,TRUE,"middle","left",FALSE,FALSE,TRUE,"middle","right",FALSE
"66fd3f6c93c24ecc119be354","Sweater",2,"Boots",3,"Earring",3,"middle",FALSE,"right",FALSE,34,TRUE,FALSE,FALSE,"middle","left",FALSE,FALSE,TRUE,"right","middle",TRUE
"5af1a4bc6e136b0001411714","Tiger",5,"Bird",2,"Cookies",2,"right",FALSE,"left",TRUE,34,FALSE,FALSE,TRUE,"left","middle",FALSE,FALSE,TRUE,"left","right",FALSE
"60ed501279c68ea1a313d0aa","Bus",4,"Scissors",2,"Mirror",2,"left",FALSE,"right",TRUE,34,FALSE,TRUE,FALSE,"right","right",FALSE,TRUE,FALSE,"right","left",FALSE
"5bf2f728bd9f150001f6cc42","Fence",2,"Socks",1,"Phone",1,"right",FALSE,"left",TRUE,34,FALSE,FALSE,TRUE,"left","middle",FALSE,FALSE,TRUE,"left","right",FALSE
"59a734ce0c87a000017481ed","Scooter",1,"Dress",5,"Shovel",5,"middle",FALSE,"right",TRUE,34,FALSE,TRUE,FALSE,"right","right",FALSE,TRUE,FALSE,"right","middle",FALSE
"615e420a23219efe3427a367","Feet",2,"Truck",2,"Doughnut",2,"left",FALSE,"right",TRUE,34,FALSE,TRUE,FALSE,"right","right",FALSE,TRUE,FALSE,"right","left",FALSE
"66b244a2f436437d3e109bbe","Puppets",5,"Cloud",2,"Bug",2,"left",FALSE,"middle",TRUE,34,FALSE,FALSE,TRUE,"middle","right",FALSE,FALSE,TRUE,"middle","left",TRUE
"5f1b05a8703c380d1393bb27","Cloud",1,"Phone",3,"Sheep",3,"middle",FALSE,"middle",FALSE,34,FALSE,TRUE,FALSE,"right","right",TRUE,FALSE,FALSE,"middle","middle",FALSE
"6684497541f835bd67a199b2","Teeth",5,"Fire truck",3,"Nest",3,"middle",FALSE,"right",TRUE,34,FALSE,FALSE,TRUE,"right","left",FALSE,FALSE,TRUE,"right","middle",FALSE
"5eeddefa177a7322144cbc5e","Teeth",5,"Feet",4,"Crackers",4,"left",FALSE,"left",TRUE,34,TRUE,FALSE,FALSE,"left","middle",TRUE,FALSE,FALSE,"left","left",FALSE
"63ee9abfa262bea95766dd9c","Mouth",4,"Clock",3,"Scooter",3,"right",FALSE,"right",TRUE,34,TRUE,FALSE,FALSE,"right","left",TRUE,FALSE,FALSE,"right","right",TRUE
"66cfab152c56aa0472529001","Stamps",2,"Soda",1,"Tree",1,"right",FALSE,"right",TRUE,34,TRUE,FALSE,FALSE,"right","middle",TRUE,FALSE,FALSE,"right","right",TRUE
"6571fd9d691befe21fa61d18","Brush",4,"Soap",3,"Puzzles",3,"middle",FALSE,"left",TRUE,34,FALSE,TRUE,FALSE,"left","left",FALSE,TRUE,FALSE,"left","middle",FALSE
"66312361cf5d4099e1330532","Marker",3,"Bagel",3,"Ghost",3,"left",FALSE,"middle",TRUE,34,FALSE,FALSE,TRUE,"middle","right",FALSE,FALSE,TRUE,"middle","left",FALSE
"6722ea20fb84b196f0a649b6","Blocks",5,"Washcloth",1,"Bone",1,"middle",FALSE,"left",TRUE,34,FALSE,TRUE,FALSE,"left","left",FALSE,TRUE,FALSE,"left","middle",FALSE
"5ddce9f0f85b50c4fc1515a4","Sand",3,"Rope",5,"Wagon",5,"left",FALSE,"middle",TRUE,34,FALSE,FALSE,TRUE,"middle","right",FALSE,FALSE,TRUE,"middle","left",FALSE
"5c3bdbf548ad2900017fac31","Zipper",1,"Grass",4,"Pajamas",4,"right",FALSE,"right",TRUE,34,TRUE,FALSE,FALSE,"right","middle",TRUE,FALSE,FALSE,"right","right",FALSE
"6844a1b95271dfc560af4709","Swimsuit",1,"Bee",5,"Coloring Book",5,"right",FALSE,"left",FALSE,34,FALSE,FALSE,TRUE,"middle","left",FALSE,TRUE,FALSE,"left","right",FALSE
"5e121701dc79bd8a1a22ca99","Play dough",3,"Books",4,"Dress",4,"middle",FALSE,"middle",FALSE,30,FALSE,FALSE,TRUE,"right","left",TRUE,FALSE,FALSE,"middle","middle",FALSE
"616ef680ab8ca318a227f5ec","Bike",5,"Flashlight",2,"Squirrel",2,"left",FALSE,"left",TRUE,34,TRUE,FALSE,FALSE,"left","middle",TRUE,FALSE,FALSE,"left","left",FALSE
"66d9cd06e207a93377f7820e","Purse",2,"Triangle",4,"Bandaid",4,"middle",FALSE,"right",TRUE,34,FALSE,FALSE,TRUE,"right","left",FALSE,FALSE,TRUE,"right","middle",TRUE
"5962a5b29955ee00015bce98","Movie",3,"Zebra",2,"Soda",2,"right",FALSE,"right",TRUE,34,TRUE,FALSE,FALSE,"right","middle",TRUE,FALSE,FALSE,"right","right",TRUE
"641384b3dffcf39ec42d3c23","Wheel",1,"Straw",3,"Triangle",3,"left",FALSE,"middle",FALSE,34,FALSE,TRUE,FALSE,"right","right",FALSE,FALSE,TRUE,"middle","left",FALSE
"59692d61355b45000106c592","Crayons",1,"Refrigerator",1,"Toothbrush",1,"left",FALSE,"right",FALSE,34,FALSE,TRUE,FALSE,"middle","middle",FALSE,FALSE,TRUE,"right","left",FALSE
"5dd05d80b2204f1487f7812c","Mountain",2,"Toes",2,"Coloring Book",2,"right",FALSE,"middle",FALSE,34,TRUE,FALSE,FALSE,"right","middle",FALSE,TRUE,FALSE,"middle","right",FALSE
"6321d9c78e8e3c04f82a0ea0","Rock",1,"Bread",2,"Bag",2,"middle",FALSE,"right",TRUE,34,FALSE,FALSE,TRUE,"right","left",FALSE,FALSE,TRUE,"right","middle",FALSE
"632d189d6b8f03d0d3db4c48","Sofa",5,"Bed",5,"Button",5,"middle",FALSE,"left",TRUE,34,FALSE,FALSE,TRUE,"left","right",FALSE,FALSE,TRUE,"left","middle",TRUE
"63b3377ca1ccdfc7cc567503","Hoop",5,"Shampoo",4,"Strawberries",4,"right",TRUE,"right",TRUE,34,TRUE,FALSE,FALSE,"right","left",TRUE,FALSE,FALSE,"right","right",TRUE
"6678813aec86d687a654dedb","Dresser",3,"Teddy Bear",4,"Camera",4,"middle",FALSE,"left",TRUE,34,FALSE,TRUE,FALSE,"left","left",FALSE,TRUE,FALSE,"left","middle",FALSE
"55cce6ea34e90600058d1e6d","Bread",2,"Heart",3,"Butterfly",3,"right",FALSE,"left",TRUE,34,FALSE,FALSE,TRUE,"left","middle",FALSE,FALSE,TRUE,"left","right",FALSE
"6658bba1a51a037d25bb677e","Bean",3,"Pie",2,"Chair",2,"middle",FALSE,"left",TRUE,34,FALSE,TRUE,FALSE,"left","left",FALSE,TRUE,FALSE,"left","middle",TRUE
"60f5df9db9380d875c320307","Fork",3,"Triangle",3,"Bug",3,"right",FALSE,"middle",FALSE,34,TRUE,FALSE,FALSE,"right","left",FALSE,FALSE,TRUE,"middle","right",FALSE
"63d5b810f3dbbd11e7e65870","Pizza",1,"Chair",2,"Coloring Book",2,"left",FALSE,"right",TRUE,34,FALSE,FALSE,TRUE,"right","middle",FALSE,FALSE,TRUE,"right","left",FALSE
"66d1fdd400acfdbc181f41e0","Bananas",2,"Lion",5,"Ghost",5,"left",TRUE,"left",TRUE,34,TRUE,FALSE,FALSE,"left","middle",TRUE,FALSE,FALSE,"left","left",FALSE
"67b636c4ea38855cbb08ffe3","Juice",4,"Zebra",4,"Train",4,"right",FALSE,"right",FALSE,34,FALSE,FALSE,TRUE,"left","middle",TRUE,FALSE,FALSE,"right","right",FALSE
"5e1b795dc799223a3b447ada","Shoulders",1,"Hose",4,"Octopus",4,"right",FALSE,"middle",TRUE,34,FALSE,FALSE,TRUE,"middle","left",FALSE,FALSE,TRUE,"middle","right",FALSE
"5c5cad3e4ee81200018eafe2","Bandaid",4,"Nose",2,"Slide",2,"right",FALSE,"right",TRUE,34,TRUE,FALSE,FALSE,"right","middle",TRUE,FALSE,FALSE,"right","right",FALSE
"5bc5be2572df5f00014479f9","Scooter",1,"Play dough",1,"Puzzles",1,"right",FALSE,"middle",TRUE,34,FALSE,FALSE,TRUE,"middle","left",FALSE,FALSE,TRUE,"middle","right",FALSE
"5f8f436e4676a71879786b95","Carrots",1,"Feet",2,"Bottle",2,"left",FALSE,"right",TRUE,34,FALSE,TRUE,FALSE,"right","right",FALSE,TRUE,FALSE,"right","left",FALSE
"669053bbebafdd430e770142","Moon",4,"Sand",5,"Peas",5,"middle",FALSE,"middle",FALSE,34,FALSE,FALSE,TRUE,"right","left",TRUE,FALSE,FALSE,"middle","middle",FALSE
"677419f93048c66d62d2bf87","Water",4,"Helicopter",1,"Shampoo",1,"right",FALSE,"left",TRUE,34,FALSE,FALSE,TRUE,"left","middle",FALSE,FALSE,TRUE,"left","right",FALSE
"574aff1b5bef980007af2745","Ear",4,"Stamps",4,"Lunch",4,"right",FALSE,"right",TRUE,34,TRUE,FALSE,FALSE,"right","middle",TRUE,FALSE,FALSE,"right","right",FALSE
"58404fd8ad98e40001ce915f","Elephant",2,"Dog",3,"Rabbit",3,"middle",FALSE,"middle",FALSE,34,FALSE,FALSE,TRUE,"right","left",TRUE,FALSE,FALSE,"middle","middle",FALSE
"5de8887aa2db898017debf1a","Sand",3,"Necklace",4,"Queen",4,"left",FALSE,"middle",TRUE,34,FALSE,FALSE,TRUE,"middle","right",FALSE,FALSE,TRUE,"middle","left",FALSE
"59d949cf8fd07a000184247e","Watch",2,"Can",1,"Crown",1,"right",FALSE,"left",TRUE,34,FALSE,FALSE,TRUE,"left","middle",FALSE,FALSE,TRUE,"left","right",FALSE
"662945728093113a43ab8077","Tricycle",3,"Taco",1,"Slide",1,"right",FALSE,"middle",FALSE,34,TRUE,FALSE,FALSE,"right","left",FALSE,FALSE,TRUE,"middle","right",TRUE
"676058418c08c71e4bb7cbd1","Toes",5,"Jump rope",5,"Hamburger",5,"left",FALSE,"left",TRUE,34,TRUE,FALSE,FALSE,"left","middle",TRUE,FALSE,FALSE,"left","left",TRUE
"6643d22289210a4edf21e84d","Blanket",1,"Stick",4,"Hot Dog",4,"right",FALSE,"right",FALSE,34,FALSE,TRUE,FALSE,"middle","middle",TRUE,FALSE,FALSE,"right","right",FALSE
"58954e2dc88c680001dd4b7e","Clown",2,"Wheel",4,"Crayons",4,"left",FALSE,"right",TRUE,34,FALSE,FALSE,TRUE,"right","middle",FALSE,FALSE,TRUE,"right","left",TRUE
"5b757a03976ecb0001b1168f","Doughnut",2,"Balloons",3,"Slinky",3,"left",FALSE,"left",TRUE,34,TRUE,FALSE,FALSE,"left","middle",TRUE,FALSE,FALSE,"left","left",FALSE
"681b781064a5701a5ceee3bc","Mirror",1,"Bacon",3,"Sticker",3,"right",FALSE,"right",TRUE,34,TRUE,FALSE,FALSE,"right","middle",TRUE,FALSE,FALSE,"right","right",TRUE
"6716c6700f376dc7f534af9d","Swimsuit",3,"Heart",5,"Table",5,"right",FALSE,"right",TRUE,34,TRUE,FALSE,FALSE,"right","middle",TRUE,FALSE,FALSE,"right","right",FALSE
"671a3ac3dada5efe6d439698","Necklace",1,"Comb",1,"Dress",1,"left",FALSE,"left",TRUE,34,TRUE,FALSE,FALSE,"left","middle",TRUE,FALSE,FALSE,"left","left",FALSE
"676b89007874c8eace113276","Feet",3,"Yogurt",3,"Fingernail",3,"right",FALSE,"left",TRUE,34,FALSE,FALSE,TRUE,"left","middle",FALSE,FALSE,TRUE,"left","right",FALSE
"6825af939111d286546fdde6","Fingernail",3,"Slide",1,"Keys",1,"left",FALSE,"right",TRUE,34,FALSE,TRUE,FALSE,"right","right",FALSE,TRUE,FALSE,"right","left",FALSE
"67164c92298409e37c670b3d","Motorcycle",1,"Table",3,"Kangaroo",3,"right",FALSE,"right",TRUE,34,TRUE,FALSE,FALSE,"right","left",TRUE,FALSE,FALSE,"right","right",FALSE
"682b3f63d0e2c4eff64fe664","Spoon",2,"Snake",4,"Ostrich",4,"middle",FALSE,"middle",TRUE,34,TRUE,FALSE,FALSE,"middle","left",TRUE,FALSE,FALSE,"middle","middle",TRUE
"5d3695969749cc00165c222f","Wagon",5,"Head",2,"Bat",2,"left",FALSE,"left",TRUE,34,TRUE,FALSE,FALSE,"left","right",TRUE,FALSE,FALSE,"left","left",TRUE
"664521e03117b782ed4fff45","Baby",4,"Square",4,"Tie",4,"middle",FALSE,"middle",TRUE,34,TRUE,FALSE,FALSE,"middle","left",TRUE,FALSE,FALSE,"middle","middle",FALSE
"5f0db498f5e4e102c0f65b67","Ring",4,"Envelope",5,"Blanket",5,"right",FALSE,"middle",FALSE,30,TRUE,FALSE,FALSE,"right","left",FALSE,FALSE,TRUE,"middle","right",FALSE
"6773dea609f77d473900997a","Mountain",3,"Flower",2,"Candle",2,"right",FALSE,"right",FALSE,34,FALSE,FALSE,TRUE,"left","middle",TRUE,FALSE,FALSE,"right","right",TRUE
"637fcee60a8378c1c3a65898","Cup",2,"Helicopter",2,"Shoes",2,"right",FALSE,"middle",TRUE,34,FALSE,TRUE,FALSE,"middle","middle",FALSE,TRUE,FALSE,"middle","right",FALSE
"63f77a5dde1ea03305e119e0","Toothpaste",5,"Bird",1,"Peas",1,"left",FALSE,"left",TRUE,34,TRUE,FALSE,FALSE,"left","right",TRUE,FALSE,FALSE,"left","left",FALSE
"5fbf90f025a567296d943c7e","Kangaroo",1,"Yogurt",4,"Potatoes",4,"right",FALSE,"right",TRUE,34,TRUE,FALSE,FALSE,"right","middle",TRUE,FALSE,FALSE,"right","right",FALSE
"636d6ce3fb3683ff33f9e514","Camera",3,"Dresser",1,"Bike",1,"right",FALSE,"left",FALSE,34,TRUE,FALSE,FALSE,"right","middle",FALSE,FALSE,TRUE,"left","right",FALSE
"5af2a03697a14300017d2ba4","Pirate",3,"Bean",4,"Leaf",4,"right",FALSE,"middle",TRUE,34,FALSE,TRUE,FALSE,"middle","middle",FALSE,TRUE,FALSE,"middle","right",FALSE
"60e3a25e8be835f754795d93","Eyes",2,"Bracelet",4,"Cow",4,"right",FALSE,"right",TRUE,34,TRUE,FALSE,FALSE,"right","left",TRUE,FALSE,FALSE,"right","right",TRUE
"66b5172c8f0bd3b23ce66c22","Bananas",4,"Pizza",5,"Cupcake",5,"left",TRUE,"middle",FALSE,35,TRUE,FALSE,FALSE,"left","right",FALSE,FALSE,TRUE,"middle","left",FALSE
"5ba60abd9629a90001b36fdc","Bowl",3,"Ostrich",2,"Hat",2,"middle",FALSE,"left",TRUE,35,FALSE,TRUE,FALSE,"left","left",FALSE,TRUE,FALSE,"left","middle",FALSE
"65dc99d0191a135ab835bf69","Suitcase",4,"Socks",5,"Giraffe",5,"middle",FALSE,"middle",TRUE,35,TRUE,FALSE,FALSE,"middle","right",TRUE,FALSE,FALSE,"middle","middle",FALSE
"60fe7bf61c7567f5cca9ade6","Eyes",1,"Hamburger",2,"Knee",2,"middle",FALSE,"left",TRUE,35,FALSE,FALSE,TRUE,"left","right",FALSE,FALSE,TRUE,"left","middle",TRUE
"5c9d88bb2b3c77001744ec1c","Wing",2,"Stamps",5,"Crackers",5,"right",FALSE,"right",TRUE,35,TRUE,FALSE,FALSE,"right","middle",TRUE,FALSE,FALSE,"right","right",FALSE
"5e283f576dbb560114ac7714","Hair",1,"Oranges",1,"Moon",1,"middle",TRUE,"middle",TRUE,35,TRUE,FALSE,FALSE,"middle","left",TRUE,FALSE,FALSE,"middle","middle",FALSE
"62e02b1ed5b0fbc1b1dc09e7","Yo-yo",3,"Sweater",2,"Fries",2,"middle",FALSE,"right",FALSE,35,TRUE,FALSE,FALSE,"middle","right",FALSE,TRUE,FALSE,"right","middle",FALSE
"5ecf9b46617a9b3dd56b3fe3","Peas",4,"Apples",4,"Mouth",4,"middle",TRUE,"middle",TRUE,35,TRUE,FALSE,FALSE,"middle","right",TRUE,FALSE,FALSE,"middle","middle",TRUE
"590b3401182caf0001ab5801","Ghost",1,"Teapot",4,"Feet",4,"right",FALSE,"middle",TRUE,35,FALSE,FALSE,TRUE,"middle","left",FALSE,FALSE,TRUE,"middle","right",FALSE
"65c11389b0d2ba8e63cb8b22","Washcloth",3,"Pizza",5,"Rice",5,"middle",FALSE,"middle",TRUE,35,TRUE,FALSE,FALSE,"middle","left",TRUE,FALSE,FALSE,"middle","middle",FALSE
"5d15160539eeea001683830c","Mouse",4,"Flower",1,"Bacon",1,"middle",FALSE,"left",TRUE,35,FALSE,TRUE,FALSE,"left","left",FALSE,TRUE,FALSE,"left","middle",FALSE
"6620b6a209127dafd5b2dfb9","Bagel",5,"Purse",2,"Necklace",2,"left",FALSE,"left",TRUE,35,TRUE,FALSE,FALSE,"left","middle",TRUE,FALSE,FALSE,"left","left",FALSE
"56c65a5a305eaa0005f2a634","Tiger",4,"Toothpaste",3,"Yogurt",3,"right",FALSE,"middle",TRUE,35,FALSE,TRUE,FALSE,"middle","middle",FALSE,TRUE,FALSE,"middle","right",FALSE
"59fb1518b47dfc0001b6659b","Bracelet",2,"Taco",2,"Suitcase",2,"left",FALSE,"left",FALSE,35,FALSE,FALSE,TRUE,"right","middle",TRUE,FALSE,FALSE,"left","left",FALSE
"602c0fc2eff74b4748e9b41e","Cow",4,"Stool",3,"Snake",3,"right",FALSE,"left",FALSE,35,TRUE,FALSE,FALSE,"right","left",FALSE,TRUE,FALSE,"left","right",FALSE
"5bcc98d1db645700015222b5","Puzzles",1,"Monkey",2,"Bee",2,"left",FALSE,"middle",TRUE,35,FALSE,FALSE,TRUE,"middle","right",FALSE,FALSE,TRUE,"middle","left",FALSE
"6773e6e6b205d22a2e097735","Bandaid",3,"Pudding",2,"Play dough",2,"middle",FALSE,"right",FALSE,35,TRUE,FALSE,FALSE,"middle","left",FALSE,FALSE,TRUE,"right","middle",FALSE
"67505c42a18c872bab88ed42","Stove",1,"Newspaper",1,"Jump rope",1,"middle",FALSE,"right",TRUE,35,FALSE,FALSE,TRUE,"right","left",FALSE,FALSE,TRUE,"right","middle",FALSE
"62a1e021702679d27813a3e2","Can",5,"Fingers",2,"Bone",2,"right",FALSE,"middle",FALSE,35,TRUE,FALSE,FALSE,"right","left",FALSE,FALSE,TRUE,"middle","right",FALSE
"639f294882a3797f77a3dd81","Hamburger",2,"Boots",5,"Butter",5,"right",FALSE,"right",TRUE,35,TRUE,FALSE,FALSE,"right","left",TRUE,FALSE,FALSE,"right","right",FALSE
"654bc148c95bca00d541ec33","Feather",3,"Net",2,"Turtle",2,"right",FALSE,"left",TRUE,35,FALSE,TRUE,FALSE,"left","left",FALSE,TRUE,FALSE,"left","right",TRUE
"5d23460ad4c57900192b129c","Dinosaur",2,"Arm",2,"Radio",2,"right",FALSE,"left",TRUE,35,FALSE,TRUE,FALSE,"left","left",FALSE,TRUE,FALSE,"left","right",FALSE
"67673cda94b4d0cf1a6a7382","Eggs",2,"Helicopter",4,"Toothpaste",4,"right",FALSE,"left",FALSE,35,TRUE,FALSE,FALSE,"right","middle",FALSE,FALSE,TRUE,"left","right",FALSE
"5c4f5967aac8be0001716a65","Envelope",5,"Elephant",2,"Ostrich",2,"middle",FALSE,"right",TRUE,35,FALSE,FALSE,TRUE,"right","left",FALSE,FALSE,TRUE,"right","middle",FALSE
"67758c9a30d6819221153393","Milk",1,"Video Tape",3,"Slinky",3,"left",FALSE,"right",TRUE,35,FALSE,TRUE,FALSE,"right","right",FALSE,TRUE,FALSE,"right","left",FALSE
"66b37344796f45313433abc8","Sandwich",3,"Crackers",3,"Window",3,"right",FALSE,"middle",TRUE,35,FALSE,TRUE,FALSE,"middle","middle",FALSE,TRUE,FALSE,"middle","right",FALSE
"632096b5574155e8727c50cc","Swing",5,"Newspaper",3,"Jump rope",3,"left",FALSE,"left",TRUE,35,TRUE,FALSE,FALSE,"left","right",TRUE,FALSE,FALSE,"left","left",FALSE
"66dcc0e54f44ccecf2730c76","Plate",2,"Bread",3,"Triangle",3,"middle",FALSE,"middle",FALSE,35,FALSE,FALSE,TRUE,"right","left",TRUE,FALSE,FALSE,"middle","middle",TRUE
"60fac7ec133b6bf250d6d668","Doughnut",1,"Horse",5,"Belt",5,"left",FALSE,"middle",TRUE,35,FALSE,FALSE,TRUE,"middle","right",FALSE,FALSE,TRUE,"middle","left",FALSE
"5e459f61418f610891628564","Diaper",5,"Potatoes",1,"Bear",1,"left",FALSE,"left",TRUE,35,TRUE,FALSE,FALSE,"left","right",TRUE,FALSE,FALSE,"left","left",FALSE
"5e89ec793c01b3685a00bb12","Boots",5,"Spaghetti",5,"Dog",5,"right",FALSE,"middle",TRUE,35,FALSE,FALSE,TRUE,"middle","left",FALSE,FALSE,TRUE,"middle","right",FALSE
"631d197eba06364cbea7fab2","Scooter",3,"Head",4,"Shirt",4,"left",FALSE,"right",TRUE,35,FALSE,FALSE,TRUE,"right","middle",FALSE,FALSE,TRUE,"right","left",TRUE
"61656042f505fd7fa53e8628","Wing",5,"Fish",3,"Leg",3,"middle",FALSE,"middle",TRUE,31,TRUE,FALSE,FALSE,"middle","left",TRUE,FALSE,FALSE,"middle","middle",FALSE
"66fd3f6c93c24ecc119be354","Bathtub",2,"Duck",5,"Square",5,"right",FALSE,"middle",FALSE,35,TRUE,FALSE,FALSE,"right","left",FALSE,FALSE,TRUE,"middle","right",TRUE
"5af1a4bc6e136b0001411714","Sofa",4,"Dolphin",4,"Moon",4,"left",FALSE,"left",FALSE,35,FALSE,TRUE,FALSE,"middle","middle",TRUE,FALSE,FALSE,"left","left",FALSE
"60ed501279c68ea1a313d0aa","Square",5,"Bread",5,"Cookies",5,"left",FALSE,"right",TRUE,35,FALSE,TRUE,FALSE,"right","right",FALSE,TRUE,FALSE,"right","left",FALSE
"5bf2f728bd9f150001f6cc42","Candy",3,"Wheel",5,"Shovel",5,"right",FALSE,"right",FALSE,35,FALSE,TRUE,FALSE,"middle","middle",TRUE,FALSE,FALSE,"right","right",FALSE
"59a734ce0c87a000017481ed","Feet",1,"Cable",1,"Tummy",1,"left",FALSE,"middle",FALSE,35,FALSE,TRUE,FALSE,"right","right",FALSE,FALSE,TRUE,"middle","left",FALSE
"615e420a23219efe3427a367","Pajamas",5,"Zipper",2,"Goal",2,"middle",FALSE,"right",FALSE,35,FALSE,FALSE,TRUE,"left","right",FALSE,TRUE,FALSE,"right","middle",FALSE
"66b244a2f436437d3e109bbe","Pot",2,"Cheese",3,"Waffle",3,"middle",FALSE,"right",TRUE,35,FALSE,TRUE,FALSE,"right","right",FALSE,TRUE,FALSE,"right","middle",TRUE
"5f1b05a8703c380d1393bb27","Blocks",1,"Socks",5,"Candy",5,"left",FALSE,"right",TRUE,35,FALSE,TRUE,FALSE,"right","right",FALSE,TRUE,FALSE,"right","left",FALSE
"6684497541f835bd67a199b2","Eggs",1,"Fork",4,"Leaf",4,"middle",FALSE,"right",TRUE,35,FALSE,FALSE,TRUE,"right","left",FALSE,FALSE,TRUE,"right","middle",FALSE
"5eeddefa177a7322144cbc5e","Bed",1,"Notebook",1,"Puzzles",1,"left",FALSE,"right",TRUE,35,FALSE,FALSE,TRUE,"right","middle",FALSE,FALSE,TRUE,"right","left",FALSE
"63ee9abfa262bea95766dd9c","Drum",3,"Books",5,"Door",5,"right",FALSE,"right",TRUE,35,TRUE,FALSE,FALSE,"right","left",TRUE,FALSE,FALSE,"right","right",TRUE
"66cfab152c56aa0472529001","Knee",1,"Drum",2,"Bike",2,"right",FALSE,"right",TRUE,35,TRUE,FALSE,FALSE,"right","middle",TRUE,FALSE,FALSE,"right","right",TRUE
"6571fd9d691befe21fa61d18","Fence",2,"Teeth",1,"Eyes",1,"middle",FALSE,"right",TRUE,35,FALSE,FALSE,TRUE,"right","left",FALSE,FALSE,TRUE,"right","middle",FALSE
"66312361cf5d4099e1330532","Frog",2,"Shorts",3,"Fence",3,"left",FALSE,"right",TRUE,35,FALSE,TRUE,FALSE,"right","right",FALSE,TRUE,FALSE,"right","left",FALSE
"6722ea20fb84b196f0a649b6","Swimsuit",2,"Fingers",2,"Head",2,"right",FALSE,"middle",FALSE,35,FALSE,TRUE,FALSE,"left","left",FALSE,FALSE,TRUE,"middle","right",FALSE
"5ddce9f0f85b50c4fc1515a4","Earring",5,"Stars",2,"Ring",2,"middle",FALSE,"right",TRUE,35,FALSE,TRUE,FALSE,"right","right",FALSE,TRUE,FALSE,"right","middle",FALSE
"5c3bdbf548ad2900017fac31","Pancakes",2,"Clown",1,"Elbow",1,"left",FALSE,"left",TRUE,35,TRUE,FALSE,FALSE,"left","middle",TRUE,FALSE,FALSE,"left","left",FALSE
"6844a1b95271dfc560af4709","Lamp",4,"Sandals",3,"Curtain",3,"middle",FALSE,"middle",TRUE,35,TRUE,FALSE,FALSE,"middle","left",TRUE,FALSE,FALSE,"middle","middle",FALSE
"5e121701dc79bd8a1a22ca99","Leg",4,"Spider",2,"Rain",2,"middle",FALSE,"right",TRUE,31,FALSE,FALSE,TRUE,"right","left",FALSE,FALSE,TRUE,"right","middle",FALSE
"616ef680ab8ca318a227f5ec","Bat",5,"Octopus",3,"Fries",3,"right",FALSE,"left",TRUE,35,FALSE,FALSE,TRUE,"left","middle",FALSE,FALSE,TRUE,"left","right",FALSE
"66d9cd06e207a93377f7820e","Can",2,"Shorts",3,"Peas",3,"middle",FALSE,"right",TRUE,35,FALSE,FALSE,TRUE,"right","left",FALSE,FALSE,TRUE,"right","middle",TRUE
"5962a5b29955ee00015bce98","Ant",5,"Gorilla",4,"Toothpaste",4,"right",FALSE,"left",TRUE,35,FALSE,FALSE,TRUE,"left","middle",FALSE,FALSE,TRUE,"left","right",TRUE
"641384b3dffcf39ec42d3c23","Scissors",5,"Arm",4,"Rope",4,"left",FALSE,"right",FALSE,35,FALSE,FALSE,TRUE,"middle","right",FALSE,TRUE,FALSE,"right","left",FALSE
"59692d61355b45000106c592","Balloons",4,"Toy",2,"Knife",2,"right",FALSE,"right",FALSE,35,FALSE,FALSE,TRUE,"left","middle",TRUE,FALSE,FALSE,"right","right",FALSE
"5dd05d80b2204f1487f7812c","Fries",4,"Glove",5,"Horse",5,"right",FALSE,"middle",FALSE,35,FALSE,FALSE,TRUE,"left","middle",FALSE,TRUE,FALSE,"middle","right",FALSE
"6321d9c78e8e3c04f82a0ea0","Belt",3,"Spoon",5,"Wing",5,"right",FALSE,"middle",TRUE,35,FALSE,FALSE,TRUE,"middle","left",FALSE,FALSE,TRUE,"middle","right",FALSE
"632d189d6b8f03d0d3db4c48","Wagon",4,"Broom",2,"TV",2,"middle",FALSE,"left",TRUE,35,FALSE,FALSE,TRUE,"left","right",FALSE,FALSE,TRUE,"left","middle",TRUE
"63b3377ca1ccdfc7cc567503","Toilet",1,"Nest",1,"Phone",1,"middle",FALSE,"middle",FALSE,35,FALSE,FALSE,TRUE,"right","left",TRUE,FALSE,FALSE,"middle","middle",TRUE
"6678813aec86d687a654dedb","Tricycle",2,"Hot Dog",4,"Pot",4,"middle",FALSE,"left",FALSE,35,FALSE,FALSE,TRUE,"right","left",FALSE,TRUE,FALSE,"left","middle",FALSE
"55cce6ea34e90600058d1e6d","Spaghetti",5,"Wagon",2,"Table",2,"right",FALSE,"left",TRUE,35,FALSE,FALSE,TRUE,"left","middle",FALSE,FALSE,TRUE,"left","right",FALSE
"6658bba1a51a037d25bb677e","Head",2,"Feet",5,"Yo-yo",5,"right",FALSE,"right",TRUE,35,TRUE,FALSE,FALSE,"right","left",TRUE,FALSE,FALSE,"right","right",TRUE
"60f5df9db9380d875c320307","Sink",1,"Shorts",4,"Boat",4,"middle",FALSE,"middle",FALSE,35,FALSE,FALSE,TRUE,"right","left",TRUE,FALSE,FALSE,"middle","middle",FALSE
"63d5b810f3dbbd11e7e65870","Butterfly",5,"Bird",4,"Pants",4,"right",FALSE,"left",TRUE,35,FALSE,FALSE,TRUE,"left","middle",FALSE,FALSE,TRUE,"left","right",FALSE
"66d1fdd400acfdbc181f41e0","Balloons",3,"Whistle",1,"Feet",1,"right",FALSE,"left",FALSE,35,TRUE,FALSE,FALSE,"right","middle",FALSE,FALSE,TRUE,"left","right",FALSE
"67b636c4ea38855cbb08ffe3","Toothbrush",3,"Crayons",2,"Grass",2,"right",FALSE,"left",TRUE,35,FALSE,FALSE,TRUE,"left","middle",FALSE,FALSE,TRUE,"left","right",FALSE
"5e1b795dc799223a3b447ada","Peas",4,"Teddy Bear",5,"Sandwich",5,"middle",FALSE,"middle",TRUE,35,TRUE,FALSE,FALSE,"middle","left",TRUE,FALSE,FALSE,"middle","middle",FALSE
"5c5cad3e4ee81200018eafe2","Feet",1,"Brush",1,"Bug",1,"left",FALSE,"right",TRUE,35,FALSE,FALSE,TRUE,"right","middle",FALSE,FALSE,TRUE,"right","left",FALSE
"5bc5be2572df5f00014479f9","Chair",4,"Earring",3,"Fingers",3,"middle",FALSE,"left",TRUE,35,FALSE,TRUE,FALSE,"left","left",FALSE,TRUE,FALSE,"left","middle",FALSE
"5f8f436e4676a71879786b95","Shirt",2,"Potatoes",4,"Net",4,"middle",FALSE,"middle",FALSE,35,FALSE,FALSE,TRUE,"left","right",TRUE,FALSE,FALSE,"middle","middle",FALSE
"669053bbebafdd430e770142","Bug",3,"Squirrel",1,"Ring",1,"middle",FALSE,"right",FALSE,35,FALSE,TRUE,FALSE,"left","left",FALSE,FALSE,TRUE,"right","middle",FALSE
"677419f93048c66d62d2bf87","Mirror",4,"Sun",4,"Brush",4,"left",FALSE,"right",TRUE,35,FALSE,FALSE,TRUE,"right","middle",FALSE,FALSE,TRUE,"right","left",FALSE
"574aff1b5bef980007af2745","Mouth",3,"Pretzel",1,"Water",1,"left",FALSE,"right",TRUE,35,FALSE,FALSE,TRUE,"right","middle",FALSE,FALSE,TRUE,"right","left",FALSE
"58404fd8ad98e40001ce915f","Tree",5,"Potatoes",5,"Sink",5,"right",FALSE,"middle",TRUE,35,FALSE,FALSE,TRUE,"middle","left",FALSE,FALSE,TRUE,"middle","right",FALSE
"5de8887aa2db898017debf1a","Balls",5,"Cable",3,"Heart",3,"left",FALSE,"left",TRUE,35,TRUE,FALSE,FALSE,"left","right",TRUE,FALSE,FALSE,"left","left",FALSE
"59d949cf8fd07a000184247e","Play dough",1,"Motorcycle",2,"Hat",2,"left",FALSE,"right",TRUE,35,FALSE,FALSE,TRUE,"right","middle",FALSE,FALSE,TRUE,"right","left",FALSE
"662945728093113a43ab8077","Knife",4,"Crown",2,"Suitcase",2,"middle",FALSE,"middle",TRUE,35,TRUE,FALSE,FALSE,"middle","left",TRUE,FALSE,FALSE,"middle","middle",TRUE
"676058418c08c71e4bb7cbd1","Bone",3,"Shoes",2,"Teapot",2,"left",FALSE,"right",TRUE,35,FALSE,FALSE,TRUE,"right","middle",FALSE,FALSE,TRUE,"right","left",TRUE
"6643d22289210a4edf21e84d","Clown",5,"Elbow",5,"Grapes",5,"right",TRUE,"right",TRUE,35,TRUE,FALSE,FALSE,"right","middle",TRUE,FALSE,FALSE,"right","right",FALSE
"58954e2dc88c680001dd4b7e","Teddy Bear",1,"Jacket",3,"Hose",3,"right",FALSE,"middle",TRUE,35,FALSE,TRUE,FALSE,"middle","middle",FALSE,TRUE,FALSE,"middle","right",TRUE
"5b757a03976ecb0001b1168f","Scissors",5,"Suitcase",2,"Knee",2,"right",FALSE,"left",TRUE,35,FALSE,FALSE,TRUE,"left","middle",FALSE,FALSE,TRUE,"left","right",FALSE
"681b781064a5701a5ceee3bc","Airplane",2,"Heart",5,"Bowl",5,"right",FALSE,"middle",TRUE,35,FALSE,TRUE,FALSE,"middle","middle",FALSE,TRUE,FALSE,"middle","right",TRUE
"6716c6700f376dc7f534af9d","Box",5,"Shirt",5,"Teapot",5,"right",FALSE,"right",TRUE,35,TRUE,FALSE,FALSE,"right","middle",TRUE,FALSE,FALSE,"right","right",FALSE
"671a3ac3dada5efe6d439698","Pillow",2,"Owl",4,"Pencil",4,"right",FALSE,"right",FALSE,35,FALSE,TRUE,FALSE,"middle","middle",TRUE,FALSE,FALSE,"right","right",FALSE
"676b89007874c8eace113276","Lion",3,"Battery",4,"Fork",4,"right",FALSE,"middle",TRUE,35,FALSE,TRUE,FALSE,"middle","middle",FALSE,TRUE,FALSE,"middle","right",FALSE
"6825af939111d286546fdde6","Bagel",4,"Hair",3,"Lion",3,"left",FALSE,"left",TRUE,35,TRUE,FALSE,FALSE,"left","right",TRUE,FALSE,FALSE,"left","left",FALSE
"67164c92298409e37c670b3d","Pie",2,"Bell",3,"Slide",3,"right",FALSE,"middle",TRUE,35,FALSE,FALSE,TRUE,"middle","left",FALSE,FALSE,TRUE,"middle","right",FALSE
"682b3f63d0e2c4eff64fe664","Bean",3,"Truck",2,"Fly",2,"right",FALSE,"middle",FALSE,35,FALSE,TRUE,FALSE,"left","left",FALSE,FALSE,TRUE,"middle","right",TRUE
"5d3695969749cc00165c222f","Cake",4,"Shorts",4,"Glove",4,"left",FALSE,"right",TRUE,35,FALSE,TRUE,FALSE,"right","right",FALSE,TRUE,FALSE,"right","left",TRUE
"664521e03117b782ed4fff45","Fence",5,"Sand",2,"Puppets",2,"right",FALSE,"right",FALSE,35,FALSE,TRUE,FALSE,"left","left",TRUE,FALSE,FALSE,"right","right",FALSE
"5f0db498f5e4e102c0f65b67","Books",5,"Carrots",4,"Belt",4,"middle",FALSE,"middle",TRUE,31,TRUE,FALSE,FALSE,"middle","left",TRUE,FALSE,FALSE,"middle","middle",FALSE
"6773dea609f77d473900997a","Coloring Book",4,"Turtle",4,"Cloud",4,"right",FALSE,"left",TRUE,35,FALSE,FALSE,TRUE,"left","middle",FALSE,FALSE,TRUE,"left","right",TRUE
"637fcee60a8378c1c3a65898","Kangaroo",4,"Blanket",3,"Plate",3,"right",FALSE,"left",FALSE,35,TRUE,FALSE,FALSE,"right","middle",FALSE,FALSE,TRUE,"left","right",FALSE
"63f77a5dde1ea03305e119e0","Monkey",4,"Ladder",5,"Bandaid",5,"left",FALSE,"left",TRUE,35,TRUE,FALSE,FALSE,"left","right",TRUE,FALSE,FALSE,"left","left",FALSE
"5fbf90f025a567296d943c7e","Movie",2,"Owl",1,"Eggs",1,"left",FALSE,"right",TRUE,35,FALSE,FALSE,TRUE,"right","middle",FALSE,FALSE,TRUE,"right","left",FALSE
"636d6ce3fb3683ff33f9e514","Bow",3,"Sheep",3,"Ghost",3,"right",FALSE,"middle",TRUE,35,FALSE,TRUE,FALSE,"middle","middle",FALSE,TRUE,FALSE,"middle","right",FALSE
"5af2a03697a14300017d2ba4","Bananas",5,"Radio",1,"Bracelet",1,"left",TRUE,"left",TRUE,35,TRUE,FALSE,FALSE,"left","middle",TRUE,FALSE,FALSE,"left","left",FALSE
"60e3a25e8be835f754795d93","Square",4,"Radio",1,"Fence",1,"middle",FALSE,"left",TRUE,35,FALSE,TRUE,FALSE,"left","left",FALSE,TRUE,FALSE,"left","middle",TRUE
"66b5172c8f0bd3b23ce66c22","Purse",4,"Mailbox",4,"Yo-yo",4,"middle",FALSE,"middle",FALSE,36,FALSE,TRUE,FALSE,"right","right",TRUE,FALSE,FALSE,"middle","middle",FALSE
"5ba60abd9629a90001b36fdc","Tape",5,"Boots",5,"Cable",5,"middle",FALSE,"left",FALSE,36,FALSE,FALSE,TRUE,"right","left",FALSE,TRUE,FALSE,"left","middle",FALSE
"65dc99d0191a135ab835bf69","Ghost",4,"Shorts",1,"Duck",1,"left",FALSE,"left",FALSE,36,FALSE,TRUE,FALSE,"right","right",TRUE,FALSE,FALSE,"left","left",FALSE
"60fe7bf61c7567f5cca9ade6","Fly",4,"Battery",5,"Shoes",5,"left",FALSE,"left",TRUE,36,TRUE,FALSE,FALSE,"left","right",TRUE,FALSE,FALSE,"left","left",TRUE
"5c9d88bb2b3c77001744ec1c","Pirate",3,"Scissors",5,"Hammer",5,"left",FALSE,"middle",TRUE,36,FALSE,TRUE,FALSE,"middle","middle",FALSE,TRUE,FALSE,"middle","left",FALSE
"5e283f576dbb560114ac7714","Blanket",1,"Pillow",4,"Princess",4,"middle",FALSE,"right",TRUE,36,FALSE,FALSE,TRUE,"right","left",FALSE,FALSE,TRUE,"right","middle",FALSE
"62e02b1ed5b0fbc1b1dc09e7","Dog",1,"Carrots",2,"Bed",2,"middle",FALSE,"middle",FALSE,36,FALSE,FALSE,TRUE,"left","right",TRUE,FALSE,FALSE,"middle","middle",FALSE
"5ecf9b46617a9b3dd56b3fe3","Pirate",2,"Sandals",3,"Pancakes",3,"middle",FALSE,"middle",TRUE,36,TRUE,FALSE,FALSE,"middle","right",TRUE,FALSE,FALSE,"middle","middle",TRUE
"590b3401182caf0001ab5801","Pudding",5,"Wagon",3,"Iron",3,"middle",FALSE,"left",TRUE,36,FALSE,TRUE,FALSE,"left","left",FALSE,TRUE,FALSE,"left","middle",FALSE
"65c11389b0d2ba8e63cb8b22","Swimsuit",2,"Chips",3,"Puppets",3,"middle",FALSE,"left",TRUE,36,FALSE,TRUE,FALSE,"left","left",FALSE,TRUE,FALSE,"left","middle",FALSE
"5d15160539eeea001683830c","Bell",4,"Chips",5,"Straw",5,"right",FALSE,"middle",TRUE,36,FALSE,FALSE,TRUE,"middle","left",FALSE,FALSE,TRUE,"middle","right",FALSE
"6620b6a209127dafd5b2dfb9","Dolphin",4,"Popsicle",5,"Lion",5,"left",FALSE,"right",TRUE,36,FALSE,FALSE,TRUE,"right","middle",FALSE,FALSE,TRUE,"right","left",FALSE
"56c65a5a305eaa0005f2a634","Play dough",1,"Popsicle",3,"Ice Cream",3,"left",FALSE,"right",FALSE,36,TRUE,FALSE,FALSE,"left","middle",FALSE,FALSE,TRUE,"right","left",FALSE
"59fb1518b47dfc0001b6659b","Paints",1,"Books",3,"Dolphin",3,"right",FALSE,"right",FALSE,36,FALSE,FALSE,TRUE,"left","middle",TRUE,FALSE,FALSE,"right","right",FALSE
"602c0fc2eff74b4748e9b41e","Window",2,"Pancakes",5,"Bracelet",5,"middle",FALSE,"middle",TRUE,36,TRUE,FALSE,FALSE,"middle","left",TRUE,FALSE,FALSE,"middle","middle",FALSE
"5bcc98d1db645700015222b5","Notebook",2,"Apples",2,"Mouse",2,"middle",TRUE,"middle",TRUE,36,TRUE,FALSE,FALSE,"middle","right",TRUE,FALSE,FALSE,"middle","middle",FALSE
"6773e6e6b205d22a2e097735","Curtain",2,"Balls",4,"Dolphin",4,"middle",FALSE,"right",TRUE,36,FALSE,FALSE,TRUE,"right","left",FALSE,FALSE,TRUE,"right","middle",FALSE
"67505c42a18c872bab88ed42","Tummy",2,"Circle",5,"Books",5,"middle",FALSE,"middle",TRUE,36,TRUE,FALSE,FALSE,"middle","left",TRUE,FALSE,FALSE,"middle","middle",FALSE
"62a1e021702679d27813a3e2","Pudding",4,"Earring",4,"Tie",4,"right",FALSE,"left",TRUE,36,FALSE,TRUE,FALSE,"left","left",FALSE,TRUE,FALSE,"left","right",FALSE
"639f294882a3797f77a3dd81","Leaf",1,"Backpack",3,"Sun",3,"right",FALSE,"middle",TRUE,36,FALSE,FALSE,TRUE,"middle","left",FALSE,FALSE,TRUE,"middle","right",FALSE
"654bc148c95bca00d541ec33","Window",1,"Pillow",3,"Spider",3,"middle",FALSE,"middle",TRUE,36,TRUE,FALSE,FALSE,"middle","left",TRUE,FALSE,FALSE,"middle","middle",TRUE
"5d23460ad4c57900192b129c","Heart",5,"Spoon",1,"Crackers",1,"middle",FALSE,"left",TRUE,36,FALSE,TRUE,FALSE,"left","left",FALSE,TRUE,FALSE,"left","middle",FALSE
"67673cda94b4d0cf1a6a7382","Balloons",4,"Boots",2,"Teapot",2,"right",FALSE,"middle",FALSE,36,TRUE,FALSE,FALSE,"right","middle",FALSE,TRUE,FALSE,"middle","right",FALSE
"5c4f5967aac8be0001716a65","Fries",3,"Marker",2,"Camera",2,"middle",FALSE,"middle",FALSE,36,FALSE,FALSE,TRUE,"right","left",TRUE,FALSE,FALSE,"middle","middle",FALSE
"67758c9a30d6819221153393","Bagel",1,"Fries",4,"House",4,"middle",FALSE,"middle",TRUE,36,TRUE,FALSE,FALSE,"middle","right",TRUE,FALSE,FALSE,"middle","middle",FALSE
"66b37344796f45313433abc8","Hips",1,"Milk",4,"Triangle",4,"right",FALSE,"middle",TRUE,36,FALSE,TRUE,FALSE,"middle","middle",FALSE,TRUE,FALSE,"middle","right",FALSE
"632096b5574155e8727c50cc","Shorts",5,"Oranges",1,"Cake",1,"middle",TRUE,"middle",TRUE,36,TRUE,FALSE,FALSE,"middle","right",TRUE,FALSE,FALSE,"middle","middle",FALSE
"66dcc0e54f44ccecf2730c76","Potatoes",3,"Iron",3,"Ghost",3,"right",FALSE,"middle",TRUE,36,FALSE,FALSE,TRUE,"middle","left",FALSE,FALSE,TRUE,"middle","right",TRUE
"60fac7ec133b6bf250d6d668","Arm",2,"Strawberries",2,"Cow",2,"middle",TRUE,"middle",TRUE,36,TRUE,FALSE,FALSE,"middle","right",TRUE,FALSE,FALSE,"middle","middle",FALSE
"5e459f61418f610891628564","Tongue",2,"Can",5,"Chair",5,"middle",FALSE,"middle",FALSE,36,FALSE,FALSE,TRUE,"left","right",TRUE,FALSE,FALSE,"middle","middle",FALSE
"5e89ec793c01b3685a00bb12","Cookies",4,"Mirror",5,"Pen",5,"middle",FALSE,"middle",TRUE,36,TRUE,FALSE,FALSE,"middle","left",TRUE,FALSE,FALSE,"middle","middle",FALSE
"631d197eba06364cbea7fab2","Pirate",3,"Shorts",4,"Bell",4,"right",FALSE,"left",FALSE,36,TRUE,FALSE,FALSE,"right","middle",FALSE,FALSE,TRUE,"left","right",TRUE
"61656042f505fd7fa53e8628","Bandaid",2,"Envelope",3,"Cupcake",3,"right",FALSE,"middle",FALSE,32,TRUE,FALSE,FALSE,"right","left",FALSE,FALSE,TRUE,"middle","right",FALSE
"66fd3f6c93c24ecc119be354","Bread",3,"Necklace",3,"Knife",3,"middle",FALSE,"middle",TRUE,36,TRUE,FALSE,FALSE,"middle","left",TRUE,FALSE,FALSE,"middle","middle",TRUE
"5af1a4bc6e136b0001411714","Sand",3,"Cheese",3,"Heart",3,"right",FALSE,"left",TRUE,36,FALSE,FALSE,TRUE,"left","middle",FALSE,FALSE,TRUE,"left","right",FALSE
"60ed501279c68ea1a313d0aa","Hanger",4,"Ladder",3,"Bow",3,"middle",FALSE,"left",TRUE,36,FALSE,FALSE,TRUE,"left","right",FALSE,FALSE,TRUE,"left","middle",FALSE
"5bf2f728bd9f150001f6cc42","Doughnut",3,"Bean",2,"Hands",2,"left",FALSE,"left",TRUE,36,TRUE,FALSE,FALSE,"left","middle",TRUE,FALSE,FALSE,"left","left",FALSE
"59a734ce0c87a000017481ed","Water",3,"Wing",3,"Tissue",3,"middle",FALSE,"right",FALSE,36,FALSE,FALSE,TRUE,"left","right",FALSE,TRUE,FALSE,"right","middle",FALSE
"615e420a23219efe3427a367","Wagon",1,"Hamburger",5,"Cat",5,"middle",FALSE,"middle",TRUE,36,TRUE,FALSE,FALSE,"middle","right",TRUE,FALSE,FALSE,"middle","middle",FALSE
"66b244a2f436437d3e109bbe","Dog",5,"Octopus",5,"Candy",5,"middle",FALSE,"middle",TRUE,36,TRUE,FALSE,FALSE,"middle","right",TRUE,FALSE,FALSE,"middle","middle",TRUE
"5f1b05a8703c380d1393bb27","Stool",2,"Tractor",5,"Jacket",5,"left",FALSE,"left",TRUE,36,TRUE,FALSE,FALSE,"left","right",TRUE,FALSE,FALSE,"left","left",FALSE
"6684497541f835bd67a199b2","Socks",5,"Napkin",5,"Can",5,"right",FALSE,"right",FALSE,36,FALSE,FALSE,TRUE,"middle","left",TRUE,FALSE,FALSE,"right","right",FALSE
"5eeddefa177a7322144cbc5e","Slide",3,"Chips",5,"String",5,"right",FALSE,"middle",TRUE,36,FALSE,TRUE,FALSE,"middle","middle",FALSE,TRUE,FALSE,"middle","right",FALSE
"63ee9abfa262bea95766dd9c","Necklace",2,"Wagon",5,"Pajamas",5,"right",FALSE,"right",TRUE,36,TRUE,FALSE,FALSE,"right","left",TRUE,FALSE,FALSE,"right","right",TRUE
"66cfab152c56aa0472529001","Wagon",3,"Bathtub",5,"Coloring Book",5,"left",FALSE,"middle",TRUE,36,FALSE,TRUE,FALSE,"middle","middle",FALSE,TRUE,FALSE,"middle","left",TRUE
"6571fd9d691befe21fa61d18","Cereal",1,"Wagon",2,"Tissue",2,"middle",FALSE,"right",TRUE,36,FALSE,FALSE,TRUE,"right","left",FALSE,FALSE,TRUE,"right","middle",FALSE
"66312361cf5d4099e1330532","Stars",5,"Chicken",3,"Elephant",3,"middle",FALSE,"middle",TRUE,36,TRUE,FALSE,FALSE,"middle","right",TRUE,FALSE,FALSE,"middle","middle",FALSE
"6722ea20fb84b196f0a649b6","Bucket",2,"Mountain",1,"Cake",1,"right",FALSE,"right",TRUE,36,TRUE,FALSE,FALSE,"right","left",TRUE,FALSE,FALSE,"right","right",FALSE
"5ddce9f0f85b50c4fc1515a4","Leaf",2,"Tongue",2,"Bucket",2,"left",FALSE,"right",TRUE,36,FALSE,TRUE,FALSE,"right","right",FALSE,TRUE,FALSE,"right","left",FALSE
"5c3bdbf548ad2900017fac31","Swimsuit",1,"Water",4,"Blanket",4,"right",FALSE,"middle",TRUE,36,FALSE,TRUE,FALSE,"middle","middle",FALSE,TRUE,FALSE,"middle","right",FALSE
"6844a1b95271dfc560af4709","Paints",5,"Pencil",4,"String",4,"right",FALSE,"right",TRUE,36,TRUE,FALSE,FALSE,"right","left",TRUE,FALSE,FALSE,"right","right",FALSE
"5e121701dc79bd8a1a22ca99","Ostrich",5,"Sun",3,"Bear",3,"right",FALSE,"left",FALSE,32,FALSE,FALSE,TRUE,"middle","left",FALSE,TRUE,FALSE,"left","right",FALSE
"616ef680ab8ca318a227f5ec","Fire truck",1,"Bowl",2,"Dog",2,"right",FALSE,"middle",FALSE,36,TRUE,FALSE,FALSE,"right","middle",FALSE,TRUE,FALSE,"middle","right",FALSE
"66d9cd06e207a93377f7820e","Squirrel",3,"Bathtub",2,"Glue",2,"middle",FALSE,"right",TRUE,36,FALSE,FALSE,TRUE,"right","left",FALSE,FALSE,TRUE,"right","middle",TRUE
"5962a5b29955ee00015bce98","Ring",1,"Watch",3,"Stamps",3,"left",FALSE,"left",TRUE,36,TRUE,FALSE,FALSE,"left","middle",TRUE,FALSE,FALSE,"left","left",TRUE
"641384b3dffcf39ec42d3c23","Octopus",4,"Broom",3,"Glasses",3,"middle",FALSE,"left",TRUE,36,FALSE,FALSE,TRUE,"left","right",FALSE,FALSE,TRUE,"left","middle",FALSE
"59692d61355b45000106c592","Pie",3,"Crackers",4,"Popsicle",4,"right",FALSE,"middle",FALSE,36,TRUE,FALSE,FALSE,"right","middle",FALSE,TRUE,FALSE,"middle","right",FALSE
"5dd05d80b2204f1487f7812c","Corn",1,"Fly",3,"Phone",3,"right",FALSE,"right",FALSE,36,FALSE,TRUE,FALSE,"middle","middle",TRUE,FALSE,FALSE,"right","right",FALSE
"6321d9c78e8e3c04f82a0ea0","Rice",1,"Hoop",4,"Tape",4,"middle",FALSE,"middle",TRUE,36,TRUE,FALSE,FALSE,"middle","left",TRUE,FALSE,FALSE,"middle","middle",FALSE
"632d189d6b8f03d0d3db4c48","Carrots",1,"Necklace",4,"Bee",4,"left",FALSE,"middle",TRUE,36,FALSE,FALSE,TRUE,"middle","right",FALSE,FALSE,TRUE,"middle","left",TRUE
"63b3377ca1ccdfc7cc567503","Stool",1,"Octopus",5,"Whistle",5,"right",FALSE,"right",FALSE,36,FALSE,FALSE,TRUE,"middle","left",TRUE,FALSE,FALSE,"right","right",TRUE
"6678813aec86d687a654dedb","Kangaroo",3,"Dog",4,"Gorilla",4,"right",FALSE,"left",TRUE,36,FALSE,TRUE,FALSE,"left","left",FALSE,TRUE,FALSE,"left","right",FALSE
"55cce6ea34e90600058d1e6d","Lion",2,"Fingernail",4,"Bag",4,"right",FALSE,"left",FALSE,36,TRUE,FALSE,FALSE,"right","middle",FALSE,FALSE,TRUE,"left","right",FALSE
"6658bba1a51a037d25bb677e","Bat",5,"TV",1,"Rock",1,"middle",FALSE,"right",FALSE,36,TRUE,FALSE,FALSE,"middle","left",FALSE,FALSE,TRUE,"right","middle",TRUE
"60f5df9db9380d875c320307","Barn",1,"Pear",2,"Duck",2,"middle",TRUE,"middle",TRUE,36,TRUE,FALSE,FALSE,"middle","left",TRUE,FALSE,FALSE,"middle","middle",FALSE
"63d5b810f3dbbd11e7e65870","Queen",2,"Straw",5,"Door",5,"left",FALSE,"left",FALSE,36,FALSE,TRUE,FALSE,"middle","middle",TRUE,FALSE,FALSE,"left","left",FALSE
"66d1fdd400acfdbc181f41e0","Square",1,"Nose",4,"Tricycle",4,"left",FALSE,"right",FALSE,36,TRUE,FALSE,FALSE,"left","middle",FALSE,FALSE,TRUE,"right","left",FALSE
"67b636c4ea38855cbb08ffe3","Sink",5,"Car",4,"Sunglasses",4,"right",FALSE,"right",TRUE,36,TRUE,FALSE,FALSE,"right","middle",TRUE,FALSE,FALSE,"right","right",FALSE
"5e1b795dc799223a3b447ada","Swing",5,"Duck",3,"Nest",3,"middle",FALSE,"left",FALSE,36,FALSE,FALSE,TRUE,"right","left",FALSE,TRUE,FALSE,"left","middle",FALSE
"5c5cad3e4ee81200018eafe2","Hammer",4,"Paints",1,"Hat",1,"right",FALSE,"left",TRUE,36,FALSE,FALSE,TRUE,"left","middle",FALSE,FALSE,TRUE,"left","right",FALSE
"5bc5be2572df5f00014479f9","Soup",5,"Socks",1,"Hose",1,"right",FALSE,"left",TRUE,36,FALSE,TRUE,FALSE,"left","left",FALSE,TRUE,FALSE,"left","right",FALSE
"5f8f436e4676a71879786b95","Stars",4,"Pear",4,"Grass",4,"middle",TRUE,"middle",TRUE,36,TRUE,FALSE,FALSE,"middle","right",TRUE,FALSE,FALSE,"middle","middle",FALSE
"669053bbebafdd430e770142","Tie",3,"Shorts",4,"Bird",4,"right",FALSE,"left",FALSE,36,TRUE,FALSE,FALSE,"right","left",FALSE,TRUE,FALSE,"left","right",FALSE
"677419f93048c66d62d2bf87","Snow",4,"Shirt",1,"Underwear",1,"left",FALSE,"right",FALSE,36,TRUE,FALSE,FALSE,"left","middle",FALSE,FALSE,TRUE,"right","left",FALSE
"574aff1b5bef980007af2745","Tiger",2,"Belt",5,"Refrigerator",5,"left",FALSE,"right",FALSE,36,FALSE,TRUE,FALSE,"middle","middle",FALSE,FALSE,TRUE,"right","left",FALSE
"58404fd8ad98e40001ce915f","Vacuum",5,"Newspaper",4,"Moon",4,"right",FALSE,"right",TRUE,36,TRUE,FALSE,FALSE,"right","left",TRUE,FALSE,FALSE,"right","right",FALSE
"5de8887aa2db898017debf1a","Bananas",2,"Sunglasses",1,"Pan",1,"left",TRUE,"left",TRUE,36,TRUE,FALSE,FALSE,"left","right",TRUE,FALSE,FALSE,"left","left",FALSE
"59d949cf8fd07a000184247e","Ladder",3,"Knee",3,"Hose",3,"left",FALSE,"left",TRUE,36,TRUE,FALSE,FALSE,"left","middle",TRUE,FALSE,FALSE,"left","left",FALSE
"662945728093113a43ab8077","Microphone",5,"Cup",1,"Boat",1,"middle",FALSE,"middle",TRUE,36,TRUE,FALSE,FALSE,"middle","left",TRUE,FALSE,FALSE,"middle","middle",TRUE
"676058418c08c71e4bb7cbd1","Flower",1,"Pajamas",5,"Sun",5,"right",FALSE,"right",TRUE,36,TRUE,FALSE,FALSE,"right","middle",TRUE,FALSE,FALSE,"right","right",TRUE
"6643d22289210a4edf21e84d","Pirate",3,"Teddy Bear",2,"TV",2,"right",FALSE,"right",TRUE,36,TRUE,FALSE,FALSE,"right","middle",TRUE,FALSE,FALSE,"right","right",FALSE
"58954e2dc88c680001dd4b7e","Bridge",2,"Bug",2,"Sandals",2,"right",FALSE,"right",TRUE,36,TRUE,FALSE,FALSE,"right","middle",TRUE,FALSE,FALSE,"right","right",TRUE
"5b757a03976ecb0001b1168f","Square",3,"Taco",2,"Flashlight",2,"left",FALSE,"right",FALSE,36,TRUE,FALSE,FALSE,"left","middle",FALSE,FALSE,TRUE,"right","left",FALSE
"681b781064a5701a5ceee3bc","Bubbles",5,"Soup",4,"Tiger",4,"left",FALSE,"right",FALSE,36,TRUE,FALSE,FALSE,"left","middle",FALSE,FALSE,TRUE,"right","left",TRUE
"6716c6700f376dc7f534af9d","Cake",2,"Sweater",5,"Balls",5,"right",FALSE,"left",FALSE,36,TRUE,FALSE,FALSE,"right","middle",FALSE,FALSE,TRUE,"left","right",FALSE
"671a3ac3dada5efe6d439698","Dog",5,"Pie",2,"Water",2,"left",FALSE,"middle",TRUE,36,FALSE,TRUE,FALSE,"middle","middle",FALSE,TRUE,FALSE,"middle","left",FALSE
"676b89007874c8eace113276","Ant",3,"Chair",2,"Triangle",2,"left",FALSE,"left",TRUE,36,TRUE,FALSE,FALSE,"left","middle",TRUE,FALSE,FALSE,"left","left",FALSE
"6825af939111d286546fdde6","Bandaid",1,"Pants",4,"Suitcase",4,"middle",FALSE,"middle",TRUE,36,TRUE,FALSE,FALSE,"middle","right",TRUE,FALSE,FALSE,"middle","middle",FALSE
"67164c92298409e37c670b3d","Radio",4,"Window",4,"Pool",4,"middle",FALSE,"middle",TRUE,36,TRUE,FALSE,FALSE,"middle","left",TRUE,FALSE,FALSE,"middle","middle",FALSE
"682b3f63d0e2c4eff64fe664","Notebook",3,"Pool",3,"Sunglasses",3,"right",FALSE,"middle",FALSE,36,TRUE,FALSE,FALSE,"right","left",FALSE,FALSE,TRUE,"middle","right",TRUE
"5d3695969749cc00165c222f","Washcloth",2,"Heart",3,"Comb",3,"left",FALSE,"middle",TRUE,36,FALSE,FALSE,TRUE,"middle","right",FALSE,FALSE,TRUE,"middle","left",TRUE
"664521e03117b782ed4fff45","Hot Dog",5,"Duck",2,"Head",2,"right",FALSE,"left",TRUE,36,FALSE,TRUE,FALSE,"left","left",FALSE,TRUE,FALSE,"left","right",FALSE
"5f0db498f5e4e102c0f65b67","Napkin",5,"Skateboard",1,"Lunch",1,"right",FALSE,"left",TRUE,32,FALSE,TRUE,FALSE,"left","left",FALSE,TRUE,FALSE,"left","right",FALSE
"6773dea609f77d473900997a","Ladder",1,"Wagon",4,"Helicopter",4,"left",FALSE,"middle",TRUE,36,FALSE,TRUE,FALSE,"middle","middle",FALSE,TRUE,FALSE,"middle","left",TRUE
"637fcee60a8378c1c3a65898","Ice Cream",5,"Potatoes",3,"Stairs",3,"left",FALSE,"left",FALSE,36,FALSE,FALSE,TRUE,"right","middle",TRUE,FALSE,FALSE,"left","left",FALSE
"63f77a5dde1ea03305e119e0","Yogurt",5,"Toilet",5,"Cow",5,"middle",FALSE,"left",TRUE,36,FALSE,FALSE,TRUE,"left","right",FALSE,FALSE,TRUE,"left","middle",FALSE
"5fbf90f025a567296d943c7e","Pot",5,"Butterfly",1,"Pudding",1,"right",FALSE,"left",TRUE,36,FALSE,FALSE,TRUE,"left","middle",FALSE,FALSE,TRUE,"left","right",FALSE
"636d6ce3fb3683ff33f9e514","Crayons",2,"Bucket",5,"Paper",5,"right",FALSE,"middle",TRUE,36,FALSE,TRUE,FALSE,"middle","middle",FALSE,TRUE,FALSE,"middle","right",FALSE
"5af2a03697a14300017d2ba4","Rain",1,"Lunch",5,"Fork",5,"right",FALSE,"middle",TRUE,36,FALSE,TRUE,FALSE,"middle","middle",FALSE,TRUE,FALSE,"middle","right",FALSE
"60e3a25e8be835f754795d93","Sheep",5,"Lamp",1,"Tree",1,"right",FALSE,"left",TRUE,36,FALSE,TRUE,FALSE,"left","left",FALSE,TRUE,FALSE,"left","right",TRUE
"66b5172c8f0bd3b23ce66c22","Sweater",1,"Wing",3,"Squirrel",3,"middle",FALSE,"left",FALSE,37,TRUE,FALSE,FALSE,"middle","right",FALSE,FALSE,TRUE,"left","middle",FALSE
"5ba60abd9629a90001b36fdc","Juice",4,"Movie",4,"Dolphin",4,"right",FALSE,"middle",TRUE,37,FALSE,FALSE,TRUE,"middle","left",FALSE,FALSE,TRUE,"middle","right",FALSE
"65dc99d0191a135ab835bf69","Fork",3,"Movie",2,"Bone",2,"left",FALSE,"right",TRUE,37,FALSE,TRUE,FALSE,"right","right",FALSE,TRUE,FALSE,"right","left",FALSE
"60fe7bf61c7567f5cca9ade6","Bridge",4,"Marker",2,"Jump rope",2,"middle",FALSE,"left",TRUE,37,FALSE,FALSE,TRUE,"left","right",FALSE,FALSE,TRUE,"left","middle",TRUE
"5c9d88bb2b3c77001744ec1c","Waffle",3,"Sink",4,"Pear",4,"right",TRUE,"right",TRUE,37,TRUE,FALSE,FALSE,"right","middle",TRUE,FALSE,FALSE,"right","right",FALSE
"5e283f576dbb560114ac7714","Chair",2,"Tummy",3,"Jump rope",3,"right",FALSE,"left",FALSE,37,TRUE,FALSE,FALSE,"right","left",FALSE,TRUE,FALSE,"left","right",FALSE
"62e02b1ed5b0fbc1b1dc09e7","Glasses",1,"Baby",1,"Waffle",1,"middle",FALSE,"right",TRUE,37,FALSE,TRUE,FALSE,"right","right",FALSE,TRUE,FALSE,"right","middle",FALSE
"5ecf9b46617a9b3dd56b3fe3","Car",2,"Soda",3,"Tie",3,"middle",FALSE,"middle",TRUE,37,TRUE,FALSE,FALSE,"middle","right",TRUE,FALSE,FALSE,"middle","middle",TRUE
"590b3401182caf0001ab5801","Fire",1,"Rice",5,"Pig",5,"middle",FALSE,"middle",TRUE,37,TRUE,FALSE,FALSE,"middle","left",TRUE,FALSE,FALSE,"middle","middle",FALSE
"65c11389b0d2ba8e63cb8b22","Elephant",3,"Gorilla",1,"Vacuum",1,"middle",FALSE,"right",TRUE,37,FALSE,FALSE,TRUE,"right","left",FALSE,FALSE,TRUE,"right","middle",FALSE
"5d15160539eeea001683830c","Pizza",4,"Cloud",1,"Scooter",1,"middle",FALSE,"left",TRUE,37,FALSE,TRUE,FALSE,"left","left",FALSE,TRUE,FALSE,"left","middle",FALSE
"6620b6a209127dafd5b2dfb9","Teapot",4,"Hose",1,"Glove",1,"right",FALSE,"left",TRUE,37,FALSE,FALSE,TRUE,"left","middle",FALSE,FALSE,TRUE,"left","right",FALSE
"56c65a5a305eaa0005f2a634","Barn",3,"Snow",3,"Water",3,"left",FALSE,"right",FALSE,37,FALSE,TRUE,FALSE,"middle","middle",FALSE,FALSE,TRUE,"right","left",FALSE
"59fb1518b47dfc0001b6659b","Circle",1,"Sandals",3,"Cat",3,"right",FALSE,"middle",TRUE,37,FALSE,TRUE,FALSE,"middle","middle",FALSE,TRUE,FALSE,"middle","right",FALSE
"602c0fc2eff74b4748e9b41e","Net",2,"Pants",1,"Spider",1,"middle",FALSE,"middle",FALSE,37,FALSE,FALSE,TRUE,"right","left",TRUE,FALSE,FALSE,"middle","middle",FALSE
"5bcc98d1db645700015222b5","Stairs",4,"Yo-yo",2,"Bug",2,"middle",FALSE,"right",TRUE,37,FALSE,TRUE,FALSE,"right","right",FALSE,TRUE,FALSE,"right","middle",FALSE
"6773e6e6b205d22a2e097735","Boots",4,"Diaper",5,"CD",5,"right",FALSE,"left",FALSE,37,TRUE,FALSE,FALSE,"right","left",FALSE,TRUE,FALSE,"left","right",FALSE
"67505c42a18c872bab88ed42","Sandwich",2,"Table",5,"Bee",5,"middle",FALSE,"middle",TRUE,37,TRUE,FALSE,FALSE,"middle","left",TRUE,FALSE,FALSE,"middle","middle",FALSE
"62a1e021702679d27813a3e2","Umbrella",4,"Squirrel",1,"Straw",1,"right",FALSE,"left",TRUE,37,FALSE,TRUE,FALSE,"left","left",FALSE,TRUE,FALSE,"left","right",FALSE
"639f294882a3797f77a3dd81","Dress",3,"Bean",2,"Bike",2,"middle",FALSE,"right",TRUE,37,FALSE,FALSE,TRUE,"right","left",FALSE,FALSE,TRUE,"right","middle",FALSE
"654bc148c95bca00d541ec33","Dinosaur",4,"Candy",2,"Shirt",2,"right",FALSE,"left",TRUE,37,FALSE,TRUE,FALSE,"left","left",FALSE,TRUE,FALSE,"left","right",TRUE
"5d23460ad4c57900192b129c","Paper",3,"Toothbrush",1,"Boat",1,"middle",FALSE,"right",TRUE,37,FALSE,FALSE,TRUE,"right","left",FALSE,FALSE,TRUE,"right","middle",FALSE
"67673cda94b4d0cf1a6a7382","Whistle",4,"Tissue",3,"Hands",3,"left",FALSE,"right",FALSE,37,FALSE,TRUE,FALSE,"middle","middle",FALSE,FALSE,TRUE,"right","left",FALSE
"5c4f5967aac8be0001716a65","CD",3,"Bug",3,"Mailbox",3,"right",FALSE,"left",TRUE,37,FALSE,TRUE,FALSE,"left","left",FALSE,TRUE,FALSE,"left","right",FALSE
"67758c9a30d6819221153393","Brush",1,"Cheese",4,"Paper",4,"middle",FALSE,"right",FALSE,37,TRUE,FALSE,FALSE,"middle","right",FALSE,TRUE,FALSE,"right","middle",FALSE
"66b37344796f45313433abc8","Horse",4,"Jump rope",5,"Socks",5,"right",FALSE,"middle",FALSE,37,FALSE,FALSE,TRUE,"left","middle",FALSE,TRUE,FALSE,"middle","right",FALSE
"632096b5574155e8727c50cc","Towels",5,"Fries",4,"Yo-yo",4,"left",FALSE,"left",TRUE,37,TRUE,FALSE,FALSE,"left","right",TRUE,FALSE,FALSE,"left","left",FALSE
"66dcc0e54f44ccecf2730c76","Fingernail",2,"Circle",5,"Car",5,"middle",FALSE,"right",FALSE,37,TRUE,FALSE,FALSE,"middle","left",FALSE,FALSE,TRUE,"right","middle",TRUE
"60fac7ec133b6bf250d6d668","Pirate",4,"Fish",5,"Peas",5,"left",FALSE,"middle",FALSE,37,TRUE,FALSE,FALSE,"left","right",FALSE,FALSE,TRUE,"middle","left",FALSE
"5e459f61418f610891628564","Newspaper",3,"Clown",3,"Dolls",3,"left",FALSE,"right",TRUE,37,FALSE,TRUE,FALSE,"right","right",FALSE,TRUE,FALSE,"right","left",FALSE
"5e89ec793c01b3685a00bb12","Hips",2,"Ant",4,"Triangle",4,"middle",FALSE,"right",TRUE,37,FALSE,FALSE,TRUE,"right","left",FALSE,FALSE,TRUE,"right","middle",FALSE
"631d197eba06364cbea7fab2","Fence",4,"Toy",3,"Shampoo",3,"right",FALSE,"right",FALSE,37,FALSE,FALSE,TRUE,"left","middle",TRUE,FALSE,FALSE,"right","right",TRUE
"61656042f505fd7fa53e8628","Eyes",1,"Pencil",2,"Fingernail",2,"right",FALSE,"middle",TRUE,33,FALSE,FALSE,TRUE,"middle","left",FALSE,FALSE,TRUE,"middle","right",FALSE
"66fd3f6c93c24ecc119be354","Wheel",2,"Battery",2,"Car",2,"middle",FALSE,"right",TRUE,37,FALSE,FALSE,TRUE,"right","left",FALSE,FALSE,TRUE,"right","middle",TRUE
"5af1a4bc6e136b0001411714","Newspaper",5,"Pirate",4,"Puzzles",4,"left",FALSE,"left",TRUE,37,TRUE,FALSE,FALSE,"left","middle",TRUE,FALSE,FALSE,"left","left",FALSE
"60ed501279c68ea1a313d0aa","Jump rope",5,"Pool",1,"Brush",1,"left",FALSE,"left",TRUE,37,TRUE,FALSE,FALSE,"left","right",TRUE,FALSE,FALSE,"left","left",FALSE
"5bf2f728bd9f150001f6cc42","Mouse",4,"Balloons",1,"Dolphin",1,"left",FALSE,"right",TRUE,37,FALSE,FALSE,TRUE,"right","middle",FALSE,FALSE,TRUE,"right","left",FALSE
"59a734ce0c87a000017481ed","Bus",5,"Marker",4,"Soap",4,"middle",FALSE,"right",TRUE,37,FALSE,TRUE,FALSE,"right","right",FALSE,TRUE,FALSE,"right","middle",FALSE
"615e420a23219efe3427a367","Butter",3,"Bug",4,"Blocks",4,"middle",FALSE,"left",TRUE,37,FALSE,FALSE,TRUE,"left","right",FALSE,FALSE,TRUE,"left","middle",FALSE
"66b244a2f436437d3e109bbe","Straw",4,"Toes",2,"Pants",2,"middle",FALSE,"left",FALSE,37,TRUE,FALSE,FALSE,"middle","right",FALSE,FALSE,TRUE,"left","middle",TRUE
"5f1b05a8703c380d1393bb27","Microphone",5,"Curtain",3,"Bus",3,"left",FALSE,"middle",TRUE,37,FALSE,FALSE,TRUE,"middle","right",FALSE,FALSE,TRUE,"middle","left",FALSE
"6684497541f835bd67a199b2","Milk",3,"Bat",4,"Crackers",4,"middle",FALSE,"right",TRUE,37,FALSE,FALSE,TRUE,"right","left",FALSE,FALSE,TRUE,"right","middle",FALSE
"5eeddefa177a7322144cbc5e","Dress",2,"Sand",3,"Bacon",3,"left",FALSE,"right",FALSE,37,TRUE,FALSE,FALSE,"left","middle",FALSE,FALSE,TRUE,"right","left",FALSE
"63ee9abfa262bea95766dd9c","Pan",3,"Dresser",5,"Straw",5,"right",FALSE,"right",TRUE,37,TRUE,FALSE,FALSE,"right","left",TRUE,FALSE,FALSE,"right","right",TRUE
"66cfab152c56aa0472529001","Crayons",3,"Octopus",4,"Computer",4,"left",FALSE,"middle",FALSE,37,TRUE,FALSE,FALSE,"left","middle",FALSE,TRUE,FALSE,"middle","left",TRUE
"6571fd9d691befe21fa61d18","Towels",2,"Underwear",5,"CD",5,"right",FALSE,"middle",TRUE,37,FALSE,FALSE,TRUE,"middle","left",FALSE,FALSE,TRUE,"middle","right",FALSE
"66312361cf5d4099e1330532","Carrots",2,"Hair",2,"Chopsticks",2,"left",FALSE,"left",TRUE,37,TRUE,FALSE,FALSE,"left","right",TRUE,FALSE,FALSE,"left","left",FALSE
"6722ea20fb84b196f0a649b6","Sand",1,"Rain",2,"Spiderweb",2,"right",FALSE,"right",TRUE,37,TRUE,FALSE,FALSE,"right","left",TRUE,FALSE,FALSE,"right","right",FALSE
"5ddce9f0f85b50c4fc1515a4","Tiger",3,"Hose",5,"Keys",5,"left",FALSE,"middle",TRUE,37,FALSE,FALSE,TRUE,"middle","right",FALSE,FALSE,TRUE,"middle","left",FALSE
"5c3bdbf548ad2900017fac31","Owl",1,"Diaper",3,"Sunglasses",3,"left",FALSE,"right",FALSE,37,FALSE,TRUE,FALSE,"middle","middle",FALSE,FALSE,TRUE,"right","left",FALSE
"6844a1b95271dfc560af4709","Cupcake",2,"Drum",5,"Rope",5,"middle",FALSE,"left",TRUE,37,FALSE,TRUE,FALSE,"left","left",FALSE,TRUE,FALSE,"left","middle",FALSE
"5e121701dc79bd8a1a22ca99","Lion",1,"Fork",4,"Nest",4,"right",FALSE,"right",TRUE,33,TRUE,FALSE,FALSE,"right","left",TRUE,FALSE,FALSE,"right","right",FALSE
"616ef680ab8ca318a227f5ec","Wing",2,"Hoop",5,"Head",5,"left",FALSE,"right",TRUE,37,FALSE,FALSE,TRUE,"right","middle",FALSE,FALSE,TRUE,"right","left",FALSE
"66d9cd06e207a93377f7820e","Toes",5,"Grass",5,"Ankle",5,"middle",FALSE,"middle",TRUE,37,TRUE,FALSE,FALSE,"middle","left",TRUE,FALSE,FALSE,"middle","middle",TRUE
"5962a5b29955ee00015bce98","Tree",5,"Arm",4,"Button",4,"left",FALSE,"left",FALSE,37,FALSE,FALSE,TRUE,"right","middle",TRUE,FALSE,FALSE,"left","left",TRUE
"641384b3dffcf39ec42d3c23","Baby",1,"Tractor",3,"Wing",3,"middle",FALSE,"middle",TRUE,37,TRUE,FALSE,FALSE,"middle","right",TRUE,FALSE,FALSE,"middle","middle",FALSE
"59692d61355b45000106c592","Monkey",3,"Zebra",4,"Circle",4,"right",FALSE,"left",TRUE,37,FALSE,FALSE,TRUE,"left","middle",FALSE,FALSE,TRUE,"left","right",FALSE
"5dd05d80b2204f1487f7812c","Grapes",3,"Bat",5,"Blanket",5,"left",TRUE,"left",TRUE,37,TRUE,FALSE,FALSE,"left","middle",TRUE,FALSE,FALSE,"left","left",FALSE
"6321d9c78e8e3c04f82a0ea0","Lizard",4,"Toilet",1,"Fish",1,"middle",FALSE,"left",TRUE,37,FALSE,TRUE,FALSE,"left","left",FALSE,TRUE,FALSE,"left","middle",FALSE
"632d189d6b8f03d0d3db4c48","Fence",1,"Bat",5,"Rain",5,"left",FALSE,"middle",TRUE,37,FALSE,FALSE,TRUE,"middle","right",FALSE,FALSE,TRUE,"middle","left",TRUE
"63b3377ca1ccdfc7cc567503","Button",3,"Paper",3,"Pen",3,"middle",FALSE,"left",TRUE,37,FALSE,TRUE,FALSE,"left","left",FALSE,TRUE,FALSE,"left","middle",TRUE
"6678813aec86d687a654dedb","Heart",3,"Grass",5,"Clock",5,"right",FALSE,"middle",FALSE,37,TRUE,FALSE,FALSE,"right","left",FALSE,FALSE,TRUE,"middle","right",FALSE
"55cce6ea34e90600058d1e6d","Fish",5,"Motorcycle",5,"Watch",5,"left",FALSE,"left",FALSE,37,FALSE,TRUE,FALSE,"middle","middle",TRUE,FALSE,FALSE,"left","left",FALSE
"6658bba1a51a037d25bb677e","Clown",2,"Candy",1,"Socks",1,"middle",FALSE,"middle",TRUE,37,TRUE,FALSE,FALSE,"middle","left",TRUE,FALSE,FALSE,"middle","middle",TRUE
"60f5df9db9380d875c320307","Zebra",5,"Mirror",2,"Pants",2,"right",FALSE,"right",FALSE,37,FALSE,FALSE,TRUE,"middle","left",TRUE,FALSE,FALSE,"right","right",FALSE
"63d5b810f3dbbd11e7e65870","Dresser",5,"Hands",4,"Fence",4,"left",FALSE,"left",TRUE,37,TRUE,FALSE,FALSE,"left","middle",TRUE,FALSE,FALSE,"left","left",FALSE
"66d1fdd400acfdbc181f41e0","Blanket",1,"Giraffe",2,"String",2,"right",FALSE,"right",FALSE,37,FALSE,TRUE,FALSE,"middle","middle",TRUE,FALSE,FALSE,"right","right",FALSE
"67b636c4ea38855cbb08ffe3","Pretzel",4,"Owl",1,"Bagel",1,"left",FALSE,"middle",TRUE,37,FALSE,TRUE,FALSE,"middle","middle",FALSE,TRUE,FALSE,"middle","left",FALSE
"5e1b795dc799223a3b447ada","Spoon",5,"Circle",1,"Cake",1,"right",FALSE,"left",TRUE,37,FALSE,TRUE,FALSE,"left","left",FALSE,TRUE,FALSE,"left","right",FALSE
"5c5cad3e4ee81200018eafe2","Water",5,"Potatoes",3,"Flashlight",3,"right",FALSE,"left",FALSE,37,FALSE,TRUE,FALSE,"middle","middle",FALSE,FALSE,TRUE,"left","right",FALSE
"5bc5be2572df5f00014479f9","Chips",2,"Pajamas",3,"Corn",3,"right",FALSE,"right",TRUE,37,TRUE,FALSE,FALSE,"right","left",TRUE,FALSE,FALSE,"right","right",FALSE
"5f8f436e4676a71879786b95","Elephant",2,"Pancakes",1,"Dog",1,"middle",FALSE,"right",FALSE,37,FALSE,FALSE,TRUE,"left","right",FALSE,TRUE,FALSE,"right","middle",FALSE
"669053bbebafdd430e770142","Pig",1,"Straw",2,"Swing",2,"right",FALSE,"left",TRUE,37,FALSE,TRUE,FALSE,"left","left",FALSE,TRUE,FALSE,"left","right",FALSE
"677419f93048c66d62d2bf87","Hat",1,"Rice",1,"Hot Dog",1,"right",FALSE,"right",TRUE,37,TRUE,FALSE,FALSE,"right","middle",TRUE,FALSE,FALSE,"right","right",FALSE
"574aff1b5bef980007af2745","Bus",5,"Cake",2,"Coloring Book",2,"left",FALSE,"left",TRUE,37,TRUE,FALSE,FALSE,"left","middle",TRUE,FALSE,FALSE,"left","left",FALSE
"58404fd8ad98e40001ce915f","Cable",1,"Pretzel",5,"Slinky",5,"middle",FALSE,"middle",TRUE,37,TRUE,FALSE,FALSE,"middle","left",TRUE,FALSE,FALSE,"middle","middle",FALSE
"5de8887aa2db898017debf1a","Ear",4,"Fire",2,"Slinky",2,"middle",FALSE,"left",TRUE,37,FALSE,FALSE,TRUE,"left","right",FALSE,FALSE,TRUE,"left","middle",FALSE
"59d949cf8fd07a000184247e","Movie",3,"Tricycle",3,"Fire",3,"left",FALSE,"middle",TRUE,37,FALSE,TRUE,FALSE,"middle","middle",FALSE,TRUE,FALSE,"middle","left",FALSE
"662945728093113a43ab8077","Fish",1,"Elbow",4,"Hanger",4,"right",FALSE,"middle",FALSE,37,TRUE,FALSE,FALSE,"right","left",FALSE,FALSE,TRUE,"middle","right",TRUE
"676058418c08c71e4bb7cbd1","Clock",2,"Fingernail",3,"Necklace",3,"right",FALSE,"right",FALSE,37,FALSE,FALSE,TRUE,"left","middle",TRUE,FALSE,FALSE,"right","right",TRUE
"6643d22289210a4edf21e84d","Snow",2,"Bucket",3,"Bottle",3,"left",FALSE,"middle",TRUE,37,FALSE,TRUE,FALSE,"middle","middle",FALSE,TRUE,FALSE,"middle","left",FALSE
"58954e2dc88c680001dd4b7e","Lamp",2,"Moon",4,"Cereal",4,"left",FALSE,"left",TRUE,37,TRUE,FALSE,FALSE,"left","middle",TRUE,FALSE,FALSE,"left","left",TRUE
"5b757a03976ecb0001b1168f","Baby",5,"Toilet",5,"Arm",5,"left",FALSE,"left",FALSE,37,FALSE,TRUE,FALSE,"middle","middle",TRUE,FALSE,FALSE,"left","left",FALSE
"681b781064a5701a5ceee3bc","Stove",4,"Umbrella",4,"Rice",4,"right",FALSE,"right",FALSE,37,FALSE,TRUE,FALSE,"middle","middle",TRUE,FALSE,FALSE,"right","right",TRUE
"6716c6700f376dc7f534af9d","Bead",4,"Fence",3,"Dinosaur",3,"right",FALSE,"left",TRUE,37,FALSE,FALSE,TRUE,"left","middle",FALSE,FALSE,TRUE,"left","right",FALSE
"671a3ac3dada5efe6d439698","Washcloth",4,"Taco",1,"Butterfly",1,"left",FALSE,"right",FALSE,37,FALSE,TRUE,FALSE,"middle","middle",FALSE,FALSE,TRUE,"right","left",FALSE
"676b89007874c8eace113276","Pie",3,"Money",3,"Helicopter",3,"right",FALSE,"right",TRUE,37,TRUE,FALSE,FALSE,"right","middle",TRUE,FALSE,FALSE,"right","right",FALSE
"6825af939111d286546fdde6","Butterfly",1,"String",1,"Broom",1,"middle",FALSE,"left",TRUE,37,FALSE,FALSE,TRUE,"left","right",FALSE,FALSE,TRUE,"left","middle",FALSE
"67164c92298409e37c670b3d","Frog",5,"Doughnut",3,"Earring",3,"middle",FALSE,"middle",FALSE,37,FALSE,TRUE,FALSE,"left","left",TRUE,FALSE,FALSE,"middle","middle",FALSE
"682b3f63d0e2c4eff64fe664","Stairs",5,"Puppets",5,"Rope",5,"middle",FALSE,"middle",TRUE,37,TRUE,FALSE,FALSE,"middle","left",TRUE,FALSE,FALSE,"middle","middle",TRUE
"5d3695969749cc00165c222f","Rabbit",2,"Boat",1,"Carrots",1,"left",FALSE,"right",TRUE,37,FALSE,TRUE,FALSE,"right","right",FALSE,TRUE,FALSE,"right","left",TRUE
"664521e03117b782ed4fff45","Wagon",3,"Shoes",2,"Cereal",2,"middle",FALSE,"right",TRUE,37,FALSE,FALSE,TRUE,"right","left",FALSE,FALSE,TRUE,"right","middle",FALSE
"5f0db498f5e4e102c0f65b67","Moon",1,"CD",3,"Leaf",3,"middle",FALSE,"middle",FALSE,33,FALSE,TRUE,FALSE,"left","left",TRUE,FALSE,FALSE,"middle","middle",FALSE
"6773dea609f77d473900997a","Rabbit",2,"Sun",4,"Sandwich",4,"right",FALSE,"right",FALSE,37,FALSE,TRUE,FALSE,"middle","middle",TRUE,FALSE,FALSE,"right","right",TRUE
"637fcee60a8378c1c3a65898","Bandaid",5,"Rice",3,"Belt",3,"right",FALSE,"left",TRUE,37,FALSE,FALSE,TRUE,"left","middle",FALSE,FALSE,TRUE,"left","right",FALSE
"63f77a5dde1ea03305e119e0","Cherry",2,"Rainbow",4,"Door",4,"left",TRUE,"middle",TRUE,37,FALSE,FALSE,TRUE,"middle","right",FALSE,FALSE,TRUE,"middle","left",FALSE
"5fbf90f025a567296d943c7e","Toes",1,"Snow",5,"Lunch",5,"right",FALSE,"middle",TRUE,37,FALSE,TRUE,FALSE,"middle","middle",FALSE,TRUE,FALSE,"middle","right",FALSE
"636d6ce3fb3683ff33f9e514","Curtain",5,"Books",3,"Rainbow",3,"left",FALSE,"left",TRUE,37,TRUE,FALSE,FALSE,"left","middle",TRUE,FALSE,FALSE,"left","left",FALSE
"5af2a03697a14300017d2ba4","Sunglasses",5,"Squirrel",2,"Hat",2,"left",FALSE,"right",FALSE,37,TRUE,FALSE,FALSE,"left","middle",FALSE,FALSE,TRUE,"right","left",FALSE
"60e3a25e8be835f754795d93","Video Tape",1,"Cheese",5,"Pillow",5,"middle",FALSE,"middle",TRUE,37,TRUE,FALSE,FALSE,"middle","left",TRUE,FALSE,FALSE,"middle","middle",TRUE
"66b5172c8f0bd3b23ce66c22","Umbrella",1,"Shoulders",2,"Teapot",2,"left",FALSE,"right",FALSE,38,TRUE,FALSE,FALSE,"left","right",FALSE,TRUE,FALSE,"right","left",FALSE
"5ba60abd9629a90001b36fdc","Rice",5,"Door",3,"Crackers",3,"right",FALSE,"left",FALSE,38,TRUE,FALSE,FALSE,"right","left",FALSE,TRUE,FALSE,"left","right",FALSE
"65dc99d0191a135ab835bf69","Fries",1,"Candy",3,"Stamps",3,"middle",FALSE,"middle",TRUE,38,TRUE,FALSE,FALSE,"middle","right",TRUE,FALSE,FALSE,"middle","middle",FALSE
"60fe7bf61c7567f5cca9ade6","Pie",4,"Cupcake",1,"Wagon",1,"middle",FALSE,"left",TRUE,38,FALSE,FALSE,TRUE,"left","right",FALSE,FALSE,TRUE,"left","middle",TRUE
"5c9d88bb2b3c77001744ec1c","Slinky",5,"Curtain",4,"Iron",4,"right",FALSE,"middle",FALSE,38,FALSE,FALSE,TRUE,"left","middle",FALSE,TRUE,FALSE,"middle","right",FALSE
"5e283f576dbb560114ac7714","Helicopter",1,"Magazine",5,"Rope",5,"right",FALSE,"middle",TRUE,38,FALSE,FALSE,TRUE,"middle","left",FALSE,FALSE,TRUE,"middle","right",FALSE
"62e02b1ed5b0fbc1b1dc09e7","Bow",4,"Hammer",3,"Cow",3,"left",FALSE,"left",TRUE,38,TRUE,FALSE,FALSE,"left","right",TRUE,FALSE,FALSE,"left","left",FALSE
"5ecf9b46617a9b3dd56b3fe3","Hips",4,"Crown",1,"Spider",1,"middle",FALSE,"left",TRUE,38,FALSE,FALSE,TRUE,"left","right",FALSE,FALSE,TRUE,"left","middle",TRUE
"590b3401182caf0001ab5801","Rock",2,"Hands",2,"Candle",2,"middle",FALSE,"middle",FALSE,38,FALSE,FALSE,TRUE,"right","left",TRUE,FALSE,FALSE,"middle","middle",FALSE
"65c11389b0d2ba8e63cb8b22","Paints",4,"Eggs",3,"Bananas",3,"right",TRUE,"right",TRUE,38,TRUE,FALSE,FALSE,"right","left",TRUE,FALSE,FALSE,"right","right",FALSE
"5d15160539eeea001683830c","Candle",1,"Chair",3,"Head",3,"middle",FALSE,"middle",FALSE,38,FALSE,FALSE,TRUE,"right","left",TRUE,FALSE,FALSE,"middle","middle",FALSE
"6620b6a209127dafd5b2dfb9","Giraffe",4,"Rice",4,"Fork",4,"left",FALSE,"left",TRUE,38,TRUE,FALSE,FALSE,"left","middle",TRUE,FALSE,FALSE,"left","left",FALSE
"56c65a5a305eaa0005f2a634","Newspaper",2,"Shirt",1,"Iron",1,"right",FALSE,"right",FALSE,38,FALSE,FALSE,TRUE,"left","middle",TRUE,FALSE,FALSE,"right","right",FALSE
"59fb1518b47dfc0001b6659b","Elephant",4,"Stamps",1,"Rainbow",1,"right",FALSE,"right",TRUE,38,TRUE,FALSE,FALSE,"right","middle",TRUE,FALSE,FALSE,"right","right",FALSE
"602c0fc2eff74b4748e9b41e","Rain",4,"Fire truck",1,"Slide",1,"right",FALSE,"right",FALSE,38,FALSE,TRUE,FALSE,"left","left",TRUE,FALSE,FALSE,"right","right",FALSE
"5bcc98d1db645700015222b5","Bracelet",3,"Table",4,"Waffle",4,"left",FALSE,"middle",FALSE,38,TRUE,FALSE,FALSE,"left","right",FALSE,FALSE,TRUE,"middle","left",FALSE
"6773e6e6b205d22a2e097735","Bacon",2,"Glue",3,"Princess",3,"middle",FALSE,"middle",FALSE,38,FALSE,FALSE,TRUE,"right","left",TRUE,FALSE,FALSE,"middle","middle",FALSE
"67505c42a18c872bab88ed42","Helicopter",1,"Swimsuit",1,"Sink",1,"right",FALSE,"left",FALSE,38,TRUE,FALSE,FALSE,"right","left",FALSE,TRUE,FALSE,"left","right",FALSE
"62a1e021702679d27813a3e2","Computer",5,"Corn",1,"Chicken",1,"middle",FALSE,"right",FALSE,38,FALSE,TRUE,FALSE,"left","left",FALSE,FALSE,TRUE,"right","middle",FALSE
"639f294882a3797f77a3dd81","Candle",3,"Grass",2,"Cup",2,"right",FALSE,"left",TRUE,38,FALSE,TRUE,FALSE,"left","left",FALSE,TRUE,FALSE,"left","right",FALSE
"654bc148c95bca00d541ec33","Helicopter",4,"Napkin",3,"Tricycle",3,"right",FALSE,"left",TRUE,38,FALSE,TRUE,FALSE,"left","left",FALSE,TRUE,FALSE,"left","right",TRUE
"5d23460ad4c57900192b129c","Cow",2,"Video Tape",5,"Fire truck",5,"middle",FALSE,"middle",FALSE,38,FALSE,TRUE,FALSE,"left","left",TRUE,FALSE,FALSE,"middle","middle",FALSE
"67673cda94b4d0cf1a6a7382","Straw",4,"Dolls",1,"Mountain",1,"right",FALSE,"left",FALSE,38,TRUE,FALSE,FALSE,"right","middle",FALSE,FALSE,TRUE,"left","right",FALSE
"5c4f5967aac8be0001716a65","Dresser",5,"Boat",3,"Lizard",3,"right",FALSE,"right",TRUE,38,TRUE,FALSE,FALSE,"right","left",TRUE,FALSE,FALSE,"right","right",FALSE
"67758c9a30d6819221153393","Pig",1,"Flashlight",1,"Sheep",1,"left",FALSE,"middle",TRUE,38,FALSE,FALSE,TRUE,"middle","right",FALSE,FALSE,TRUE,"middle","left",FALSE
"66b37344796f45313433abc8","Heart",5,"Earring",3,"Fries",3,"right",FALSE,"left",FALSE,38,TRUE,FALSE,FALSE,"right","middle",FALSE,FALSE,TRUE,"left","right",FALSE
"632096b5574155e8727c50cc","Blanket",2,"Socks",1,"Bell",1,"middle",FALSE,"right",TRUE,38,FALSE,TRUE,FALSE,"right","right",FALSE,TRUE,FALSE,"right","middle",FALSE
"66dcc0e54f44ccecf2730c76","Dolphin",4,"Toy",5,"Newspaper",5,"middle",FALSE,"right",TRUE,38,FALSE,FALSE,TRUE,"right","left",FALSE,FALSE,TRUE,"right","middle",TRUE
"60fac7ec133b6bf250d6d668","Giraffe",1,"Bus",4,"Fence",4,"middle",FALSE,"right",FALSE,38,TRUE,FALSE,FALSE,"middle","right",FALSE,TRUE,FALSE,"right","middle",FALSE
"5e459f61418f610891628564","Juice",3,"Rabbit",5,"Zebra",5,"middle",FALSE,"middle",TRUE,38,TRUE,FALSE,FALSE,"middle","right",TRUE,FALSE,FALSE,"middle","middle",FALSE
"5e89ec793c01b3685a00bb12","Cow",2,"Bee",4,"Waffle",4,"right",FALSE,"middle",TRUE,38,FALSE,FALSE,TRUE,"middle","left",FALSE,FALSE,TRUE,"middle","right",FALSE
"631d197eba06364cbea7fab2","Airplane",5,"Hat",5,"Car",5,"right",FALSE,"left",TRUE,38,FALSE,FALSE,TRUE,"left","middle",FALSE,FALSE,TRUE,"left","right",TRUE
"61656042f505fd7fa53e8628","Sheep",3,"Grapes",3,"Helicopter",3,"middle",TRUE,"middle",TRUE,34,TRUE,FALSE,FALSE,"middle","left",TRUE,FALSE,FALSE,"middle","middle",FALSE
"66fd3f6c93c24ecc119be354","Water",5,"Flashlight",1,"Magazine",1,"middle",FALSE,"right",FALSE,38,TRUE,FALSE,FALSE,"middle","left",FALSE,FALSE,TRUE,"right","middle",TRUE
"5af1a4bc6e136b0001411714","Dress",1,"Pants",5,"Rain",5,"right",FALSE,"left",TRUE,38,FALSE,FALSE,TRUE,"left","middle",FALSE,FALSE,TRUE,"left","right",FALSE
"60ed501279c68ea1a313d0aa","Paints",5,"Mouth",3,"Shirt",3,"left",FALSE,"middle",TRUE,38,FALSE,FALSE,TRUE,"middle","right",FALSE,FALSE,TRUE,"middle","left",FALSE
"5bf2f728bd9f150001f6cc42","Snake",4,"Jacket",5,"Spiderweb",5,"left",FALSE,"middle",FALSE,38,TRUE,FALSE,FALSE,"left","middle",FALSE,TRUE,FALSE,"middle","left",FALSE
"59a734ce0c87a000017481ed","Net",5,"Slinky",3,"Toilet",3,"middle",FALSE,"middle",FALSE,38,FALSE,FALSE,TRUE,"left","right",TRUE,FALSE,FALSE,"middle","middle",FALSE
"615e420a23219efe3427a367","Chair",1,"Marker",1,"Juice",1,"left",FALSE,"right",TRUE,38,FALSE,TRUE,FALSE,"right","right",FALSE,TRUE,FALSE,"right","left",FALSE
"66b244a2f436437d3e109bbe","Newspaper",4,"Peas",2,"Scooter",2,"middle",FALSE,"middle",TRUE,38,TRUE,FALSE,FALSE,"middle","right",TRUE,FALSE,FALSE,"middle","middle",TRUE
"5f1b05a8703c380d1393bb27","Pants",4,"Heart",2,"Ostrich",2,"left",FALSE,"left",FALSE,38,FALSE,FALSE,TRUE,"middle","right",TRUE,FALSE,FALSE,"left","left",FALSE
"6684497541f835bd67a199b2","Butterfly",4,"Turtle",5,"Feet",5,"middle",FALSE,"right",TRUE,38,FALSE,FALSE,TRUE,"right","left",FALSE,FALSE,TRUE,"right","middle",FALSE
"5eeddefa177a7322144cbc5e","Pear",1,"Butterfly",3,"Pig",3,"left",TRUE,"left",TRUE,38,TRUE,FALSE,FALSE,"left","middle",TRUE,FALSE,FALSE,"left","left",FALSE
"63ee9abfa262bea95766dd9c","Bread",4,"Peas",1,"Circle",1,"middle",FALSE,"right",TRUE,38,FALSE,FALSE,TRUE,"right","left",FALSE,FALSE,TRUE,"right","middle",TRUE
"66cfab152c56aa0472529001","Teddy Bear",1,"Hips",1,"CD",1,"left",FALSE,"left",FALSE,38,FALSE,FALSE,TRUE,"right","middle",TRUE,FALSE,FALSE,"left","left",TRUE
"6571fd9d691befe21fa61d18","Pajamas",2,"Flashlight",4,"Pencil",4,"middle",FALSE,"right",TRUE,38,FALSE,FALSE,TRUE,"right","left",FALSE,FALSE,TRUE,"right","middle",FALSE
"66312361cf5d4099e1330532","Box",2,"Zipper",1,"Cereal",1,"left",FALSE,"right",TRUE,38,FALSE,TRUE,FALSE,"right","right",FALSE,TRUE,FALSE,"right","left",FALSE
"6722ea20fb84b196f0a649b6","Bowl",4,"Tiger",4,"Bead",4,"right",FALSE,"left",FALSE,38,FALSE,FALSE,TRUE,"middle","left",FALSE,TRUE,FALSE,"left","right",FALSE
"5ddce9f0f85b50c4fc1515a4","Fish",4,"Helicopter",2,"Carrots",2,"left",FALSE,"left",TRUE,38,TRUE,FALSE,FALSE,"left","right",TRUE,FALSE,FALSE,"left","left",FALSE
"5c3bdbf548ad2900017fac31","Curtain",1,"Coloring Book",2,"Rock",2,"right",FALSE,"middle",TRUE,38,FALSE,TRUE,FALSE,"middle","middle",FALSE,TRUE,FALSE,"middle","right",FALSE
"6844a1b95271dfc560af4709","Vacuum",3,"Napkin",4,"Cup",4,"right",FALSE,"middle",TRUE,38,FALSE,FALSE,TRUE,"middle","left",FALSE,FALSE,TRUE,"middle","right",FALSE
"5e121701dc79bd8a1a22ca99","Earring",3,"Lamp",2,"Elbow",2,"right",FALSE,"left",FALSE,34,FALSE,FALSE,TRUE,"middle","left",FALSE,TRUE,FALSE,"left","right",FALSE
"616ef680ab8ca318a227f5ec","Cake",4,"Carrots",5,"Hot Dog",5,"left",FALSE,"left",FALSE,38,FALSE,TRUE,FALSE,"middle","middle",TRUE,FALSE,FALSE,"left","left",FALSE
"66d9cd06e207a93377f7820e","Bagel",3,"Bat",3,"Vacuum",3,"middle",FALSE,"right",FALSE,38,TRUE,FALSE,FALSE,"middle","left",FALSE,FALSE,TRUE,"right","middle",TRUE
"5962a5b29955ee00015bce98","Computer",3,"Tractor",5,"Sink",5,"right",FALSE,"left",TRUE,38,FALSE,FALSE,TRUE,"left","middle",FALSE,FALSE,TRUE,"left","right",TRUE
"641384b3dffcf39ec42d3c23","Pillow",5,"Blanket",4,"Pajamas",4,"middle",FALSE,"right",TRUE,38,FALSE,TRUE,FALSE,"right","right",FALSE,TRUE,FALSE,"right","middle",FALSE
"59692d61355b45000106c592","Fork",4,"Wagon",2,"Crown",2,"left",FALSE,"left",TRUE,38,TRUE,FALSE,FALSE,"left","middle",TRUE,FALSE,FALSE,"left","left",FALSE
"5dd05d80b2204f1487f7812c","Sink",4,"Sheep",5,"Monkey",5,"right",FALSE,"right",FALSE,38,FALSE,FALSE,TRUE,"left","middle",TRUE,FALSE,FALSE,"right","right",FALSE
"6321d9c78e8e3c04f82a0ea0","Boat",3,"Square",3,"Scooter",3,"right",FALSE,"left",TRUE,38,FALSE,TRUE,FALSE,"left","left",FALSE,TRUE,FALSE,"left","right",FALSE
"632d189d6b8f03d0d3db4c48","Sweater",2,"Tricycle",1,"Gorilla",1,"middle",FALSE,"left",FALSE,38,TRUE,FALSE,FALSE,"middle","right",FALSE,FALSE,TRUE,"left","middle",TRUE
"63b3377ca1ccdfc7cc567503","Bridge",2,"Broom",1,"Feet",1,"middle",FALSE,"left",FALSE,38,FALSE,FALSE,TRUE,"right","left",FALSE,TRUE,FALSE,"left","middle",TRUE
"6678813aec86d687a654dedb","Giraffe",4,"Lamp",2,"Stove",2,"middle",FALSE,"left",FALSE,38,TRUE,FALSE,FALSE,"middle","left",FALSE,TRUE,FALSE,"left","middle",FALSE
"55cce6ea34e90600058d1e6d","Toes",5,"Turtle",1,"Strawberries",1,"right",TRUE,"right",TRUE,38,TRUE,FALSE,FALSE,"right","middle",TRUE,FALSE,FALSE,"right","right",FALSE
"6658bba1a51a037d25bb677e","Pig",4,"Heart",3,"Waffle",3,"right",FALSE,"middle",FALSE,38,FALSE,TRUE,FALSE,"left","left",FALSE,FALSE,TRUE,"middle","right",TRUE
"60f5df9db9380d875c320307","Ear",3,"Towels",1,"Earring",1,"right",FALSE,"middle",FALSE,38,TRUE,FALSE,FALSE,"right","left",FALSE,FALSE,TRUE,"middle","right",FALSE
"63d5b810f3dbbd11e7e65870","Triangle",4,"Stove",3,"Sandals",3,"right",FALSE,"right",TRUE,38,TRUE,FALSE,FALSE,"right","middle",TRUE,FALSE,FALSE,"right","right",FALSE
"66d1fdd400acfdbc181f41e0","Horse",5,"Pretzel",1,"Hanger",1,"right",FALSE,"left",TRUE,38,FALSE,FALSE,TRUE,"left","middle",FALSE,FALSE,TRUE,"left","right",FALSE
"67b636c4ea38855cbb08ffe3","Apples",3,"Whistle",2,"Dog",2,"left",TRUE,"left",TRUE,38,TRUE,FALSE,FALSE,"left","middle",TRUE,FALSE,FALSE,"left","left",FALSE
"5e1b795dc799223a3b447ada","Spiderweb",3,"Hot Dog",5,"Pillow",5,"right",FALSE,"right",TRUE,38,TRUE,FALSE,FALSE,"right","left",TRUE,FALSE,FALSE,"right","right",FALSE
"5c5cad3e4ee81200018eafe2","Snake",5,"Taco",1,"Bell",1,"right",FALSE,"right",TRUE,38,TRUE,FALSE,FALSE,"right","middle",TRUE,FALSE,FALSE,"right","right",FALSE
"5bc5be2572df5f00014479f9","Video Tape",3,"Fries",3,"Phone",3,"right",FALSE,"middle",TRUE,38,FALSE,FALSE,TRUE,"middle","left",FALSE,FALSE,TRUE,"middle","right",FALSE
"5f8f436e4676a71879786b95","Play dough",3,"Tape",1,"Towels",1,"left",FALSE,"left",TRUE,38,TRUE,FALSE,FALSE,"left","right",TRUE,FALSE,FALSE,"left","left",FALSE
"669053bbebafdd430e770142","Water",2,"Stairs",4,"Teapot",4,"middle",FALSE,"right",FALSE,38,TRUE,FALSE,FALSE,"middle","left",FALSE,FALSE,TRUE,"right","middle",FALSE
"677419f93048c66d62d2bf87","Apples",1,"String",3,"Pan",3,"left",TRUE,"left",TRUE,38,TRUE,FALSE,FALSE,"left","middle",TRUE,FALSE,FALSE,"left","left",FALSE
"574aff1b5bef980007af2745","Bow",3,"Potatoes",4,"Door",4,"left",FALSE,"right",TRUE,38,FALSE,FALSE,TRUE,"right","middle",FALSE,FALSE,TRUE,"right","left",FALSE
"58404fd8ad98e40001ce915f","Mirror",1,"Mouse",2,"Baby",2,"right",FALSE,"right",TRUE,38,TRUE,FALSE,FALSE,"right","left",TRUE,FALSE,FALSE,"right","right",FALSE
"5de8887aa2db898017debf1a","Corn",1,"Sun",2,"Spaghetti",2,"middle",FALSE,"right",TRUE,38,FALSE,TRUE,FALSE,"right","right",FALSE,TRUE,FALSE,"right","middle",FALSE
"59d949cf8fd07a000184247e","Oranges",2,"Jump rope",2,"Bowl",2,"left",TRUE,"left",TRUE,38,TRUE,FALSE,FALSE,"left","middle",TRUE,FALSE,FALSE,"left","left",FALSE
"662945728093113a43ab8077","Balloons",5,"Popsicle",4,"Ladder",4,"right",FALSE,"right",TRUE,38,TRUE,FALSE,FALSE,"right","left",TRUE,FALSE,FALSE,"right","right",TRUE
"676058418c08c71e4bb7cbd1","Rope",3,"Fries",2,"Baby",2,"left",FALSE,"left",TRUE,38,TRUE,FALSE,FALSE,"left","middle",TRUE,FALSE,FALSE,"left","left",TRUE
"6643d22289210a4edf21e84d","Tree",4,"Mirror",1,"Knee",1,"left",FALSE,"right",FALSE,38,TRUE,FALSE,FALSE,"left","middle",FALSE,FALSE,TRUE,"right","left",FALSE
"58954e2dc88c680001dd4b7e","Box",1,"Washcloth",2,"Bacon",2,"left",FALSE,"middle",TRUE,38,FALSE,TRUE,FALSE,"middle","middle",FALSE,TRUE,FALSE,"middle","left",TRUE
"5b757a03976ecb0001b1168f","Pencil",4,"Cupcake",2,"Crown",2,"left",FALSE,"middle",TRUE,38,FALSE,TRUE,FALSE,"middle","middle",FALSE,TRUE,FALSE,"middle","left",FALSE
"681b781064a5701a5ceee3bc","House",4,"Vacuum",1,"Clock",1,"right",FALSE,"right",TRUE,38,TRUE,FALSE,FALSE,"right","middle",TRUE,FALSE,FALSE,"right","right",TRUE
"6716c6700f376dc7f534af9d","Glue",5,"Candy",3,"Gorilla",3,"right",FALSE,"middle",TRUE,38,FALSE,TRUE,FALSE,"middle","middle",FALSE,TRUE,FALSE,"middle","right",FALSE
"671a3ac3dada5efe6d439698","Yo-yo",3,"Teeth",2,"Potatoes",2,"right",FALSE,"right",TRUE,38,TRUE,FALSE,FALSE,"right","middle",TRUE,FALSE,FALSE,"right","right",FALSE
"676b89007874c8eace113276","Bandaid",5,"Bread",4,"Glove",4,"left",FALSE,"middle",TRUE,38,FALSE,TRUE,FALSE,"middle","middle",FALSE,TRUE,FALSE,"middle","left",FALSE
"6825af939111d286546fdde6","Frog",3,"Heart",1,"Napkin",1,"left",FALSE,"right",FALSE,38,FALSE,FALSE,TRUE,"middle","right",FALSE,TRUE,FALSE,"right","left",FALSE
"67164c92298409e37c670b3d","Bat",2,"Box",2,"Bird",2,"middle",FALSE,"right",TRUE,38,FALSE,FALSE,TRUE,"right","left",FALSE,FALSE,TRUE,"right","middle",FALSE
"682b3f63d0e2c4eff64fe664","Toes",5,"Sandals",1,"Bear",1,"right",FALSE,"middle",FALSE,38,TRUE,FALSE,FALSE,"right","left",FALSE,FALSE,TRUE,"middle","right",TRUE
"5d3695969749cc00165c222f","Hose",1,"Eyes",3,"Pen",3,"left",FALSE,"right",TRUE,38,FALSE,TRUE,FALSE,"right","right",FALSE,TRUE,FALSE,"right","left",TRUE
"664521e03117b782ed4fff45","Toilet",5,"Spider",4,"Ladder",4,"middle",FALSE,"middle",FALSE,38,FALSE,FALSE,TRUE,"right","left",TRUE,FALSE,FALSE,"middle","middle",FALSE
"5f0db498f5e4e102c0f65b67","Pie",1,"Backpack",5,"Sticker",5,"right",FALSE,"right",TRUE,34,TRUE,FALSE,FALSE,"right","left",TRUE,FALSE,FALSE,"right","right",FALSE
"6773dea609f77d473900997a","Pear",3,"Candy",5,"Spoon",5,"left",TRUE,"middle",FALSE,38,FALSE,FALSE,TRUE,"right","middle",FALSE,TRUE,FALSE,"middle","left",TRUE
"637fcee60a8378c1c3a65898","Skateboard",3,"Giraffe",3,"Feet",3,"right",FALSE,"left",FALSE,38,TRUE,FALSE,FALSE,"right","middle",FALSE,FALSE,TRUE,"left","right",FALSE
"63f77a5dde1ea03305e119e0","Wing",1,"Spider",3,"Whistle",3,"left",FALSE,"middle",TRUE,38,FALSE,FALSE,TRUE,"middle","right",FALSE,FALSE,TRUE,"middle","left",FALSE
"5fbf90f025a567296d943c7e","Peas",4,"Socks",2,"Money",2,"right",FALSE,"left",TRUE,38,FALSE,FALSE,TRUE,"left","middle",FALSE,FALSE,TRUE,"left","right",FALSE
"636d6ce3fb3683ff33f9e514","Vacuum",4,"Chicken",2,"Horse",2,"left",FALSE,"right",TRUE,38,FALSE,FALSE,TRUE,"right","middle",FALSE,FALSE,TRUE,"right","left",FALSE
"5af2a03697a14300017d2ba4","Monkey",1,"Cake",3,"Rope",3,"left",FALSE,"middle",TRUE,38,FALSE,TRUE,FALSE,"middle","middle",FALSE,TRUE,FALSE,"middle","left",FALSE
"60e3a25e8be835f754795d93","Fire",3,"Tie",5,"Magazine",5,"right",FALSE,"left",TRUE,38,FALSE,TRUE,FALSE,"left","left",FALSE,TRUE,FALSE,"left","right",TRUE
"66b5172c8f0bd3b23ce66c22","Radio",5,"Fly",4,"Ant",4,"middle",FALSE,"middle",TRUE,39,TRUE,FALSE,FALSE,"middle","right",TRUE,FALSE,FALSE,"middle","middle",FALSE
"5ba60abd9629a90001b36fdc","Hose",1,"Bathtub",2,"Hamburger",2,"middle",FALSE,"right",FALSE,39,FALSE,TRUE,FALSE,"left","left",FALSE,FALSE,TRUE,"right","middle",FALSE
"65dc99d0191a135ab835bf69","Cherry",4,"Cake",5,"Backpack",5,"left",TRUE,"left",TRUE,39,TRUE,FALSE,FALSE,"left","right",TRUE,FALSE,FALSE,"left","left",FALSE
"60fe7bf61c7567f5cca9ade6","Square",5,"Tiger",2,"Bird",2,"left",FALSE,"left",TRUE,39,TRUE,FALSE,FALSE,"left","right",TRUE,FALSE,FALSE,"left","left",TRUE
"5c9d88bb2b3c77001744ec1c","Radio",3,"Soda",4,"Notebook",4,"right",FALSE,"middle",TRUE,39,FALSE,TRUE,FALSE,"middle","middle",FALSE,TRUE,FALSE,"middle","right",FALSE
"5e283f576dbb560114ac7714","Comb",3,"Sand",3,"Sticker",3,"right",FALSE,"right",FALSE,39,FALSE,TRUE,FALSE,"left","left",TRUE,FALSE,FALSE,"right","right",FALSE
"62e02b1ed5b0fbc1b1dc09e7","Sandals",4,"Stick",5,"Moon",5,"middle",FALSE,"middle",FALSE,39,FALSE,FALSE,TRUE,"left","right",TRUE,FALSE,FALSE,"middle","middle",FALSE
"5ecf9b46617a9b3dd56b3fe3","Paints",1,"Nose",3,"Potatoes",3,"middle",FALSE,"middle",TRUE,39,TRUE,FALSE,FALSE,"middle","right",TRUE,FALSE,FALSE,"middle","middle",TRUE
"590b3401182caf0001ab5801","Button",1,"Hat",3,"Tie",3,"middle",FALSE,"right",TRUE,39,FALSE,FALSE,TRUE,"right","left",FALSE,FALSE,TRUE,"right","middle",FALSE
"65c11389b0d2ba8e63cb8b22","Video Tape",5,"Napkin",1,"Socks",1,"middle",FALSE,"left",TRUE,39,FALSE,TRUE,FALSE,"left","left",FALSE,TRUE,FALSE,"left","middle",FALSE
"5d15160539eeea001683830c","Hot Dog",2,"Chicken",2,"Fries",2,"middle",FALSE,"right",TRUE,39,FALSE,FALSE,TRUE,"right","left",FALSE,FALSE,TRUE,"right","middle",FALSE
"6620b6a209127dafd5b2dfb9","Sand",4,"Socks",4,"Plate",4,"right",FALSE,"middle",TRUE,39,FALSE,TRUE,FALSE,"middle","middle",FALSE,TRUE,FALSE,"middle","right",FALSE
"56c65a5a305eaa0005f2a634","Notebook",4,"Refrigerator",1,"Bell",1,"right",FALSE,"right",TRUE,39,TRUE,FALSE,FALSE,"right","middle",TRUE,FALSE,FALSE,"right","right",FALSE
"59fb1518b47dfc0001b6659b","Clock",2,"Pancakes",5,"Comb",5,"right",FALSE,"middle",FALSE,39,FALSE,FALSE,TRUE,"left","middle",FALSE,TRUE,FALSE,"middle","right",FALSE
"602c0fc2eff74b4748e9b41e","Candy",4,"Bike",3,"Bee",3,"right",FALSE,"left",TRUE,39,FALSE,TRUE,FALSE,"left","left",FALSE,TRUE,FALSE,"left","right",FALSE
"5bcc98d1db645700015222b5","Earring",2,"Net",1,"Bathtub",1,"middle",FALSE,"middle",FALSE,39,FALSE,FALSE,TRUE,"left","right",TRUE,FALSE,FALSE,"middle","middle",FALSE
"6773e6e6b205d22a2e097735","Goal",3,"Stars",3,"Nose",3,"right",FALSE,"middle",FALSE,39,FALSE,TRUE,FALSE,"left","left",FALSE,FALSE,TRUE,"middle","right",FALSE
"67505c42a18c872bab88ed42","Juice",1,"Nose",5,"Zebra",5,"middle",FALSE,"middle",TRUE,39,TRUE,FALSE,FALSE,"middle","left",TRUE,FALSE,FALSE,"middle","middle",FALSE
"62a1e021702679d27813a3e2","Sunglasses",5,"Turtle",5,"Cat",5,"middle",FALSE,"left",TRUE,39,FALSE,TRUE,FALSE,"left","left",FALSE,TRUE,FALSE,"left","middle",FALSE
"639f294882a3797f77a3dd81","Cow",4,"Bee",2,"Cat",2,"middle",FALSE,"left",FALSE,39,FALSE,FALSE,TRUE,"right","left",FALSE,TRUE,FALSE,"left","middle",FALSE
"654bc148c95bca00d541ec33","Tongue",1,"Nest",3,"Oranges",3,"right",TRUE,"right",TRUE,39,TRUE,FALSE,FALSE,"right","left",TRUE,FALSE,FALSE,"right","right",TRUE
"5d23460ad4c57900192b129c","Puzzles",2,"Teapot",2,"Phone",2,"right",FALSE,"right",TRUE,39,TRUE,FALSE,FALSE,"right","left",TRUE,FALSE,FALSE,"right","right",FALSE
"67673cda94b4d0cf1a6a7382","Stove",3,"Giraffe",2,"Fence",2,"right",FALSE,"left",TRUE,39,FALSE,FALSE,TRUE,"left","middle",FALSE,FALSE,TRUE,"left","right",FALSE
"5c4f5967aac8be0001716a65","Popcorn",5,"Earring",3,"Shovel",3,"right",FALSE,"left",TRUE,39,FALSE,TRUE,FALSE,"left","left",FALSE,TRUE,FALSE,"left","right",FALSE
"67758c9a30d6819221153393","Butterfly",5,"Button",5,"Car",5,"left",FALSE,"left",TRUE,39,TRUE,FALSE,FALSE,"left","right",TRUE,FALSE,FALSE,"left","left",FALSE
"66b37344796f45313433abc8","Pie",4,"Teeth",1,"Gorilla",1,"right",FALSE,"left",TRUE,39,FALSE,FALSE,TRUE,"left","middle",FALSE,FALSE,TRUE,"left","right",FALSE
"632096b5574155e8727c50cc","Toy",5,"Spiderweb",3,"Magazine",3,"middle",FALSE,"middle",FALSE,39,FALSE,TRUE,FALSE,"right","right",TRUE,FALSE,FALSE,"middle","middle",FALSE
"66dcc0e54f44ccecf2730c76","Dog",4,"Feather",1,"Pajamas",1,"middle",FALSE,"right",TRUE,39,FALSE,FALSE,TRUE,"right","left",FALSE,FALSE,TRUE,"right","middle",TRUE
"60fac7ec133b6bf250d6d668","Ear",2,"Wheel",2,"Triangle",2,"left",FALSE,"right",TRUE,39,FALSE,TRUE,FALSE,"right","right",FALSE,TRUE,FALSE,"right","left",FALSE
"5e459f61418f610891628564","Dog",1,"Barn",1,"Crown",1,"left",FALSE,"middle",FALSE,39,TRUE,FALSE,FALSE,"left","right",FALSE,FALSE,TRUE,"middle","left",FALSE
"5e89ec793c01b3685a00bb12","Umbrella",2,"Watch",2,"Pear",2,"right",TRUE,"right",TRUE,39,TRUE,FALSE,FALSE,"right","left",TRUE,FALSE,FALSE,"right","right",FALSE
"631d197eba06364cbea7fab2","Books",3,"Tiger",5,"Tape",5,"left",FALSE,"right",TRUE,39,FALSE,FALSE,TRUE,"right","middle",FALSE,FALSE,TRUE,"right","left",TRUE
"61656042f505fd7fa53e8628","Curtain",2,"Blanket",3,"Pirate",3,"middle",FALSE,"middle",TRUE,35,TRUE,FALSE,FALSE,"middle","left",TRUE,FALSE,FALSE,"middle","middle",FALSE
"66fd3f6c93c24ecc119be354","Glove",5,"Yogurt",1,"Head",1,"right",FALSE,"right",TRUE,39,TRUE,FALSE,FALSE,"right","left",TRUE,FALSE,FALSE,"right","right",TRUE
"5af1a4bc6e136b0001411714","Hat",3,"Fire",5,"Pillow",5,"right",FALSE,"left",TRUE,39,FALSE,FALSE,TRUE,"left","middle",FALSE,FALSE,TRUE,"left","right",FALSE
"60ed501279c68ea1a313d0aa","Glasses",4,"Sticker",2,"Cupcake",2,"left",FALSE,"left",TRUE,39,TRUE,FALSE,FALSE,"left","right",TRUE,FALSE,FALSE,"left","left",FALSE
"5bf2f728bd9f150001f6cc42","Peas",2,"Broom",1,"Elephant",1,"left",FALSE,"right",TRUE,39,FALSE,FALSE,TRUE,"right","middle",FALSE,FALSE,TRUE,"right","left",FALSE
"59a734ce0c87a000017481ed","Cereal",5,"Mailbox",2,"Tiger",2,"left",FALSE,"left",TRUE,39,TRUE,FALSE,FALSE,"left","right",TRUE,FALSE,FALSE,"left","left",FALSE
"615e420a23219efe3427a367","Computer",5,"Ant",4,"Sand",4,"middle",FALSE,"left",TRUE,39,FALSE,FALSE,TRUE,"left","right",FALSE,FALSE,TRUE,"left","middle",FALSE
"66b244a2f436437d3e109bbe","Sunglasses",2,"Video Tape",4,"Stairs",4,"middle",FALSE,"middle",TRUE,39,TRUE,FALSE,FALSE,"middle","right",TRUE,FALSE,FALSE,"middle","middle",TRUE
"5f1b05a8703c380d1393bb27","Kangaroo",1,"Tie",3,"Sweater",3,"middle",FALSE,"middle",TRUE,39,TRUE,FALSE,FALSE,"middle","right",TRUE,FALSE,FALSE,"middle","middle",FALSE
"6684497541f835bd67a199b2","Eyes",4,"Dresser",1,"Tummy",1,"right",FALSE,"right",TRUE,39,TRUE,FALSE,FALSE,"right","left",TRUE,FALSE,FALSE,"right","right",FALSE
"5eeddefa177a7322144cbc5e","Zebra",3,"Rainbow",1,"Bow",1,"right",FALSE,"right",TRUE,39,TRUE,FALSE,FALSE,"right","middle",TRUE,FALSE,FALSE,"right","right",FALSE
"63ee9abfa262bea95766dd9c","Hoop",1,"Meat",5,"Lamp",5,"middle",FALSE,"middle",FALSE,39,FALSE,FALSE,TRUE,"right","left",TRUE,FALSE,FALSE,"middle","middle",TRUE
"66cfab152c56aa0472529001","Blanket",1,"Spoon",1,"Rainbow",1,"left",FALSE,"right",TRUE,39,FALSE,FALSE,TRUE,"right","middle",FALSE,FALSE,TRUE,"right","left",TRUE
"6571fd9d691befe21fa61d18","Ice Cream",4,"Pen",4,"Dolphin",4,"right",FALSE,"left",TRUE,39,FALSE,TRUE,FALSE,"left","left",FALSE,TRUE,FALSE,"left","right",FALSE
"66312361cf5d4099e1330532","Giraffe",1,"Truck",5,"Jacket",5,"middle",FALSE,"left",FALSE,39,TRUE,FALSE,FALSE,"middle","right",FALSE,FALSE,TRUE,"left","middle",FALSE
"6722ea20fb84b196f0a649b6","Milk",1,"Cheese",1,"Pot",1,"middle",FALSE,"middle",TRUE,39,TRUE,FALSE,FALSE,"middle","left",TRUE,FALSE,FALSE,"middle","middle",FALSE
"5ddce9f0f85b50c4fc1515a4","Arm",4,"Princess",5,"Toilet",5,"left",FALSE,"middle",TRUE,39,FALSE,FALSE,TRUE,"middle","right",FALSE,FALSE,TRUE,"middle","left",FALSE
"5c3bdbf548ad2900017fac31","Table",1,"Rice",3,"Jacket",3,"left",FALSE,"right",TRUE,39,FALSE,FALSE,TRUE,"right","middle",FALSE,FALSE,TRUE,"right","left",FALSE
"6844a1b95271dfc560af4709","Table",3,"Chalk",3,"Ladder",3,"right",FALSE,"right",TRUE,39,TRUE,FALSE,FALSE,"right","left",TRUE,FALSE,FALSE,"right","right",FALSE
"5e121701dc79bd8a1a22ca99","Curtain",3,"Pear",1,"Eggs",1,"middle",TRUE,"middle",FALSE,35,FALSE,FALSE,TRUE,"right","left",TRUE,FALSE,FALSE,"middle","middle",FALSE
"616ef680ab8ca318a227f5ec","Chopsticks",4,"Princess",5,"Doughnut",5,"right",FALSE,"left",TRUE,39,FALSE,FALSE,TRUE,"left","middle",FALSE,FALSE,TRUE,"left","right",FALSE
"66d9cd06e207a93377f7820e","Swing",2,"Elephant",3,"Broom",3,"middle",FALSE,"middle",TRUE,39,TRUE,FALSE,FALSE,"middle","left",TRUE,FALSE,FALSE,"middle","middle",TRUE
"5962a5b29955ee00015bce98","Fork",3,"Bucket",5,"Window",5,"right",FALSE,"right",FALSE,39,FALSE,FALSE,TRUE,"left","middle",TRUE,FALSE,FALSE,"right","right",TRUE
"641384b3dffcf39ec42d3c23","Backpack",1,"Underwear",1,"Grass",1,"middle",FALSE,"right",TRUE,39,FALSE,TRUE,FALSE,"right","right",FALSE,TRUE,FALSE,"right","middle",FALSE
"59692d61355b45000106c592","Hair",4,"Tape",5,"Bananas",5,"right",TRUE,"right",TRUE,39,TRUE,FALSE,FALSE,"right","middle",TRUE,FALSE,FALSE,"right","right",FALSE
"5dd05d80b2204f1487f7812c","Cow",1,"Cupcake",4,"Dresser",4,"right",FALSE,"middle",TRUE,39,FALSE,TRUE,FALSE,"middle","middle",FALSE,TRUE,FALSE,"middle","right",FALSE
"6321d9c78e8e3c04f82a0ea0","Fork",3,"Bow",5,"Cable",5,"right",FALSE,"right",FALSE,39,FALSE,FALSE,TRUE,"middle","left",TRUE,FALSE,FALSE,"right","right",FALSE
"632d189d6b8f03d0d3db4c48","Ankle",4,"Bear",3,"Bridge",3,"left",FALSE,"left",FALSE,39,FALSE,FALSE,TRUE,"middle","right",TRUE,FALSE,FALSE,"left","left",TRUE
"63b3377ca1ccdfc7cc567503","Umbrella",3,"Doughnut",4,"Sand",4,"right",FALSE,"middle",TRUE,39,FALSE,FALSE,TRUE,"middle","left",FALSE,FALSE,TRUE,"middle","right",TRUE
"6678813aec86d687a654dedb","Goal",2,"Rice",4,"Shovel",4,"middle",FALSE,"right",TRUE,39,FALSE,FALSE,TRUE,"right","left",FALSE,FALSE,TRUE,"right","middle",FALSE
"55cce6ea34e90600058d1e6d","Pan",3,"Sand",5,"Yo-yo",5,"right",FALSE,"left",TRUE,39,FALSE,FALSE,TRUE,"left","middle",FALSE,FALSE,TRUE,"left","right",FALSE
"6658bba1a51a037d25bb677e","Bracelet",3,"Peas",1,"Carrots",1,"right",FALSE,"middle",FALSE,39,TRUE,FALSE,FALSE,"right","left",FALSE,FALSE,TRUE,"middle","right",TRUE
"60f5df9db9380d875c320307","Glove",4,"Bed",4,"Spaghetti",4,"right",FALSE,"middle",TRUE,39,FALSE,FALSE,TRUE,"middle","left",FALSE,FALSE,TRUE,"middle","right",FALSE
"63d5b810f3dbbd11e7e65870","Helicopter",1,"Popcorn",2,"Bone",2,"right",FALSE,"middle",TRUE,39,FALSE,TRUE,FALSE,"middle","middle",FALSE,TRUE,FALSE,"middle","right",FALSE
"66d1fdd400acfdbc181f41e0","Elephant",2,"Hoop",3,"Cheese",3,"right",FALSE,"right",TRUE,39,TRUE,FALSE,FALSE,"right","middle",TRUE,FALSE,FALSE,"right","right",FALSE
"67b636c4ea38855cbb08ffe3","Shorts",2,"Cable",5,"Suitcase",5,"right",FALSE,"right",TRUE,39,TRUE,FALSE,FALSE,"right","middle",TRUE,FALSE,FALSE,"right","right",FALSE
"5e1b795dc799223a3b447ada","Stairs",5,"Glue",5,"Sink",5,"right",FALSE,"middle",FALSE,39,FALSE,TRUE,FALSE,"left","left",FALSE,FALSE,TRUE,"middle","right",FALSE
"5c5cad3e4ee81200018eafe2","Bone",3,"Bed",2,"Flower",2,"left",FALSE,"left",TRUE,39,TRUE,FALSE,FALSE,"left","middle",TRUE,FALSE,FALSE,"left","left",FALSE
"5bc5be2572df5f00014479f9","Spoon",3,"Spiderweb",4,"Slinky",4,"right",FALSE,"left",FALSE,39,TRUE,FALSE,FALSE,"right","left",FALSE,TRUE,FALSE,"left","right",FALSE
"5f8f436e4676a71879786b95","Can",3,"Jump rope",5,"Fork",5,"middle",FALSE,"middle",TRUE,39,TRUE,FALSE,FALSE,"middle","right",TRUE,FALSE,FALSE,"middle","middle",FALSE
"669053bbebafdd430e770142","Sticker",2,"Hands",1,"Taco",1,"middle",FALSE,"left",TRUE,39,FALSE,TRUE,FALSE,"left","left",FALSE,TRUE,FALSE,"left","middle",FALSE
"677419f93048c66d62d2bf87","Bean",4,"Marker",2,"Carrots",2,"right",FALSE,"left",TRUE,39,FALSE,FALSE,TRUE,"left","middle",FALSE,FALSE,TRUE,"left","right",FALSE
"574aff1b5bef980007af2745","Spider",2,"Fingernail",3,"Books",3,"right",FALSE,"right",TRUE,39,TRUE,FALSE,FALSE,"right","middle",TRUE,FALSE,FALSE,"right","right",FALSE
"58404fd8ad98e40001ce915f","Truck",3,"Pie",4,"Cake",4,"right",FALSE,"right",TRUE,39,TRUE,FALSE,FALSE,"right","left",TRUE,FALSE,FALSE,"right","right",FALSE
"5de8887aa2db898017debf1a","Mountain",5,"Cow",2,"TV",2,"middle",FALSE,"middle",FALSE,39,FALSE,FALSE,TRUE,"left","right",TRUE,FALSE,FALSE,"middle","middle",FALSE
"59d949cf8fd07a000184247e","Bed",1,"Refrigerator",1,"Socks",1,"right",FALSE,"right",TRUE,39,TRUE,FALSE,FALSE,"right","middle",TRUE,FALSE,FALSE,"right","right",FALSE
"662945728093113a43ab8077","Plate",2,"Teddy Bear",5,"Stairs",5,"middle",FALSE,"right",FALSE,39,TRUE,FALSE,FALSE,"middle","left",FALSE,FALSE,TRUE,"right","middle",TRUE
"676058418c08c71e4bb7cbd1","Magazine",5,"Bell",4,"Fence",4,"right",FALSE,"right",TRUE,39,TRUE,FALSE,FALSE,"right","middle",TRUE,FALSE,FALSE,"right","right",TRUE
"6643d22289210a4edf21e84d","Pencil",3,"Triangle",2,"Circle",2,"left",FALSE,"right",TRUE,39,FALSE,FALSE,TRUE,"right","middle",FALSE,FALSE,TRUE,"right","left",FALSE
"58954e2dc88c680001dd4b7e","Elephant",1,"Hair",3,"Dog",3,"right",FALSE,"middle",TRUE,39,FALSE,TRUE,FALSE,"middle","middle",FALSE,TRUE,FALSE,"middle","right",TRUE
"5b757a03976ecb0001b1168f","Mouth",2,"Eggs",5,"Boots",5,"left",FALSE,"left",TRUE,39,TRUE,FALSE,FALSE,"left","middle",TRUE,FALSE,FALSE,"left","left",FALSE
"681b781064a5701a5ceee3bc","Pencil",3,"Button",3,"Shampoo",3,"right",FALSE,"left",FALSE,39,TRUE,FALSE,FALSE,"right","middle",FALSE,FALSE,TRUE,"left","right",TRUE
"6716c6700f376dc7f534af9d","Tie",3,"Sandwich",5,"Sheep",5,"right",FALSE,"middle",TRUE,39,FALSE,TRUE,FALSE,"middle","middle",FALSE,TRUE,FALSE,"middle","right",FALSE
"671a3ac3dada5efe6d439698","Hoop",3,"Toilet",5,"Bacon",5,"right",FALSE,"right",TRUE,39,TRUE,FALSE,FALSE,"right","middle",TRUE,FALSE,FALSE,"right","right",FALSE
"676b89007874c8eace113276","Octopus",3,"Magazine",3,"Fence",3,"right",FALSE,"middle",FALSE,39,FALSE,FALSE,TRUE,"left","middle",FALSE,TRUE,FALSE,"middle","right",FALSE
"6825af939111d286546fdde6","Ant",2,"Rainbow",1,"Pudding",1,"left",FALSE,"right",TRUE,39,FALSE,TRUE,FALSE,"right","right",FALSE,TRUE,FALSE,"right","left",FALSE
"67164c92298409e37c670b3d","Waffle",3,"Stamps",3,"Tummy",3,"middle",FALSE,"right",TRUE,39,FALSE,FALSE,TRUE,"right","left",FALSE,FALSE,TRUE,"right","middle",FALSE
"682b3f63d0e2c4eff64fe664","Snow",4,"Skateboard",5,"Fingernail",5,"right",FALSE,"middle",TRUE,39,FALSE,FALSE,TRUE,"middle","left",FALSE,FALSE,TRUE,"middle","right",TRUE
"5d3695969749cc00165c222f","Mountain",1,"Ring",3,"Motorcycle",3,"left",FALSE,"right",TRUE,39,FALSE,TRUE,FALSE,"right","right",FALSE,TRUE,FALSE,"right","left",TRUE
"664521e03117b782ed4fff45","Comb",5,"Dolls",4,"Pen",4,"middle",FALSE,"middle",TRUE,39,TRUE,FALSE,FALSE,"middle","left",TRUE,FALSE,FALSE,"middle","middle",FALSE
"5f0db498f5e4e102c0f65b67","Glasses",1,"Bacon",4,"Knee",4,"right",FALSE,"middle",FALSE,35,TRUE,FALSE,FALSE,"right","left",FALSE,FALSE,TRUE,"middle","right",FALSE
"6773dea609f77d473900997a","Princess",5,"Dinosaur",3,"Keys",3,"right",FALSE,"left",TRUE,39,FALSE,FALSE,TRUE,"left","middle",FALSE,FALSE,TRUE,"left","right",TRUE
"637fcee60a8378c1c3a65898","Lizard",2,"Hips",2,"Dog",2,"left",FALSE,"right",TRUE,39,FALSE,FALSE,TRUE,"right","middle",FALSE,FALSE,TRUE,"right","left",FALSE
"63f77a5dde1ea03305e119e0","CD",5,"Napkin",1,"Bus",1,"middle",FALSE,"left",TRUE,39,FALSE,FALSE,TRUE,"left","right",FALSE,FALSE,TRUE,"left","middle",FALSE
"5fbf90f025a567296d943c7e","Bag",4,"Bubbles",5,"Cherry",5,"right",TRUE,"right",TRUE,39,TRUE,FALSE,FALSE,"right","middle",TRUE,FALSE,FALSE,"right","right",FALSE
"636d6ce3fb3683ff33f9e514","Cherry",1,"Bone",3,"Soap",3,"left",TRUE,"left",TRUE,39,TRUE,FALSE,FALSE,"left","middle",TRUE,FALSE,FALSE,"left","left",FALSE
"5af2a03697a14300017d2ba4","Ghost",2,"Bat",1,"Teddy Bear",1,"right",FALSE,"right",TRUE,39,TRUE,FALSE,FALSE,"right","middle",TRUE,FALSE,FALSE,"right","right",FALSE
"60e3a25e8be835f754795d93","Washcloth",3,"Blanket",1,"Butterfly",1,"middle",FALSE,"left",TRUE,39,FALSE,TRUE,FALSE,"left","left",FALSE,TRUE,FALSE,"left","middle",TRUE
"66b5172c8f0bd3b23ce66c22","Net",3,"Carrots",1,"Butter",1,"left",FALSE,"left",FALSE,40,FALSE,TRUE,FALSE,"right","right",TRUE,FALSE,FALSE,"left","left",FALSE
"5ba60abd9629a90001b36fdc","Skateboard",5,"Dress",4,"Square",4,"right",FALSE,"middle",FALSE,40,TRUE,FALSE,FALSE,"right","left",FALSE,FALSE,TRUE,"middle","right",FALSE
"65dc99d0191a135ab835bf69","Leaf",3,"Bottle",4,"Scissors",4,"left",FALSE,"middle",TRUE,40,FALSE,FALSE,TRUE,"middle","right",FALSE,FALSE,TRUE,"middle","left",FALSE
"60fe7bf61c7567f5cca9ade6","Watch",1,"Spoon",2,"Coloring Book",2,"left",FALSE,"left",TRUE,40,TRUE,FALSE,FALSE,"left","right",TRUE,FALSE,FALSE,"left","left",TRUE
"5c9d88bb2b3c77001744ec1c","Broom",2,"Spiderweb",1,"Shorts",1,"right",FALSE,"middle",FALSE,40,FALSE,FALSE,TRUE,"left","middle",FALSE,TRUE,FALSE,"middle","right",FALSE
"5e283f576dbb560114ac7714","Sandwich",4,"Circle",5,"Tape",5,"middle",FALSE,"left",FALSE,40,FALSE,FALSE,TRUE,"right","left",FALSE,TRUE,FALSE,"left","middle",FALSE
"62e02b1ed5b0fbc1b1dc09e7","Knee",4,"Notebook",3,"Paper",3,"left",FALSE,"left",TRUE,40,TRUE,FALSE,FALSE,"left","right",TRUE,FALSE,FALSE,"left","left",FALSE
"5ecf9b46617a9b3dd56b3fe3","Ice Cream",1,"Head",3,"Square",3,"middle",FALSE,"middle",TRUE,40,TRUE,FALSE,FALSE,"middle","right",TRUE,FALSE,FALSE,"middle","middle",TRUE
"590b3401182caf0001ab5801","Shampoo",2,"Square",2,"Bean",2,"middle",FALSE,"right",TRUE,40,FALSE,FALSE,TRUE,"right","left",FALSE,FALSE,TRUE,"right","middle",FALSE
"65c11389b0d2ba8e63cb8b22","Sweater",3,"Hair",1,"Meat",1,"middle",FALSE,"right",TRUE,40,FALSE,FALSE,TRUE,"right","left",FALSE,FALSE,TRUE,"right","middle",FALSE
"5d15160539eeea001683830c","Ladder",5,"Blocks",5,"Comb",5,"middle",FALSE,"left",TRUE,40,FALSE,TRUE,FALSE,"left","left",FALSE,TRUE,FALSE,"left","middle",FALSE
"6620b6a209127dafd5b2dfb9","Teddy Bear",2,"Puzzles",2,"Oranges",2,"right",TRUE,"left",FALSE,40,TRUE,FALSE,FALSE,"right","middle",FALSE,FALSE,TRUE,"left","right",FALSE
"56c65a5a305eaa0005f2a634","Nest",3,"Rabbit",2,"Dolphin",2,"right",FALSE,"right",TRUE,40,TRUE,FALSE,FALSE,"right","middle",TRUE,FALSE,FALSE,"right","right",FALSE
"59fb1518b47dfc0001b6659b","Bagel",5,"Dog",2,"Mouse",2,"left",FALSE,"middle",FALSE,40,FALSE,FALSE,TRUE,"right","middle",FALSE,TRUE,FALSE,"middle","left",FALSE
"602c0fc2eff74b4748e9b41e","Ring",1,"Can",3,"Ear",3,"right",FALSE,"middle",TRUE,40,FALSE,FALSE,TRUE,"middle","left",FALSE,FALSE,TRUE,"middle","right",FALSE
"5bcc98d1db645700015222b5","Teeth",5,"Chicken",3,"Mailbox",3,"left",FALSE,"left",FALSE,40,FALSE,FALSE,TRUE,"middle","right",TRUE,FALSE,FALSE,"left","left",FALSE
"6773e6e6b205d22a2e097735","Napkin",2,"Drum",5,"Taco",5,"middle",FALSE,"right",FALSE,40,TRUE,FALSE,FALSE,"middle","left",FALSE,FALSE,TRUE,"right","middle",FALSE
"67505c42a18c872bab88ed42","Vacuum",4,"Bananas",1,"Can",1,"middle",TRUE,"middle",TRUE,40,TRUE,FALSE,FALSE,"middle","left",TRUE,FALSE,FALSE,"middle","middle",FALSE
"62a1e021702679d27813a3e2","Bat",1,"Cherry",2,"Hair",2,"middle",TRUE,"middle",TRUE,40,TRUE,FALSE,FALSE,"middle","left",TRUE,FALSE,FALSE,"middle","middle",FALSE
"639f294882a3797f77a3dd81","Turtle",5,"Bucket",1,"Ant",1,"middle",FALSE,"right",FALSE,40,FALSE,TRUE,FALSE,"left","left",FALSE,FALSE,TRUE,"right","middle",FALSE
"654bc148c95bca00d541ec33","Necklace",5,"Bean",4,"Airplane",4,"right",FALSE,"left",TRUE,40,FALSE,TRUE,FALSE,"left","left",FALSE,TRUE,FALSE,"left","right",TRUE
"5d23460ad4c57900192b129c","Plate",4,"Comb",3,"Soap",3,"right",FALSE,"left",TRUE,40,FALSE,TRUE,FALSE,"left","left",FALSE,TRUE,FALSE,"left","right",FALSE
"67673cda94b4d0cf1a6a7382","Toes",1,"Cheese",1,"Clown",1,"right",FALSE,"right",TRUE,40,TRUE,FALSE,FALSE,"right","middle",TRUE,FALSE,FALSE,"right","right",FALSE
"5c4f5967aac8be0001716a65","Belt",2,"Curtain",5,"Lunch",5,"middle",FALSE,"middle",TRUE,40,TRUE,FALSE,FALSE,"middle","left",TRUE,FALSE,FALSE,"middle","middle",FALSE
"67758c9a30d6819221153393","Coloring Book",2,"Spiderweb",5,"Paints",5,"left",FALSE,"middle",TRUE,40,FALSE,FALSE,TRUE,"middle","right",FALSE,FALSE,TRUE,"middle","left",FALSE
"66b37344796f45313433abc8","Hamburger",4,"Leg",5,"Glasses",5,"left",FALSE,"left",TRUE,40,TRUE,FALSE,FALSE,"left","middle",TRUE,FALSE,FALSE,"left","left",FALSE
"632096b5574155e8727c50cc","Elbow",2,"Milk",1,"Tummy",1,"left",FALSE,"left",TRUE,40,TRUE,FALSE,FALSE,"left","right",TRUE,FALSE,FALSE,"left","left",FALSE
"66dcc0e54f44ccecf2730c76","Stamps",3,"Towels",5,"Grass",5,"right",FALSE,"middle",TRUE,40,FALSE,FALSE,TRUE,"middle","left",FALSE,FALSE,TRUE,"middle","right",TRUE
"60fac7ec133b6bf250d6d668","Dog",3,"Knife",3,"Bed",3,"left",FALSE,"right",TRUE,40,FALSE,TRUE,FALSE,"right","right",FALSE,TRUE,FALSE,"right","left",FALSE
"5e459f61418f610891628564","Rice",5,"Bananas",5,"Toothbrush",5,"middle",TRUE,"middle",TRUE,40,TRUE,FALSE,FALSE,"middle","right",TRUE,FALSE,FALSE,"middle","middle",FALSE
"5e89ec793c01b3685a00bb12","Circle",5,"Newspaper",4,"Tie",4,"right",FALSE,"middle",TRUE,40,FALSE,FALSE,TRUE,"middle","left",FALSE,FALSE,TRUE,"middle","right",FALSE
"631d197eba06364cbea7fab2","Computer",5,"Purse",1,"Broom",1,"right",FALSE,"left",TRUE,40,FALSE,FALSE,TRUE,"left","middle",FALSE,FALSE,TRUE,"left","right",TRUE
"61656042f505fd7fa53e8628","Toilet",1,"Pen",4,"Rabbit",4,"right",FALSE,"middle",TRUE,36,FALSE,FALSE,TRUE,"middle","left",FALSE,FALSE,TRUE,"middle","right",FALSE
"66fd3f6c93c24ecc119be354","Purse",2,"Potatoes",3,"Napkin",3,"middle",FALSE,"middle",FALSE,40,FALSE,FALSE,TRUE,"right","left",TRUE,FALSE,FALSE,"middle","middle",TRUE
"5af1a4bc6e136b0001411714","Bagel",5,"Tractor",1,"Stool",1,"left",FALSE,"left",TRUE,40,TRUE,FALSE,FALSE,"left","middle",TRUE,FALSE,FALSE,"left","left",FALSE
"60ed501279c68ea1a313d0aa","Tape",3,"Sandwich",4,"Chips",4,"middle",FALSE,"right",TRUE,40,FALSE,TRUE,FALSE,"right","right",FALSE,TRUE,FALSE,"right","middle",FALSE
"5bf2f728bd9f150001f6cc42","Fly",2,"Hoop",1,"Video Tape",1,"left",FALSE,"right",TRUE,40,FALSE,FALSE,TRUE,"right","middle",FALSE,FALSE,TRUE,"right","left",FALSE
"59a734ce0c87a000017481ed","Window",3,"Button",1,"Dresser",1,"middle",FALSE,"middle",FALSE,40,FALSE,TRUE,FALSE,"right","right",TRUE,FALSE,FALSE,"middle","middle",FALSE
"615e420a23219efe3427a367","Phone",5,"Video Tape",4,"Cow",4,"left",FALSE,"right",TRUE,40,FALSE,TRUE,FALSE,"right","right",FALSE,TRUE,FALSE,"right","left",FALSE
"66b244a2f436437d3e109bbe","Rain",4,"Toothpaste",3,"Water",3,"middle",FALSE,"middle",TRUE,40,TRUE,FALSE,FALSE,"middle","right",TRUE,FALSE,FALSE,"middle","middle",TRUE
"5f1b05a8703c380d1393bb27","Meat",2,"Car",2,"Broom",2,"left",FALSE,"left",FALSE,40,FALSE,TRUE,FALSE,"right","right",TRUE,FALSE,FALSE,"left","left",FALSE
"6684497541f835bd67a199b2","Leg",1,"Chicken",4,"Sink",4,"right",FALSE,"right",FALSE,40,FALSE,FALSE,TRUE,"middle","left",TRUE,FALSE,FALSE,"right","right",FALSE
"5eeddefa177a7322144cbc5e","Tummy",4,"Toilet",5,"Ear",5,"left",FALSE,"left",FALSE,40,FALSE,FALSE,TRUE,"right","middle",TRUE,FALSE,FALSE,"left","left",FALSE
"63ee9abfa262bea95766dd9c","Train",2,"Notebook",2,"Oranges",2,"right",TRUE,"right",TRUE,40,TRUE,FALSE,FALSE,"right","left",TRUE,FALSE,FALSE,"right","right",TRUE
"66cfab152c56aa0472529001","Washcloth",5,"Pot",4,"Bacon",4,"right",FALSE,"right",FALSE,40,FALSE,FALSE,TRUE,"left","middle",TRUE,FALSE,FALSE,"right","right",TRUE
"6571fd9d691befe21fa61d18","Pizza",1,"Glasses",4,"Tiger",4,"right",FALSE,"middle",TRUE,40,FALSE,FALSE,TRUE,"middle","left",FALSE,FALSE,TRUE,"middle","right",FALSE
"66312361cf5d4099e1330532","Lion",4,"Snake",2,"Milk",2,"left",FALSE,"right",TRUE,40,FALSE,TRUE,FALSE,"right","right",FALSE,TRUE,FALSE,"right","left",FALSE
"6722ea20fb84b196f0a649b6","Iron",2,"Strawberries",4,"Yogurt",4,"middle",TRUE,"middle",TRUE,40,TRUE,FALSE,FALSE,"middle","left",TRUE,FALSE,FALSE,"middle","middle",FALSE
"5ddce9f0f85b50c4fc1515a4","Bottle",5,"Books",4,"Circle",4,"left",FALSE,"left",TRUE,40,TRUE,FALSE,FALSE,"left","right",TRUE,FALSE,FALSE,"left","left",FALSE
"5c3bdbf548ad2900017fac31","Mouth",5,"Feather",3,"Chalk",3,"left",FALSE,"left",TRUE,40,TRUE,FALSE,FALSE,"left","middle",TRUE,FALSE,FALSE,"left","left",FALSE
"6844a1b95271dfc560af4709","Dolls",4,"Soap",3,"Frog",3,"right",FALSE,"middle",FALSE,40,FALSE,TRUE,FALSE,"left","left",FALSE,FALSE,TRUE,"middle","right",FALSE
"5e121701dc79bd8a1a22ca99","Bacon",2,"Pancakes",2,"TV",2,"middle",FALSE,"right",TRUE,36,FALSE,FALSE,TRUE,"right","left",FALSE,FALSE,TRUE,"right","middle",FALSE
"616ef680ab8ca318a227f5ec","Shoes",3,"Toilet",5,"Bananas",5,"right",TRUE,"right",TRUE,40,TRUE,FALSE,FALSE,"right","middle",TRUE,FALSE,FALSE,"right","right",FALSE
"66d9cd06e207a93377f7820e","Sheep",4,"Octopus",2,"Hanger",2,"middle",FALSE,"right",TRUE,40,FALSE,FALSE,TRUE,"right","left",FALSE,FALSE,TRUE,"right","middle",TRUE
"5962a5b29955ee00015bce98","String",2,"Bat",3,"Bus",3,"left",FALSE,"right",TRUE,40,FALSE,FALSE,TRUE,"right","middle",FALSE,FALSE,TRUE,"right","left",TRUE
"641384b3dffcf39ec42d3c23","Magazine",2,"Glove",2,"Purse",2,"left",FALSE,"middle",TRUE,40,FALSE,FALSE,TRUE,"middle","right",FALSE,FALSE,TRUE,"middle","left",FALSE
"59692d61355b45000106c592","Lunch",1,"Pirate",2,"Soup",2,"right",FALSE,"right",TRUE,40,TRUE,FALSE,FALSE,"right","middle",TRUE,FALSE,FALSE,"right","right",FALSE
"5dd05d80b2204f1487f7812c","Rice",3,"Princess",5,"Nose",5,"right",FALSE,"middle",FALSE,40,FALSE,FALSE,TRUE,"left","middle",FALSE,TRUE,FALSE,"middle","right",FALSE
"6321d9c78e8e3c04f82a0ea0","Phone",2,"Ghost",2,"Rabbit",2,"middle",FALSE,"middle",FALSE,40,FALSE,TRUE,FALSE,"left","left",TRUE,FALSE,FALSE,"middle","middle",FALSE
"632d189d6b8f03d0d3db4c48","Bubbles",5,"Pear",5,"Dinosaur",5,"middle",TRUE,"middle",TRUE,40,TRUE,FALSE,FALSE,"middle","right",TRUE,FALSE,FALSE,"middle","middle",TRUE
"63b3377ca1ccdfc7cc567503","Cow",1,"Radio",4,"Baby",4,"middle",FALSE,"right",TRUE,40,FALSE,FALSE,TRUE,"right","left",FALSE,FALSE,TRUE,"right","middle",TRUE
"6678813aec86d687a654dedb","Popcorn",1,"Pan",3,"Toes",3,"right",FALSE,"right",TRUE,40,TRUE,FALSE,FALSE,"right","left",TRUE,FALSE,FALSE,"right","right",FALSE
"55cce6ea34e90600058d1e6d","Doughnut",2,"Cat",1,"Fingers",1,"right",FALSE,"left",TRUE,40,FALSE,FALSE,TRUE,"left","middle",FALSE,FALSE,TRUE,"left","right",FALSE
"6658bba1a51a037d25bb677e","Hamburger",5,"Glue",3,"Cow",3,"middle",FALSE,"right",FALSE,40,TRUE,FALSE,FALSE,"middle","left",FALSE,FALSE,TRUE,"right","middle",TRUE
"60f5df9db9380d875c320307","Stove",2,"Tongue",4,"Knife",4,"right",FALSE,"right",FALSE,40,FALSE,FALSE,TRUE,"middle","left",TRUE,FALSE,FALSE,"right","right",FALSE
"63d5b810f3dbbd11e7e65870","Clock",1,"Shoulders",4,"Butter",4,"left",FALSE,"right",TRUE,40,FALSE,FALSE,TRUE,"right","middle",FALSE,FALSE,TRUE,"right","left",FALSE
"66d1fdd400acfdbc181f41e0","Ant",5,"Tie",4,"Pen",4,"right",FALSE,"left",TRUE,40,FALSE,FALSE,TRUE,"left","middle",FALSE,FALSE,TRUE,"left","right",FALSE
"67b636c4ea38855cbb08ffe3","Cup",1,"Bathtub",2,"Knee",2,"left",FALSE,"right",TRUE,40,FALSE,FALSE,TRUE,"right","middle",FALSE,FALSE,TRUE,"right","left",FALSE
"5e1b795dc799223a3b447ada","Envelope",5,"Bagel",1,"Potatoes",1,"right",FALSE,"left",TRUE,40,FALSE,TRUE,FALSE,"left","left",FALSE,TRUE,FALSE,"left","right",FALSE
"5c5cad3e4ee81200018eafe2","Pie",5,"Computer",5,"Cup",5,"right",FALSE,"middle",TRUE,40,FALSE,TRUE,FALSE,"middle","middle",FALSE,TRUE,FALSE,"middle","right",FALSE
"5bc5be2572df5f00014479f9","Hair",5,"Spaghetti",4,"Teapot",4,"right",FALSE,"left",FALSE,40,FALSE,FALSE,TRUE,"middle","left",FALSE,TRUE,FALSE,"left","right",FALSE
"5f8f436e4676a71879786b95","Arm",2,"Snow",1,"Ring",1,"left",FALSE,"left",FALSE,40,FALSE,TRUE,FALSE,"right","right",TRUE,FALSE,FALSE,"left","left",FALSE
"669053bbebafdd430e770142","Rain",1,"String",3,"Airplane",3,"right",FALSE,"middle",TRUE,40,FALSE,FALSE,TRUE,"middle","left",FALSE,FALSE,TRUE,"middle","right",FALSE
"677419f93048c66d62d2bf87","Bridge",1,"Nose",2,"Eyes",2,"right",FALSE,"right",FALSE,40,FALSE,TRUE,FALSE,"middle","middle",TRUE,FALSE,FALSE,"right","right",FALSE
"574aff1b5bef980007af2745","Cable",5,"Ankle",5,"Spoon",5,"right",FALSE,"right",FALSE,40,FALSE,TRUE,FALSE,"middle","middle",TRUE,FALSE,FALSE,"right","right",FALSE
"58404fd8ad98e40001ce915f","Bracelet",2,"Fingers",3,"Nose",3,"right",FALSE,"right",TRUE,40,TRUE,FALSE,FALSE,"right","left",TRUE,FALSE,FALSE,"right","right",FALSE
"5de8887aa2db898017debf1a","Monkey",2,"Elbow",2,"Hoop",2,"left",FALSE,"middle",TRUE,40,FALSE,FALSE,TRUE,"middle","right",FALSE,FALSE,TRUE,"middle","left",FALSE
"59d949cf8fd07a000184247e","Books",3,"Eyes",5,"Tie",5,"right",FALSE,"middle",TRUE,40,FALSE,TRUE,FALSE,"middle","middle",FALSE,TRUE,FALSE,"middle","right",FALSE
"662945728093113a43ab8077","Sun",2,"Triangle",5,"Ostrich",5,"middle",FALSE,"right",FALSE,40,TRUE,FALSE,FALSE,"middle","left",FALSE,FALSE,TRUE,"right","middle",TRUE
"676058418c08c71e4bb7cbd1","Duck",1,"Soap",4,"Sandwich",4,"right",FALSE,"right",TRUE,40,TRUE,FALSE,FALSE,"right","middle",TRUE,FALSE,FALSE,"right","right",TRUE
"6643d22289210a4edf21e84d","Toilet",5,"Knife",2,"Yogurt",2,"left",FALSE,"left",FALSE,40,FALSE,FALSE,TRUE,"right","middle",TRUE,FALSE,FALSE,"left","left",FALSE
"58954e2dc88c680001dd4b7e","Doughnut",1,"Horse",4,"Bus",4,"left",FALSE,"middle",TRUE,40,FALSE,TRUE,FALSE,"middle","middle",FALSE,TRUE,FALSE,"middle","left",TRUE
"5b757a03976ecb0001b1168f","Cake",5,"Bagel",5,"Window",5,"right",FALSE,"left",FALSE,40,FALSE,TRUE,FALSE,"middle","middle",FALSE,FALSE,TRUE,"left","right",FALSE
"681b781064a5701a5ceee3bc","Boots",5,"Belt",1,"Bathtub",1,"right",FALSE,"left",TRUE,40,FALSE,FALSE,TRUE,"left","middle",FALSE,FALSE,TRUE,"left","right",TRUE
"6716c6700f376dc7f534af9d","Keys",4,"Feather",3,"Ant",3,"right",FALSE,"right",FALSE,40,FALSE,FALSE,TRUE,"left","middle",TRUE,FALSE,FALSE,"right","right",FALSE
"671a3ac3dada5efe6d439698","Ostrich",1,"Skateboard",4,"Meat",4,"right",FALSE,"right",FALSE,40,FALSE,FALSE,TRUE,"left","middle",TRUE,FALSE,FALSE,"right","right",FALSE
"676b89007874c8eace113276","Potatoes",1,"Knife",2,"Puzzles",2,"right",FALSE,"right",TRUE,40,TRUE,FALSE,FALSE,"right","middle",TRUE,FALSE,FALSE,"right","right",FALSE
"6825af939111d286546fdde6","Chips",1,"Brush",3,"Dress",3,"middle",FALSE,"left",TRUE,40,FALSE,FALSE,TRUE,"left","right",FALSE,FALSE,TRUE,"left","middle",FALSE
"67164c92298409e37c670b3d","Ghost",3,"Toilet",4,"Milk",4,"middle",FALSE,"middle",FALSE,40,FALSE,FALSE,TRUE,"right","left",TRUE,FALSE,FALSE,"middle","middle",FALSE
"682b3f63d0e2c4eff64fe664","Bag",4,"Fire truck",3,"Crown",3,"middle",FALSE,"middle",FALSE,40,FALSE,FALSE,TRUE,"right","left",TRUE,FALSE,FALSE,"middle","middle",TRUE
"5d3695969749cc00165c222f","Tree",5,"Meat",1,"Mouse",1,"middle",FALSE,"left",TRUE,40,FALSE,FALSE,TRUE,"left","right",FALSE,FALSE,TRUE,"left","middle",TRUE
"664521e03117b782ed4fff45","Pirate",5,"Shoulders",5,"TV",5,"middle",FALSE,"middle",TRUE,40,TRUE,FALSE,FALSE,"middle","left",TRUE,FALSE,FALSE,"middle","middle",FALSE
"5f0db498f5e4e102c0f65b67","Milk",2,"Bug",1,"Diaper",1,"middle",FALSE,"right",FALSE,36,FALSE,TRUE,FALSE,"left","left",FALSE,FALSE,TRUE,"right","middle",FALSE
"6773dea609f77d473900997a","Pajamas",1,"Water",4,"Rain",4,"right",FALSE,"middle",FALSE,40,TRUE,FALSE,FALSE,"right","middle",FALSE,TRUE,FALSE,"middle","right",TRUE
"637fcee60a8378c1c3a65898","Barn",2,"Chips",2,"Doughnut",2,"right",FALSE,"right",TRUE,40,TRUE,FALSE,FALSE,"right","middle",TRUE,FALSE,FALSE,"right","right",FALSE
"63f77a5dde1ea03305e119e0","Meat",1,"Pizza",5,"Pen",5,"middle",FALSE,"middle",TRUE,40,TRUE,FALSE,FALSE,"middle","right",TRUE,FALSE,FALSE,"middle","middle",FALSE
"5fbf90f025a567296d943c7e","Hat",5,"Square",4,"Feather",4,"right",FALSE,"left",TRUE,40,FALSE,FALSE,TRUE,"left","middle",FALSE,FALSE,TRUE,"left","right",FALSE
"636d6ce3fb3683ff33f9e514","Mouth",4,"Glove",2,"Squirrel",2,"right",FALSE,"left",FALSE,40,TRUE,FALSE,FALSE,"right","middle",FALSE,FALSE,TRUE,"left","right",FALSE
"5af2a03697a14300017d2ba4","Ring",3,"Purse",1,"Tiger",1,"right",FALSE,"right",TRUE,40,TRUE,FALSE,FALSE,"right","middle",TRUE,FALSE,FALSE,"right","right",FALSE
"60e3a25e8be835f754795d93","Bone",4,"Dress",5,"Bow",5,"middle",FALSE,"middle",TRUE,40,TRUE,FALSE,FALSE,"middle","left",TRUE,FALSE,FALSE,"middle","middle",TRUE
"66b5172c8f0bd3b23ce66c22","Microphone",5,"Bike",4,"Tummy",4,"left",FALSE,"right",FALSE,41,FALSE,FALSE,TRUE,"middle","right",FALSE,TRUE,FALSE,"right","left",FALSE
"5ba60abd9629a90001b36fdc","Lunch",2,"Mountain",5,"Necklace",5,"right",FALSE,"left",FALSE,41,FALSE,FALSE,TRUE,"middle","left",FALSE,TRUE,FALSE,"left","right",FALSE
"65dc99d0191a135ab835bf69","Keys",3,"Diaper",4,"Wagon",4,"middle",FALSE,"middle",TRUE,41,TRUE,FALSE,FALSE,"middle","right",TRUE,FALSE,FALSE,"middle","middle",FALSE
"60fe7bf61c7567f5cca9ade6","Bucket",5,"Fingers",5,"Sun",5,"middle",FALSE,"left",TRUE,41,FALSE,FALSE,TRUE,"left","right",FALSE,FALSE,TRUE,"left","middle",TRUE
"5c9d88bb2b3c77001744ec1c","Yogurt",4,"Pancakes",3,"Brush",3,"right",FALSE,"left",TRUE,41,FALSE,FALSE,TRUE,"left","middle",FALSE,FALSE,TRUE,"left","right",FALSE
"5e283f576dbb560114ac7714","Potatoes",3,"Fire",3,"Stamps",3,"middle",FALSE,"middle",FALSE,41,FALSE,FALSE,TRUE,"right","left",TRUE,FALSE,FALSE,"middle","middle",FALSE
"62e02b1ed5b0fbc1b1dc09e7","Sheep",5,"Shovel",1,"Cable",1,"left",FALSE,"left",TRUE,41,TRUE,FALSE,FALSE,"left","right",TRUE,FALSE,FALSE,"left","left",FALSE
"5ecf9b46617a9b3dd56b3fe3","Bus",4,"Owl",1,"Puppets",1,"left",FALSE,"left",FALSE,41,FALSE,TRUE,FALSE,"right","right",TRUE,FALSE,FALSE,"left","left",TRUE
"590b3401182caf0001ab5801","Sunglasses",4,"Purse",4,"Triangle",4,"right",FALSE,"right",TRUE,41,TRUE,FALSE,FALSE,"right","left",TRUE,FALSE,FALSE,"right","right",FALSE
"65c11389b0d2ba8e63cb8b22","Bubbles",5,"Door",2,"Spoon",2,"middle",FALSE,"left",TRUE,41,FALSE,TRUE,FALSE,"left","left",FALSE,TRUE,FALSE,"left","middle",FALSE
"5d15160539eeea001683830c","Umbrella",2,"Rice",3,"Jump rope",3,"right",FALSE,"right",TRUE,41,TRUE,FALSE,FALSE,"right","left",TRUE,FALSE,FALSE,"right","right",FALSE
"6620b6a209127dafd5b2dfb9","Bread",4,"Straw",3,"Elephant",3,"right",FALSE,"right",TRUE,41,TRUE,FALSE,FALSE,"right","middle",TRUE,FALSE,FALSE,"right","right",FALSE
"56c65a5a305eaa0005f2a634","Fingers",2,"Net",1,"Video Tape",1,"right",FALSE,"right",TRUE,41,TRUE,FALSE,FALSE,"right","middle",TRUE,FALSE,FALSE,"right","right",FALSE
"59fb1518b47dfc0001b6659b","Butter",4,"Rain",5,"String",5,"right",FALSE,"left",FALSE,41,FALSE,TRUE,FALSE,"middle","middle",FALSE,FALSE,TRUE,"left","right",FALSE
"602c0fc2eff74b4748e9b41e","Shorts",2,"Pig",5,"Marker",5,"middle",FALSE,"middle",TRUE,41,TRUE,FALSE,FALSE,"middle","left",TRUE,FALSE,FALSE,"middle","middle",FALSE
"5bcc98d1db645700015222b5","Diaper",5,"Pear",3,"Ring",3,"middle",TRUE,"middle",TRUE,41,TRUE,FALSE,FALSE,"middle","right",TRUE,FALSE,FALSE,"middle","middle",FALSE
"6773e6e6b205d22a2e097735","Bowl",3,"Cow",4,"Bow",4,"middle",FALSE,"middle",FALSE,41,FALSE,FALSE,TRUE,"right","left",TRUE,FALSE,FALSE,"middle","middle",FALSE
"67505c42a18c872bab88ed42","Frog",3,"Bone",1,"Hips",1,"right",FALSE,"left",FALSE,41,TRUE,FALSE,FALSE,"right","left",FALSE,TRUE,FALSE,"left","right",FALSE
"62a1e021702679d27813a3e2","Chips",4,"Juice",4,"Newspaper",4,"middle",FALSE,"right",TRUE,41,FALSE,FALSE,TRUE,"right","left",FALSE,FALSE,TRUE,"right","middle",FALSE
"639f294882a3797f77a3dd81","Stamps",3,"Scooter",3,"Suitcase",3,"right",FALSE,"middle",TRUE,41,FALSE,FALSE,TRUE,"middle","left",FALSE,FALSE,TRUE,"middle","right",FALSE
"654bc148c95bca00d541ec33","Ankle",4,"Watch",5,"Bell",5,"right",FALSE,"middle",TRUE,41,FALSE,FALSE,TRUE,"middle","left",FALSE,FALSE,TRUE,"middle","right",TRUE
"5d23460ad4c57900192b129c","Pen",5,"Fence",1,"Motorcycle",1,"middle",FALSE,"right",TRUE,41,FALSE,FALSE,TRUE,"right","left",FALSE,FALSE,TRUE,"right","middle",FALSE
"67673cda94b4d0cf1a6a7382","Stars",5,"Leaf",1,"Stick",1,"left",FALSE,"right",TRUE,41,FALSE,FALSE,TRUE,"right","middle",FALSE,FALSE,TRUE,"right","left",FALSE
"5c4f5967aac8be0001716a65","Stars",3,"Stamps",5,"Meat",5,"right",FALSE,"right",TRUE,41,TRUE,FALSE,FALSE,"right","left",TRUE,FALSE,FALSE,"right","right",FALSE
"67758c9a30d6819221153393","Suitcase",2,"Pudding",1,"Mailbox",1,"left",FALSE,"right",TRUE,41,FALSE,TRUE,FALSE,"right","right",FALSE,TRUE,FALSE,"right","left",FALSE
"66b37344796f45313433abc8","Kangaroo",3,"Pool",2,"Frog",2,"left",FALSE,"middle",FALSE,41,TRUE,FALSE,FALSE,"left","middle",FALSE,TRUE,FALSE,"middle","left",FALSE
"632096b5574155e8727c50cc","Leaf",5,"Bathtub",2,"Ant",2,"middle",FALSE,"left",TRUE,41,FALSE,FALSE,TRUE,"left","right",FALSE,FALSE,TRUE,"left","middle",FALSE
"66dcc0e54f44ccecf2730c76","Sandals",1,"Zebra",1,"Bike",1,"middle",FALSE,"right",FALSE,41,TRUE,FALSE,FALSE,"middle","left",FALSE,FALSE,TRUE,"right","middle",TRUE
"60fac7ec133b6bf250d6d668","Bread",2,"Zipper",2,"Goal",2,"middle",FALSE,"left",FALSE,41,TRUE,FALSE,FALSE,"middle","right",FALSE,FALSE,TRUE,"left","middle",FALSE
"5e459f61418f610891628564","Mountain",5,"Bowl",4,"Magazine",4,"middle",FALSE,"left",TRUE,41,FALSE,FALSE,TRUE,"left","right",FALSE,FALSE,TRUE,"left","middle",FALSE
"5e89ec793c01b3685a00bb12","Heart",5,"Bone",2,"Snow",2,"right",FALSE,"left",FALSE,41,TRUE,FALSE,FALSE,"right","left",FALSE,TRUE,FALSE,"left","right",FALSE
"631d197eba06364cbea7fab2","Feet",5,"Soda",2,"Drum",2,"right",FALSE,"left",TRUE,41,FALSE,FALSE,TRUE,"left","middle",FALSE,FALSE,TRUE,"left","right",TRUE
"61656042f505fd7fa53e8628","Rice",5,"Skateboard",1,"Slide",1,"right",FALSE,"middle",TRUE,37,FALSE,FALSE,TRUE,"middle","left",FALSE,FALSE,TRUE,"middle","right",FALSE
"66fd3f6c93c24ecc119be354","Baby",5,"Dress",4,"Shoes",4,"right",FALSE,"middle",FALSE,41,TRUE,FALSE,FALSE,"right","left",FALSE,FALSE,TRUE,"middle","right",TRUE
"5af1a4bc6e136b0001411714","Ant",5,"Zipper",3,"Plate",3,"right",FALSE,"left",TRUE,41,FALSE,FALSE,TRUE,"left","middle",FALSE,FALSE,TRUE,"left","right",FALSE
"60ed501279c68ea1a313d0aa","Hair",2,"Earring",4,"Paper",4,"middle",FALSE,"left",TRUE,41,FALSE,FALSE,TRUE,"left","right",FALSE,FALSE,TRUE,"left","middle",FALSE
"5bf2f728bd9f150001f6cc42","Pencil",4,"Snow",1,"Pizza",1,"left",FALSE,"left",TRUE,41,TRUE,FALSE,FALSE,"left","middle",TRUE,FALSE,FALSE,"left","left",FALSE
"59a734ce0c87a000017481ed","Mountain",2,"CD",1,"Fire truck",1,"left",FALSE,"middle",FALSE,41,FALSE,TRUE,FALSE,"right","right",FALSE,FALSE,TRUE,"middle","left",FALSE
"615e420a23219efe3427a367","Oranges",1,"Eyes",5,"Radio",5,"left",TRUE,"middle",TRUE,41,FALSE,FALSE,TRUE,"middle","right",FALSE,FALSE,TRUE,"middle","left",FALSE
"66b244a2f436437d3e109bbe","Soap",1,"Balls",5,"Cupcake",5,"left",FALSE,"middle",TRUE,41,FALSE,FALSE,TRUE,"middle","right",FALSE,FALSE,TRUE,"middle","left",TRUE
"5f1b05a8703c380d1393bb27","Movie",5,"Fly",3,"Sand",3,"middle",FALSE,"middle",FALSE,41,FALSE,FALSE,TRUE,"left","right",TRUE,FALSE,FALSE,"middle","middle",FALSE
"6684497541f835bd67a199b2","Boots",2,"Underwear",3,"Toothpaste",3,"middle",FALSE,"right",TRUE,41,FALSE,FALSE,TRUE,"right","left",FALSE,FALSE,TRUE,"right","middle",FALSE
"5eeddefa177a7322144cbc5e","Popcorn",2,"Airplane",1,"Flashlight",1,"left",FALSE,"left",TRUE,41,TRUE,FALSE,FALSE,"left","middle",TRUE,FALSE,FALSE,"left","left",FALSE
"63ee9abfa262bea95766dd9c","Boat",1,"Arm",5,"Backpack",5,"middle",FALSE,"right",TRUE,41,FALSE,FALSE,TRUE,"right","left",FALSE,FALSE,TRUE,"right","middle",TRUE
"66cfab152c56aa0472529001","Cable",1,"Corn",2,"Toothbrush",2,"right",FALSE,"right",TRUE,41,TRUE,FALSE,FALSE,"right","middle",TRUE,FALSE,FALSE,"right","right",TRUE
"6571fd9d691befe21fa61d18","Keys",5,"Candy",2,"Toy",2,"right",FALSE,"left",TRUE,41,FALSE,TRUE,FALSE,"left","left",FALSE,TRUE,FALSE,"left","right",FALSE
"66312361cf5d4099e1330532","Belt",1,"Grass",2,"Tricycle",2,"middle",FALSE,"right",TRUE,41,FALSE,TRUE,FALSE,"right","right",FALSE,TRUE,FALSE,"right","middle",FALSE
"6722ea20fb84b196f0a649b6","Fire truck",4,"Feet",3,"Glove",3,"right",FALSE,"left",TRUE,41,FALSE,TRUE,FALSE,"left","left",FALSE,TRUE,FALSE,"left","right",FALSE
"5ddce9f0f85b50c4fc1515a4","Phone",1,"Snow",4,"Mirror",4,"left",FALSE,"middle",TRUE,41,FALSE,FALSE,TRUE,"middle","right",FALSE,FALSE,TRUE,"middle","left",FALSE
"5c3bdbf548ad2900017fac31","Motorcycle",2,"Spoon",4,"Scooter",4,"right",FALSE,"right",TRUE,41,TRUE,FALSE,FALSE,"right","middle",TRUE,FALSE,FALSE,"right","right",FALSE
"6844a1b95271dfc560af4709","Underwear",3,"Door",2,"Computer",2,"right",FALSE,"middle",FALSE,41,TRUE,FALSE,FALSE,"right","left",FALSE,FALSE,TRUE,"middle","right",FALSE
"5e121701dc79bd8a1a22ca99","Butterfly",1,"Bat",1,"Bag",1,"middle",FALSE,"right",TRUE,37,FALSE,FALSE,TRUE,"right","left",FALSE,FALSE,TRUE,"right","middle",FALSE
"616ef680ab8ca318a227f5ec","Bottle",1,"Drum",1,"Bread",1,"left",FALSE,"right",TRUE,41,FALSE,FALSE,TRUE,"right","middle",FALSE,FALSE,TRUE,"right","left",FALSE
"66d9cd06e207a93377f7820e","Pizza",5,"Pretzel",4,"Bacon",4,"right",FALSE,"right",TRUE,41,TRUE,FALSE,FALSE,"right","left",TRUE,FALSE,FALSE,"right","right",TRUE
"5962a5b29955ee00015bce98","Sofa",4,"Hands",1,"Soap",1,"left",FALSE,"middle",FALSE,41,FALSE,FALSE,TRUE,"right","middle",FALSE,TRUE,FALSE,"middle","left",TRUE
"641384b3dffcf39ec42d3c23","Motorcycle",5,"Dress",5,"Cup",5,"middle",FALSE,"right",TRUE,41,FALSE,TRUE,FALSE,"right","right",FALSE,TRUE,FALSE,"right","middle",FALSE
"59692d61355b45000106c592","Belt",5,"Truck",1,"Magazine",1,"right",FALSE,"middle",FALSE,41,TRUE,FALSE,FALSE,"right","middle",FALSE,TRUE,FALSE,"middle","right",FALSE
"5dd05d80b2204f1487f7812c","Rain",1,"Heart",4,"Eggs",4,"left",FALSE,"left",FALSE,41,FALSE,FALSE,TRUE,"right","middle",TRUE,FALSE,FALSE,"left","left",FALSE
"6321d9c78e8e3c04f82a0ea0","Cheese",1,"Microphone",2,"Train",2,"middle",FALSE,"right",TRUE,41,FALSE,FALSE,TRUE,"right","left",FALSE,FALSE,TRUE,"right","middle",FALSE
"632d189d6b8f03d0d3db4c48","Bus",3,"Skateboard",1,"Knee",1,"middle",FALSE,"left",TRUE,41,FALSE,FALSE,TRUE,"left","right",FALSE,FALSE,TRUE,"left","middle",TRUE
"63b3377ca1ccdfc7cc567503","Bone",2,"Purse",2,"Dresser",2,"middle",FALSE,"middle",TRUE,41,TRUE,FALSE,FALSE,"middle","left",TRUE,FALSE,FALSE,"middle","middle",TRUE
"6678813aec86d687a654dedb","Dolls",2,"Box",5,"Bagel",5,"right",FALSE,"right",TRUE,41,TRUE,FALSE,FALSE,"right","left",TRUE,FALSE,FALSE,"right","right",FALSE
"55cce6ea34e90600058d1e6d","House",2,"Feather",3,"CD",3,"right",FALSE,"middle",TRUE,41,FALSE,TRUE,FALSE,"middle","middle",FALSE,TRUE,FALSE,"middle","right",FALSE
"6658bba1a51a037d25bb677e","Tiger",4,"Shampoo",2,"Grass",2,"right",FALSE,"middle",TRUE,41,FALSE,FALSE,TRUE,"middle","left",FALSE,FALSE,TRUE,"middle","right",TRUE
"60f5df9db9380d875c320307","Pretzel",5,"Sticker",4,"Tiger",4,"middle",FALSE,"middle",TRUE,41,TRUE,FALSE,FALSE,"middle","left",TRUE,FALSE,FALSE,"middle","middle",FALSE
"63d5b810f3dbbd11e7e65870","Dress",4,"Wing",2,"Eyes",2,"left",FALSE,"left",FALSE,41,FALSE,FALSE,TRUE,"right","middle",TRUE,FALSE,FALSE,"left","left",FALSE
"66d1fdd400acfdbc181f41e0","Bed",5,"Door",5,"Fork",5,"right",FALSE,"middle",TRUE,41,FALSE,TRUE,FALSE,"middle","middle",FALSE,TRUE,FALSE,"middle","right",FALSE
"67b636c4ea38855cbb08ffe3","Bread",2,"Jacket",2,"Sandwich",2,"left",FALSE,"right",FALSE,41,TRUE,FALSE,FALSE,"left","middle",FALSE,FALSE,TRUE,"right","left",FALSE
"5e1b795dc799223a3b447ada","Helicopter",4,"Meat",5,"Fingers",5,"right",FALSE,"middle",FALSE,41,FALSE,TRUE,FALSE,"left","left",FALSE,FALSE,TRUE,"middle","right",FALSE
"5c5cad3e4ee81200018eafe2","Balloons",3,"Sun",1,"Elephant",1,"right",FALSE,"right",TRUE,41,TRUE,FALSE,FALSE,"right","middle",TRUE,FALSE,FALSE,"right","right",FALSE
"5bc5be2572df5f00014479f9","Rope",2,"Stove",4,"Notebook",4,"middle",FALSE,"right",FALSE,41,TRUE,FALSE,FALSE,"middle","left",FALSE,FALSE,TRUE,"right","middle",FALSE
"5f8f436e4676a71879786b95","Milk",4,"Circle",5,"Train",5,"left",FALSE,"right",TRUE,41,FALSE,TRUE,FALSE,"right","right",FALSE,TRUE,FALSE,"right","left",FALSE
"669053bbebafdd430e770142","Computer",5,"Bagel",3,"Nest",3,"middle",FALSE,"left",TRUE,41,FALSE,TRUE,FALSE,"left","left",FALSE,TRUE,FALSE,"left","middle",FALSE
"677419f93048c66d62d2bf87","Stamps",5,"Envelope",3,"Eggs",3,"left",FALSE,"left",TRUE,41,TRUE,FALSE,FALSE,"left","middle",TRUE,FALSE,FALSE,"left","left",FALSE
"574aff1b5bef980007af2745","Computer",2,"Head",4,"Bird",4,"right",FALSE,"right",FALSE,41,FALSE,FALSE,TRUE,"left","middle",TRUE,FALSE,FALSE,"right","right",FALSE
"58404fd8ad98e40001ce915f","Jacket",5,"Yo-yo",5,"Spiderweb",5,"middle",FALSE,"left",FALSE,41,FALSE,FALSE,TRUE,"right","left",FALSE,TRUE,FALSE,"left","middle",FALSE
"5de8887aa2db898017debf1a","Eyes",4,"Tiger",1,"Bee",1,"left",FALSE,"left",TRUE,41,TRUE,FALSE,FALSE,"left","right",TRUE,FALSE,FALSE,"left","left",FALSE
"59d949cf8fd07a000184247e","Juice",5,"Corn",3,"Ant",3,"left",FALSE,"left",TRUE,41,TRUE,FALSE,FALSE,"left","middle",TRUE,FALSE,FALSE,"left","left",FALSE
"662945728093113a43ab8077","Car",4,"Potatoes",4,"Tiger",4,"middle",FALSE,"middle",TRUE,41,TRUE,FALSE,FALSE,"middle","left",TRUE,FALSE,FALSE,"middle","middle",TRUE
"676058418c08c71e4bb7cbd1","Soda",4,"Vacuum",5,"Underwear",5,"left",FALSE,"right",FALSE,41,TRUE,FALSE,FALSE,"left","middle",FALSE,FALSE,TRUE,"right","left",TRUE
"6643d22289210a4edf21e84d","Bus",1,"Bread",5,"Dolphin",5,"right",FALSE,"middle",TRUE,41,FALSE,TRUE,FALSE,"middle","middle",FALSE,TRUE,FALSE,"middle","right",FALSE
"58954e2dc88c680001dd4b7e","Oranges",5,"Stove",2,"Sand",2,"left",TRUE,"left",FALSE,41,FALSE,TRUE,FALSE,"middle","middle",TRUE,FALSE,FALSE,"left","left",TRUE
"5b757a03976ecb0001b1168f","Elephant",1,"Giraffe",3,"Eyes",3,"right",FALSE,"left",FALSE,41,TRUE,FALSE,FALSE,"right","middle",FALSE,FALSE,TRUE,"left","right",FALSE
"681b781064a5701a5ceee3bc","Leg",2,"Backpack",4,"Monkey",4,"left",FALSE,"right",TRUE,41,FALSE,FALSE,TRUE,"right","middle",FALSE,FALSE,TRUE,"right","left",TRUE
"6716c6700f376dc7f534af9d","Yogurt",3,"Sink",4,"Whistle",4,"right",FALSE,"left",FALSE,41,TRUE,FALSE,FALSE,"right","middle",FALSE,FALSE,TRUE,"left","right",FALSE
"671a3ac3dada5efe6d439698","Tricycle",2,"Shoes",4,"Button",4,"left",FALSE,"left",FALSE,41,FALSE,FALSE,TRUE,"right","middle",TRUE,FALSE,FALSE,"left","left",FALSE
"676b89007874c8eace113276","Flower",2,"Rice",1,"Car",1,"right",FALSE,"middle",TRUE,41,FALSE,TRUE,FALSE,"middle","middle",FALSE,TRUE,FALSE,"middle","right",FALSE
"6825af939111d286546fdde6","Bag",4,"Spoon",4,"Hips",4,"left",FALSE,"middle",TRUE,41,FALSE,FALSE,TRUE,"middle","right",FALSE,FALSE,TRUE,"middle","left",FALSE
"67164c92298409e37c670b3d","Towels",3,"Toes",3,"Soda",3,"middle",FALSE,"left",FALSE,41,TRUE,FALSE,FALSE,"middle","left",FALSE,TRUE,FALSE,"left","middle",FALSE
"682b3f63d0e2c4eff64fe664","Hose",4,"Yogurt",2,"Barn",2,"middle",FALSE,"middle",TRUE,41,TRUE,FALSE,FALSE,"middle","left",TRUE,FALSE,FALSE,"middle","middle",TRUE
"5d3695969749cc00165c222f","Bus",2,"Coloring Book",1,"Pants",1,"middle",FALSE,"right",TRUE,41,FALSE,TRUE,FALSE,"right","right",FALSE,TRUE,FALSE,"right","middle",TRUE
"664521e03117b782ed4fff45","Toothbrush",3,"Video Tape",4,"Princess",4,"middle",FALSE,"left",FALSE,41,TRUE,FALSE,FALSE,"middle","left",FALSE,TRUE,FALSE,"left","middle",FALSE
"5f0db498f5e4e102c0f65b67","Peas",2,"Bear",3,"Bathtub",3,"right",FALSE,"left",FALSE,37,TRUE,FALSE,FALSE,"right","left",FALSE,TRUE,FALSE,"left","right",FALSE
"6773dea609f77d473900997a","Yo-yo",2,"Leg",2,"Ice Cream",2,"left",FALSE,"right",FALSE,41,TRUE,FALSE,FALSE,"left","middle",FALSE,FALSE,TRUE,"right","left",TRUE
"637fcee60a8378c1c3a65898","Suitcase",3,"Video Tape",4,"Flower",4,"right",FALSE,"right",TRUE,41,TRUE,FALSE,FALSE,"right","middle",TRUE,FALSE,FALSE,"right","right",FALSE
"63f77a5dde1ea03305e119e0","Corn",3,"Turtle",5,"Eyes",5,"middle",FALSE,"left",TRUE,41,FALSE,FALSE,TRUE,"left","right",FALSE,FALSE,TRUE,"left","middle",FALSE
"5fbf90f025a567296d943c7e","Ankle",5,"Soup",4,"Fries",4,"right",FALSE,"middle",FALSE,41,FALSE,FALSE,TRUE,"left","middle",FALSE,TRUE,FALSE,"middle","right",FALSE
"636d6ce3fb3683ff33f9e514","Yogurt",2,"Window",1,"Owl",1,"right",FALSE,"right",FALSE,41,FALSE,FALSE,TRUE,"left","middle",TRUE,FALSE,FALSE,"right","right",FALSE
"5af2a03697a14300017d2ba4","Ice Cream",4,"Jacket",2,"Hammer",2,"right",FALSE,"left",TRUE,41,FALSE,FALSE,TRUE,"left","middle",FALSE,FALSE,TRUE,"left","right",FALSE
"60e3a25e8be835f754795d93","Hose",4,"Baby",3,"Sticker",3,"right",FALSE,"right",TRUE,41,TRUE,FALSE,FALSE,"right","left",TRUE,FALSE,FALSE,"right","right",TRUE
"66b5172c8f0bd3b23ce66c22","Nose",1,"Flashlight",2,"Bow",2,"left",FALSE,"middle",FALSE,42,FALSE,TRUE,FALSE,"right","right",FALSE,FALSE,TRUE,"middle","left",FALSE
"5ba60abd9629a90001b36fdc","Nest",5,"Barn",2,"Bread",2,"right",FALSE,"right",TRUE,42,TRUE,FALSE,FALSE,"right","left",TRUE,FALSE,FALSE,"right","right",FALSE
"65dc99d0191a135ab835bf69","Toilet",3,"Pool",1,"Tree",1,"left",FALSE,"left",TRUE,42,TRUE,FALSE,FALSE,"left","right",TRUE,FALSE,FALSE,"left","left",FALSE
"60fe7bf61c7567f5cca9ade6","Ghost",5,"Duck",4,"Fingernail",4,"left",FALSE,"left",TRUE,42,TRUE,FALSE,FALSE,"left","right",TRUE,FALSE,FALSE,"left","left",TRUE
"5c9d88bb2b3c77001744ec1c","Cow",4,"Teddy Bear",5,"Fence",5,"left",FALSE,"left",FALSE,42,FALSE,TRUE,FALSE,"middle","middle",TRUE,FALSE,FALSE,"left","left",FALSE
"5e283f576dbb560114ac7714","Underwear",3,"Hat",1,"House",1,"right",FALSE,"right",FALSE,42,FALSE,FALSE,TRUE,"middle","left",TRUE,FALSE,FALSE,"right","right",FALSE
"62e02b1ed5b0fbc1b1dc09e7","Crown",3,"Knife",3,"Paints",3,"left",FALSE,"left",FALSE,42,FALSE,FALSE,TRUE,"middle","right",TRUE,FALSE,FALSE,"left","left",FALSE
"5ecf9b46617a9b3dd56b3fe3","Bread",4,"Envelope",2,"Glasses",2,"middle",FALSE,"left",TRUE,42,FALSE,FALSE,TRUE,"left","right",FALSE,FALSE,TRUE,"left","middle",TRUE
"590b3401182caf0001ab5801","Leaf",5,"Sandals",2,"Juice",2,"middle",FALSE,"right",TRUE,42,FALSE,FALSE,TRUE,"right","left",FALSE,FALSE,TRUE,"right","middle",FALSE
"65c11389b0d2ba8e63cb8b22","Popsicle",5,"Glue",4,"Hammer",4,"middle",FALSE,"left",TRUE,42,FALSE,TRUE,FALSE,"left","left",FALSE,TRUE,FALSE,"left","middle",FALSE
"5d15160539eeea001683830c","Pool",3,"Pear",5,"Curtain",5,"middle",TRUE,"middle",TRUE,42,TRUE,FALSE,FALSE,"middle","left",TRUE,FALSE,FALSE,"middle","middle",FALSE
"6620b6a209127dafd5b2dfb9","Zipper",1,"Crown",4,"Hammer",4,"left",FALSE,"right",TRUE,42,FALSE,FALSE,TRUE,"right","middle",FALSE,FALSE,TRUE,"right","left",FALSE
"56c65a5a305eaa0005f2a634","Soda",3,"Cow",4,"Balls",4,"right",FALSE,"middle",FALSE,42,TRUE,FALSE,FALSE,"right","middle",FALSE,TRUE,FALSE,"middle","right",FALSE
"59fb1518b47dfc0001b6659b","Bug",3,"Gorilla",2,"Fingernail",2,"right",FALSE,"right",TRUE,42,TRUE,FALSE,FALSE,"right","middle",TRUE,FALSE,FALSE,"right","right",FALSE
"602c0fc2eff74b4748e9b41e","Blocks",4,"Ghost",5,"Mailbox",5,"right",FALSE,"left",FALSE,42,FALSE,FALSE,TRUE,"middle","left",FALSE,TRUE,FALSE,"left","right",FALSE
"5bcc98d1db645700015222b5","Motorcycle",1,"Meat",5,"Bridge",5,"left",FALSE,"middle",FALSE,42,FALSE,TRUE,FALSE,"right","right",FALSE,FALSE,TRUE,"middle","left",FALSE
"6773e6e6b205d22a2e097735","Bone",2,"Swimsuit",4,"Straw",4,"middle",FALSE,"middle",TRUE,42,TRUE,FALSE,FALSE,"middle","left",TRUE,FALSE,FALSE,"middle","middle",FALSE
"67505c42a18c872bab88ed42","Fire",1,"Wing",3,"Mailbox",3,"right",FALSE,"middle",TRUE,42,FALSE,FALSE,TRUE,"middle","left",FALSE,FALSE,TRUE,"middle","right",FALSE
"62a1e021702679d27813a3e2","Drum",5,"Paints",3,"Pen",3,"middle",FALSE,"left",TRUE,42,FALSE,TRUE,FALSE,"left","left",FALSE,TRUE,FALSE,"left","middle",FALSE
"639f294882a3797f77a3dd81","Stick",5,"Soup",3,"Barn",3,"right",FALSE,"left",FALSE,42,TRUE,FALSE,FALSE,"right","left",FALSE,TRUE,FALSE,"left","right",FALSE
"654bc148c95bca00d541ec33","Queen",2,"Bowl",1,"Toy",1,"middle",FALSE,"left",TRUE,42,FALSE,TRUE,FALSE,"left","left",FALSE,TRUE,FALSE,"left","middle",TRUE
"5d23460ad4c57900192b129c","Shampoo",2,"Dolphin",5,"Crown",5,"right",FALSE,"middle",TRUE,42,FALSE,FALSE,TRUE,"middle","left",FALSE,FALSE,TRUE,"middle","right",FALSE
"67673cda94b4d0cf1a6a7382","Sandals",2,"Snake",2,"Curtain",2,"left",FALSE,"middle",TRUE,42,FALSE,TRUE,FALSE,"middle","middle",FALSE,TRUE,FALSE,"middle","left",FALSE
"5c4f5967aac8be0001716a65","Stove",4,"Cereal",1,"Button",1,"middle",FALSE,"middle",TRUE,42,TRUE,FALSE,FALSE,"middle","left",TRUE,FALSE,FALSE,"middle","middle",FALSE
"67758c9a30d6819221153393","Soap",3,"Chalk",3,"Ostrich",3,"left",FALSE,"right",TRUE,42,FALSE,TRUE,FALSE,"right","right",FALSE,TRUE,FALSE,"right","left",FALSE
"66b37344796f45313433abc8","Shoes",4,"Scissors",1,"Broom",1,"right",FALSE,"right",TRUE,42,TRUE,FALSE,FALSE,"right","middle",TRUE,FALSE,FALSE,"right","right",FALSE
"632096b5574155e8727c50cc","Hanger",4,"Button",5,"Soap",5,"middle",FALSE,"middle",TRUE,42,TRUE,FALSE,FALSE,"middle","right",TRUE,FALSE,FALSE,"middle","middle",FALSE
"66dcc0e54f44ccecf2730c76","Teddy Bear",1,"Bracelet",3,"Curtain",3,"middle",FALSE,"middle",FALSE,42,FALSE,FALSE,TRUE,"right","left",TRUE,FALSE,FALSE,"middle","middle",TRUE
"60fac7ec133b6bf250d6d668","Bucket",4,"Blocks",5,"Teeth",5,"left",FALSE,"middle",FALSE,42,FALSE,TRUE,FALSE,"right","right",FALSE,FALSE,TRUE,"middle","left",FALSE
"5e459f61418f610891628564","Belt",1,"Nest",2,"Grass",2,"middle",FALSE,"right",FALSE,42,TRUE,FALSE,FALSE,"middle","right",FALSE,TRUE,FALSE,"right","middle",FALSE
"5e89ec793c01b3685a00bb12","Pancakes",2,"Zipper",5,"Vacuum",5,"middle",FALSE,"middle",TRUE,42,TRUE,FALSE,FALSE,"middle","left",TRUE,FALSE,FALSE,"middle","middle",FALSE
"631d197eba06364cbea7fab2","Balloons",4,"Cloud",3,"Stamps",3,"left",FALSE,"left",FALSE,42,FALSE,FALSE,TRUE,"right","middle",TRUE,FALSE,FALSE,"left","left",TRUE
"61656042f505fd7fa53e8628","Fingers",2,"Tie",4,"Cloud",4,"middle",FALSE,"middle",FALSE,38,FALSE,TRUE,FALSE,"left","left",TRUE,FALSE,FALSE,"middle","middle",FALSE
"66fd3f6c93c24ecc119be354","Sun",3,"Chopsticks",1,"Envelope",1,"right",FALSE,"right",FALSE,42,FALSE,FALSE,TRUE,"middle","left",TRUE,FALSE,FALSE,"right","right",TRUE
"5af1a4bc6e136b0001411714","Balloons",2,"Spaghetti",3,"Stove",3,"left",FALSE,"left",TRUE,42,TRUE,FALSE,FALSE,"left","middle",TRUE,FALSE,FALSE,"left","left",FALSE
"60ed501279c68ea1a313d0aa","Potatoes",4,"Lamp",4,"Books",4,"middle",FALSE,"left",FALSE,42,TRUE,FALSE,FALSE,"middle","right",FALSE,FALSE,TRUE,"left","middle",FALSE
"5bf2f728bd9f150001f6cc42","Milk",4,"Bracelet",4,"Straw",4,"left",FALSE,"right",TRUE,42,FALSE,FALSE,TRUE,"right","middle",FALSE,FALSE,TRUE,"right","left",FALSE
"59a734ce0c87a000017481ed","Hammer",1,"Teapot",3,"Towels",3,"left",FALSE,"middle",TRUE,42,FALSE,FALSE,TRUE,"middle","right",FALSE,FALSE,TRUE,"middle","left",FALSE
"615e420a23219efe3427a367","Giraffe",2,"Knee",3,"Heart",3,"left",FALSE,"left",TRUE,42,TRUE,FALSE,FALSE,"left","right",TRUE,FALSE,FALSE,"left","left",FALSE
"66b244a2f436437d3e109bbe","Bracelet",1,"Juice",5,"Curtain",5,"middle",FALSE,"middle",TRUE,42,TRUE,FALSE,FALSE,"middle","right",TRUE,FALSE,FALSE,"middle","middle",TRUE
"5f1b05a8703c380d1393bb27","Sandals",3,"Bacon",3,"Butter",3,"left",FALSE,"middle",TRUE,42,FALSE,FALSE,TRUE,"middle","right",FALSE,FALSE,TRUE,"middle","left",FALSE
"6684497541f835bd67a199b2","Button",5,"Books",5,"Towels",5,"middle",FALSE,"right",FALSE,42,TRUE,FALSE,FALSE,"middle","left",FALSE,FALSE,TRUE,"right","middle",FALSE
"5eeddefa177a7322144cbc5e","Bananas",4,"Toes",5,"Bag",5,"left",TRUE,"left",TRUE,42,TRUE,FALSE,FALSE,"left","middle",TRUE,FALSE,FALSE,"left","left",FALSE
"63ee9abfa262bea95766dd9c","Bee",2,"Bean",4,"Soda",4,"middle",FALSE,"right",TRUE,42,FALSE,FALSE,TRUE,"right","left",FALSE,FALSE,TRUE,"right","middle",TRUE
"66cfab152c56aa0472529001","Bee",1,"Sand",3,"Chopsticks",3,"left",FALSE,"middle",TRUE,42,FALSE,TRUE,FALSE,"middle","middle",FALSE,TRUE,FALSE,"middle","left",TRUE
"6571fd9d691befe21fa61d18","Shampoo",5,"Carrots",4,"Owl",4,"middle",FALSE,"left",TRUE,42,FALSE,TRUE,FALSE,"left","left",FALSE,TRUE,FALSE,"left","middle",FALSE
"66312361cf5d4099e1330532","Dinosaur",2,"Bed",3,"Turtle",3,"middle",FALSE,"right",TRUE,42,FALSE,TRUE,FALSE,"right","right",FALSE,TRUE,FALSE,"right","middle",FALSE
"6722ea20fb84b196f0a649b6","Cupcake",2,"Fence",5,"Stars",5,"right",FALSE,"left",FALSE,42,FALSE,FALSE,TRUE,"middle","left",FALSE,TRUE,FALSE,"left","right",FALSE
"5ddce9f0f85b50c4fc1515a4","Scooter",3,"Square",4,"Paints",4,"middle",FALSE,"middle",TRUE,42,TRUE,FALSE,FALSE,"middle","right",TRUE,FALSE,FALSE,"middle","middle",FALSE
"5c3bdbf548ad2900017fac31","Pig",3,"Airplane",1,"Hammer",1,"right",FALSE,"left",TRUE,42,FALSE,FALSE,TRUE,"left","middle",FALSE,FALSE,TRUE,"left","right",FALSE
"6844a1b95271dfc560af4709","Toothbrush",2,"Rain",1,"Radio",1,"right",FALSE,"left",FALSE,42,TRUE,FALSE,FALSE,"right","left",FALSE,TRUE,FALSE,"left","right",FALSE
"5e121701dc79bd8a1a22ca99","Corn",3,"Stick",2,"Shampoo",2,"middle",FALSE,"right",TRUE,38,FALSE,FALSE,TRUE,"right","left",FALSE,FALSE,TRUE,"right","middle",FALSE
"616ef680ab8ca318a227f5ec","Stars",1,"Video Tape",5,"Hat",5,"right",FALSE,"right",FALSE,42,FALSE,TRUE,FALSE,"middle","middle",TRUE,FALSE,FALSE,"right","right",FALSE
"66d9cd06e207a93377f7820e","Bag",3,"Washcloth",4,"Chopsticks",4,"middle",FALSE,"middle",TRUE,42,TRUE,FALSE,FALSE,"middle","left",TRUE,FALSE,FALSE,"middle","middle",TRUE
"5962a5b29955ee00015bce98","Strawberries",4,"Glasses",1,"Glue",1,"left",TRUE,"left",FALSE,42,FALSE,FALSE,TRUE,"right","middle",TRUE,FALSE,FALSE,"left","left",TRUE
"641384b3dffcf39ec42d3c23","Bananas",2,"Bell",4,"Slide",4,"left",TRUE,"left",TRUE,42,TRUE,FALSE,FALSE,"left","right",TRUE,FALSE,FALSE,"left","left",FALSE
"59692d61355b45000106c592","Sofa",2,"Pen",1,"Grapes",1,"right",TRUE,"right",FALSE,42,FALSE,FALSE,TRUE,"left","middle",TRUE,FALSE,FALSE,"right","right",FALSE
"5dd05d80b2204f1487f7812c","Hot Dog",2,"Toilet",3,"Water",3,"left",FALSE,"right",FALSE,42,TRUE,FALSE,FALSE,"left","middle",FALSE,FALSE,TRUE,"right","left",FALSE
"6321d9c78e8e3c04f82a0ea0","Queen",5,"Fire truck",1,"Gorilla",1,"middle",FALSE,"left",TRUE,42,FALSE,TRUE,FALSE,"left","left",FALSE,TRUE,FALSE,"left","middle",FALSE
"632d189d6b8f03d0d3db4c48","Grass",2,"Swimsuit",4,"Tape",4,"middle",FALSE,"middle",TRUE,42,TRUE,FALSE,FALSE,"middle","right",TRUE,FALSE,FALSE,"middle","middle",TRUE
"63b3377ca1ccdfc7cc567503","Spider",5,"Shoulders",2,"Elephant",2,"middle",FALSE,"middle",FALSE,42,FALSE,FALSE,TRUE,"right","left",TRUE,FALSE,FALSE,"middle","middle",TRUE
"6678813aec86d687a654dedb","Waffle",4,"Books",5,"Boots",5,"middle",FALSE,"left",TRUE,42,FALSE,TRUE,FALSE,"left","left",FALSE,TRUE,FALSE,"left","middle",FALSE
"55cce6ea34e90600058d1e6d","Slinky",1,"Snow",5,"Comb",5,"left",FALSE,"right",FALSE,42,FALSE,TRUE,FALSE,"middle","middle",FALSE,FALSE,TRUE,"right","left",FALSE
"6658bba1a51a037d25bb677e","Cake",5,"Fingers",3,"Bike",3,"right",FALSE,"left",FALSE,42,TRUE,FALSE,FALSE,"right","left",FALSE,TRUE,FALSE,"left","right",TRUE
"60f5df9db9380d875c320307","Hands",1,"Bead",2,"Feather",2,"right",FALSE,"middle",TRUE,42,FALSE,FALSE,TRUE,"middle","left",FALSE,FALSE,TRUE,"middle","right",FALSE
"63d5b810f3dbbd11e7e65870","Hoop",2,"Bathtub",2,"Spider",2,"right",FALSE,"middle",TRUE,42,FALSE,TRUE,FALSE,"middle","middle",FALSE,TRUE,FALSE,"middle","right",FALSE
"66d1fdd400acfdbc181f41e0","Glue",4,"Skateboard",4,"Mailbox",4,"right",FALSE,"right",TRUE,42,TRUE,FALSE,FALSE,"right","middle",TRUE,FALSE,FALSE,"right","right",FALSE
"67b636c4ea38855cbb08ffe3","Eggs",2,"Flashlight",2,"Tape",2,"right",FALSE,"left",TRUE,42,FALSE,FALSE,TRUE,"left","middle",FALSE,FALSE,TRUE,"left","right",FALSE
"5e1b795dc799223a3b447ada","Teapot",3,"Ghost",5,"Shampoo",5,"middle",FALSE,"right",FALSE,42,TRUE,FALSE,FALSE,"middle","left",FALSE,FALSE,TRUE,"right","middle",FALSE
"5c5cad3e4ee81200018eafe2","Blocks",3,"Sweater",3,"Paper",3,"right",FALSE,"middle",FALSE,42,FALSE,FALSE,TRUE,"left","middle",FALSE,TRUE,FALSE,"middle","right",FALSE
"5bc5be2572df5f00014479f9","Monkey",1,"Door",4,"Slide",4,"right",FALSE,"middle",FALSE,42,TRUE,FALSE,FALSE,"right","left",FALSE,FALSE,TRUE,"middle","right",FALSE
"5f8f436e4676a71879786b95","House",1,"Spider",2,"Fly",2,"middle",FALSE,"middle",TRUE,42,TRUE,FALSE,FALSE,"middle","right",TRUE,FALSE,FALSE,"middle","middle",FALSE
"669053bbebafdd430e770142","Ghost",3,"Sandals",4,"Movie",4,"right",FALSE,"middle",FALSE,42,TRUE,FALSE,FALSE,"right","left",FALSE,FALSE,TRUE,"middle","right",FALSE
"677419f93048c66d62d2bf87","Triangle",3,"Video Tape",1,"Tie",1,"right",FALSE,"right",TRUE,42,TRUE,FALSE,FALSE,"right","middle",TRUE,FALSE,FALSE,"right","right",FALSE
"574aff1b5bef980007af2745","Microphone",2,"Knife",3,"Triangle",3,"right",FALSE,"left",FALSE,42,TRUE,FALSE,FALSE,"right","middle",FALSE,FALSE,TRUE,"left","right",FALSE
"58404fd8ad98e40001ce915f","Coloring Book",5,"Hot Dog",1,"Button",1,"middle",FALSE,"middle",FALSE,42,FALSE,FALSE,TRUE,"right","left",TRUE,FALSE,FALSE,"middle","middle",FALSE
"5de8887aa2db898017debf1a","Train",5,"Play dough",5,"Arm",5,"left",FALSE,"middle",TRUE,42,FALSE,FALSE,TRUE,"middle","right",FALSE,FALSE,TRUE,"middle","left",FALSE
"59d949cf8fd07a000184247e","Wheel",2,"Bucket",3,"Goal",3,"right",FALSE,"middle",TRUE,42,FALSE,TRUE,FALSE,"middle","middle",FALSE,TRUE,FALSE,"middle","right",FALSE
"662945728093113a43ab8077","Train",2,"Pen",3,"Carrots",3,"middle",FALSE,"right",TRUE,42,FALSE,FALSE,TRUE,"right","left",FALSE,FALSE,TRUE,"right","middle",TRUE
"676058418c08c71e4bb7cbd1","Fork",5,"Umbrella",4,"Water",4,"right",FALSE,"left",FALSE,42,TRUE,FALSE,FALSE,"right","middle",FALSE,FALSE,TRUE,"left","right",TRUE
"6643d22289210a4edf21e84d","Scissors",4,"Sandwich",2,"Pizza",2,"right",FALSE,"right",FALSE,42,FALSE,FALSE,TRUE,"left","middle",TRUE,FALSE,FALSE,"right","right",FALSE
"58954e2dc88c680001dd4b7e","Baby",5,"Spider",3,"Button",3,"right",FALSE,"right",TRUE,42,TRUE,FALSE,FALSE,"right","middle",TRUE,FALSE,FALSE,"right","right",TRUE
"5b757a03976ecb0001b1168f","Butter",1,"Shirt",4,"Net",4,"right",FALSE,"left",TRUE,42,FALSE,FALSE,TRUE,"left","middle",FALSE,FALSE,TRUE,"left","right",FALSE
"681b781064a5701a5ceee3bc","Flower",4,"Radio",2,"Hands",2,"right",FALSE,"left",TRUE,42,FALSE,FALSE,TRUE,"left","middle",FALSE,FALSE,TRUE,"left","right",TRUE
"6716c6700f376dc7f534af9d","Fly",2,"Clock",5,"Blocks",5,"right",FALSE,"left",FALSE,42,TRUE,FALSE,FALSE,"right","middle",FALSE,FALSE,TRUE,"left","right",FALSE
"671a3ac3dada5efe6d439698","Marker",4,"Squirrel",2,"Shirt",2,"left",FALSE,"middle",TRUE,42,FALSE,TRUE,FALSE,"middle","middle",FALSE,TRUE,FALSE,"middle","left",FALSE
"676b89007874c8eace113276","Pillow",5,"Butter",2,"Feather",2,"left",FALSE,"left",TRUE,42,TRUE,FALSE,FALSE,"left","middle",TRUE,FALSE,FALSE,"left","left",FALSE
"6825af939111d286546fdde6","Sticker",3,"Cake",3,"Head",3,"middle",FALSE,"middle",FALSE,42,FALSE,FALSE,TRUE,"left","right",TRUE,FALSE,FALSE,"middle","middle",FALSE
"67164c92298409e37c670b3d","Spiderweb",5,"Washcloth",4,"Balls",4,"right",FALSE,"middle",TRUE,42,FALSE,FALSE,TRUE,"middle","left",FALSE,FALSE,TRUE,"middle","right",FALSE
"682b3f63d0e2c4eff64fe664","Jump rope",4,"Teeth",3,"Wagon",3,"middle",FALSE,"middle",TRUE,42,TRUE,FALSE,FALSE,"middle","left",TRUE,FALSE,FALSE,"middle","middle",TRUE
"5d3695969749cc00165c222f","Newspaper",4,"Lion",4,"Monkey",4,"middle",FALSE,"left",TRUE,42,FALSE,FALSE,TRUE,"left","right",FALSE,FALSE,TRUE,"left","middle",TRUE
"664521e03117b782ed4fff45","Wing",2,"Arm",4,"Cake",4,"right",FALSE,"right",FALSE,42,FALSE,FALSE,TRUE,"middle","left",TRUE,FALSE,FALSE,"right","right",FALSE
"5f0db498f5e4e102c0f65b67","Cookies",3,"Car",2,"Dinosaur",2,"right",FALSE,"middle",FALSE,38,FALSE,TRUE,FALSE,"left","left",FALSE,FALSE,TRUE,"middle","right",FALSE
"6773dea609f77d473900997a","Bagel",1,"Tree",4,"Toy",4,"left",FALSE,"right",TRUE,42,FALSE,FALSE,TRUE,"right","middle",FALSE,FALSE,TRUE,"right","left",TRUE
"637fcee60a8378c1c3a65898","Mouse",3,"Cat",4,"Motorcycle",4,"right",FALSE,"right",TRUE,42,TRUE,FALSE,FALSE,"right","middle",TRUE,FALSE,FALSE,"right","right",FALSE
"63f77a5dde1ea03305e119e0","Soap",2,"Lunch",3,"Clown",3,"left",FALSE,"middle",FALSE,42,FALSE,TRUE,FALSE,"right","right",FALSE,FALSE,TRUE,"middle","left",FALSE
"5fbf90f025a567296d943c7e","Bow",3,"Tree",2,"Tissue",2,"right",FALSE,"right",FALSE,42,FALSE,FALSE,TRUE,"left","middle",TRUE,FALSE,FALSE,"right","right",FALSE
"636d6ce3fb3683ff33f9e514","Table",1,"Heart",5,"Snake",5,"left",FALSE,"middle",TRUE,42,FALSE,TRUE,FALSE,"middle","middle",FALSE,TRUE,FALSE,"middle","left",FALSE
"5af2a03697a14300017d2ba4","Dinosaur",1,"Fingers",3,"Leg",3,"left",FALSE,"middle",TRUE,42,FALSE,TRUE,FALSE,"middle","middle",FALSE,TRUE,FALSE,"middle","left",FALSE
"60e3a25e8be835f754795d93","Pudding",4,"Turtle",3,"Chair",3,"right",FALSE,"left",FALSE,42,FALSE,FALSE,TRUE,"middle","left",FALSE,TRUE,FALSE,"left","right",TRUE
"66b5172c8f0bd3b23ce66c22","Tissue",3,"Eyes",2,"Cup",2,"middle",FALSE,"left",FALSE,43,TRUE,FALSE,FALSE,"middle","right",FALSE,FALSE,TRUE,"left","middle",FALSE
"5ba60abd9629a90001b36fdc","Chicken",2,"Octopus",2,"Diaper",2,"right",FALSE,"left",TRUE,43,FALSE,TRUE,FALSE,"left","left",FALSE,TRUE,FALSE,"left","right",FALSE
"65dc99d0191a135ab835bf69","Radio",5,"Moon",2,"Frog",2,"middle",FALSE,"right",TRUE,43,FALSE,TRUE,FALSE,"right","right",FALSE,TRUE,FALSE,"right","middle",FALSE
"60fe7bf61c7567f5cca9ade6","Cookies",2,"Tape",1,"Dinosaur",1,"middle",FALSE,"left",TRUE,43,FALSE,FALSE,TRUE,"left","right",FALSE,FALSE,TRUE,"left","middle",TRUE
"5c9d88bb2b3c77001744ec1c","Bell",3,"Owl",4,"Tricycle",4,"right",FALSE,"middle",FALSE,43,TRUE,FALSE,FALSE,"right","middle",FALSE,TRUE,FALSE,"middle","right",FALSE
"5e283f576dbb560114ac7714","Keys",3,"String",2,"Dolls",2,"middle",FALSE,"left",TRUE,43,FALSE,TRUE,FALSE,"left","left",FALSE,TRUE,FALSE,"left","middle",FALSE
"62e02b1ed5b0fbc1b1dc09e7","Chopsticks",5,"Bird",5,"Ice Cream",5,"left",FALSE,"right",TRUE,43,FALSE,TRUE,FALSE,"right","right",FALSE,TRUE,FALSE,"right","left",FALSE
"5ecf9b46617a9b3dd56b3fe3","Strawberries",3,"Video Tape",2,"Hat",2,"left",TRUE,"left",TRUE,43,TRUE,FALSE,FALSE,"left","right",TRUE,FALSE,FALSE,"left","left",TRUE
"590b3401182caf0001ab5801","Paints",2,"Glue",1,"Shovel",1,"right",FALSE,"right",FALSE,43,FALSE,TRUE,FALSE,"left","left",TRUE,FALSE,FALSE,"right","right",FALSE
"65c11389b0d2ba8e63cb8b22","Tree",2,"Pretzel",5,"Shorts",5,"middle",FALSE,"left",TRUE,43,FALSE,TRUE,FALSE,"left","left",FALSE,TRUE,FALSE,"left","middle",FALSE
"5d15160539eeea001683830c","Clown",1,"Fire truck",1,"Ant",1,"middle",FALSE,"right",TRUE,43,FALSE,FALSE,TRUE,"right","left",FALSE,FALSE,TRUE,"right","middle",FALSE
"6620b6a209127dafd5b2dfb9","Toilet",1,"Bucket",1,"Iron",1,"left",FALSE,"right",TRUE,43,FALSE,FALSE,TRUE,"right","middle",FALSE,FALSE,TRUE,"right","left",FALSE
"56c65a5a305eaa0005f2a634","Turtle",3,"Microphone",4,"Zebra",4,"right",FALSE,"right",TRUE,43,TRUE,FALSE,FALSE,"right","middle",TRUE,FALSE,FALSE,"right","right",FALSE
"59fb1518b47dfc0001b6659b","Bell",3,"Stick",5,"Hamburger",5,"right",FALSE,"right",TRUE,43,TRUE,FALSE,FALSE,"right","middle",TRUE,FALSE,FALSE,"right","right",FALSE
"602c0fc2eff74b4748e9b41e","Mouth",5,"Sweater",1,"Whistle",1,"middle",FALSE,"middle",FALSE,43,FALSE,TRUE,FALSE,"left","left",TRUE,FALSE,FALSE,"middle","middle",FALSE
"5bcc98d1db645700015222b5","Carrots",3,"Watch",4,"Fence",4,"left",FALSE,"middle",FALSE,43,TRUE,FALSE,FALSE,"left","right",FALSE,FALSE,TRUE,"middle","left",FALSE
"6773e6e6b205d22a2e097735","Motorcycle",4,"Oranges",2,"Rainbow",2,"middle",TRUE,"middle",TRUE,43,TRUE,FALSE,FALSE,"middle","left",TRUE,FALSE,FALSE,"middle","middle",FALSE
"67505c42a18c872bab88ed42","Spaghetti",3,"Clock",3,"Plate",3,"middle",FALSE,"right",TRUE,43,FALSE,FALSE,TRUE,"right","left",FALSE,FALSE,TRUE,"right","middle",FALSE
"62a1e021702679d27813a3e2","Play dough",5,"Shoulders",2,"Skateboard",2,"right",FALSE,"left",TRUE,43,FALSE,TRUE,FALSE,"left","left",FALSE,TRUE,FALSE,"left","right",FALSE
"639f294882a3797f77a3dd81","Tie",1,"Wagon",5,"Rain",5,"right",FALSE,"middle",TRUE,43,FALSE,FALSE,TRUE,"middle","left",FALSE,FALSE,TRUE,"middle","right",FALSE
"654bc148c95bca00d541ec33","Duck",2,"Brush",4,"Flower",4,"right",FALSE,"middle",TRUE,43,FALSE,FALSE,TRUE,"middle","left",FALSE,FALSE,TRUE,"middle","right",TRUE
"5d23460ad4c57900192b129c","Box",2,"Squirrel",3,"Feather",3,"right",FALSE,"right",TRUE,43,TRUE,FALSE,FALSE,"right","left",TRUE,FALSE,FALSE,"right","right",FALSE
"67673cda94b4d0cf1a6a7382","Bagel",4,"Dog",5,"Teddy Bear",5,"left",FALSE,"left",TRUE,43,TRUE,FALSE,FALSE,"left","middle",TRUE,FALSE,FALSE,"left","left",FALSE
"5c4f5967aac8be0001716a65","Crayons",2,"Carrots",3,"Sofa",3,"middle",FALSE,"middle",FALSE,43,FALSE,TRUE,FALSE,"left","left",TRUE,FALSE,FALSE,"middle","middle",FALSE
"67758c9a30d6819221153393","Hair",4,"Elephant",3,"Carrots",3,"middle",FALSE,"right",TRUE,43,FALSE,TRUE,FALSE,"right","right",FALSE,TRUE,FALSE,"right","middle",FALSE
"66b37344796f45313433abc8","Hose",3,"Stairs",5,"Pot",5,"right",FALSE,"right",TRUE,43,TRUE,FALSE,FALSE,"right","middle",TRUE,FALSE,FALSE,"right","right",FALSE
"632096b5574155e8727c50cc","Flashlight",3,"Box",3,"Fence",3,"left",FALSE,"middle",FALSE,43,TRUE,FALSE,FALSE,"left","right",FALSE,FALSE,TRUE,"middle","left",FALSE
"66dcc0e54f44ccecf2730c76","Stove",5,"Moon",5,"Nest",5,"middle",FALSE,"middle",FALSE,43,FALSE,FALSE,TRUE,"right","left",TRUE,FALSE,FALSE,"middle","middle",TRUE
"60fac7ec133b6bf250d6d668","Cheese",2,"Scooter",1,"Wagon",1,"middle",FALSE,"left",TRUE,43,FALSE,FALSE,TRUE,"left","right",FALSE,FALSE,TRUE,"left","middle",FALSE
"5e459f61418f610891628564","Ring",3,"Jump rope",2,"Bagel",2,"middle",FALSE,"left",FALSE,43,TRUE,FALSE,FALSE,"middle","right",FALSE,FALSE,TRUE,"left","middle",FALSE
"5e89ec793c01b3685a00bb12","Milk",1,"Nose",1,"Soda",1,"right",FALSE,"right",TRUE,43,TRUE,FALSE,FALSE,"right","left",TRUE,FALSE,FALSE,"right","right",FALSE
"631d197eba06364cbea7fab2","Triangle",3,"Fly",3,"Napkin",3,"left",FALSE,"left",TRUE,43,TRUE,FALSE,FALSE,"left","middle",TRUE,FALSE,FALSE,"left","left",TRUE
"61656042f505fd7fa53e8628","Baby",3,"Paints",4,"Pillow",4,"right",FALSE,"middle",TRUE,39,FALSE,FALSE,TRUE,"middle","left",FALSE,FALSE,TRUE,"middle","right",FALSE
"66fd3f6c93c24ecc119be354","Nose",4,"Moon",1,"Toothpaste",1,"right",FALSE,"middle",FALSE,43,TRUE,FALSE,FALSE,"right","left",FALSE,FALSE,TRUE,"middle","right",TRUE
"5af1a4bc6e136b0001411714","Boat",3,"Mouse",3,"Water",3,"right",FALSE,"left",TRUE,43,FALSE,FALSE,TRUE,"left","middle",FALSE,FALSE,TRUE,"left","right",FALSE
"60ed501279c68ea1a313d0aa","Cable",4,"Chair",4,"Socks",4,"left",FALSE,"middle",TRUE,43,FALSE,FALSE,TRUE,"middle","right",FALSE,FALSE,TRUE,"middle","left",FALSE
"5bf2f728bd9f150001f6cc42","Leaf",2,"Toes",1,"Shoulders",1,"left",FALSE,"right",TRUE,43,FALSE,FALSE,TRUE,"right","middle",FALSE,FALSE,TRUE,"right","left",FALSE
"59a734ce0c87a000017481ed","Feather",5,"Bear",2,"Potatoes",2,"middle",FALSE,"right",TRUE,43,FALSE,TRUE,FALSE,"right","right",FALSE,TRUE,FALSE,"right","middle",FALSE
"615e420a23219efe3427a367","Rainbow",4,"Sunglasses",1,"Bell",1,"left",FALSE,"left",TRUE,43,TRUE,FALSE,FALSE,"left","right",TRUE,FALSE,FALSE,"left","left",FALSE
"66b244a2f436437d3e109bbe","Dinosaur",3,"Ice Cream",2,"Lamp",2,"middle",FALSE,"middle",TRUE,43,TRUE,FALSE,FALSE,"middle","right",TRUE,FALSE,FALSE,"middle","middle",TRUE
"5f1b05a8703c380d1393bb27","Dresser",5,"Teddy Bear",2,"Bag",2,"middle",FALSE,"middle",TRUE,43,TRUE,FALSE,FALSE,"middle","right",TRUE,FALSE,FALSE,"middle","middle",FALSE
"6684497541f835bd67a199b2","Tiger",1,"String",2,"Scissors",2,"middle",FALSE,"right",TRUE,43,FALSE,FALSE,TRUE,"right","left",FALSE,FALSE,TRUE,"right","middle",FALSE
"5eeddefa177a7322144cbc5e","Chalk",4,"Earring",5,"Rope",5,"left",FALSE,"left",TRUE,43,TRUE,FALSE,FALSE,"left","middle",TRUE,FALSE,FALSE,"left","left",FALSE
"63ee9abfa262bea95766dd9c","Kangaroo",5,"Bus",4,"Ice Cream",4,"middle",FALSE,"right",TRUE,43,FALSE,FALSE,TRUE,"right","left",FALSE,FALSE,TRUE,"right","middle",TRUE
"66cfab152c56aa0472529001","Curtain",1,"Baby",4,"Butter",4,"right",FALSE,"middle",FALSE,43,TRUE,FALSE,FALSE,"right","middle",FALSE,TRUE,FALSE,"middle","right",TRUE
"6571fd9d691befe21fa61d18","Bacon",3,"Cherry",4,"Bear",4,"middle",TRUE,"middle",TRUE,43,TRUE,FALSE,FALSE,"middle","left",TRUE,FALSE,FALSE,"middle","middle",FALSE
"66312361cf5d4099e1330532","Monkey",3,"Queen",1,"Bridge",1,"middle",FALSE,"left",FALSE,43,FALSE,TRUE,FALSE,"right","right",FALSE,FALSE,TRUE,"left","middle",FALSE
"6722ea20fb84b196f0a649b6","Ice Cream",3,"Bracelet",3,"Tape",3,"right",FALSE,"left",FALSE,43,FALSE,FALSE,TRUE,"middle","left",FALSE,TRUE,FALSE,"left","right",FALSE
"5ddce9f0f85b50c4fc1515a4","Napkin",1,"Pancakes",5,"Cookies",5,"middle",FALSE,"right",FALSE,43,TRUE,FALSE,FALSE,"middle","right",FALSE,TRUE,FALSE,"right","middle",FALSE
"5c3bdbf548ad2900017fac31","Sand",4,"Toothbrush",5,"Mouse",5,"left",FALSE,"middle",TRUE,43,FALSE,TRUE,FALSE,"middle","middle",FALSE,TRUE,FALSE,"middle","left",FALSE
"6844a1b95271dfc560af4709","Meat",5,"Crayons",3,"Rice",3,"right",FALSE,"middle",TRUE,43,FALSE,FALSE,TRUE,"middle","left",FALSE,FALSE,TRUE,"middle","right",FALSE
"5e121701dc79bd8a1a22ca99","Hands",5,"Sandwich",3,"Crayons",3,"right",FALSE,"right",TRUE,39,TRUE,FALSE,FALSE,"right","left",TRUE,FALSE,FALSE,"right","right",FALSE
"616ef680ab8ca318a227f5ec","Camera",5,"Cow",1,"Strawberries",1,"right",TRUE,"right",TRUE,43,TRUE,FALSE,FALSE,"right","middle",TRUE,FALSE,FALSE,"right","right",FALSE
"66d9cd06e207a93377f7820e","Microphone",5,"Ghost",1,"Skateboard",1,"right",FALSE,"right",FALSE,43,FALSE,TRUE,FALSE,"left","left",TRUE,FALSE,FALSE,"right","right",TRUE
"5962a5b29955ee00015bce98","Puppets",4,"Yo-yo",3,"Socks",3,"left",FALSE,"right",TRUE,43,FALSE,FALSE,TRUE,"right","middle",FALSE,FALSE,TRUE,"right","left",TRUE
"641384b3dffcf39ec42d3c23","Belt",5,"Potatoes",4,"Bead",4,"left",FALSE,"middle",TRUE,43,FALSE,FALSE,TRUE,"middle","right",FALSE,FALSE,TRUE,"middle","left",FALSE
"59692d61355b45000106c592","Cup",4,"Hanger",1,"Books",1,"right",FALSE,"middle",TRUE,43,FALSE,TRUE,FALSE,"middle","middle",FALSE,TRUE,FALSE,"middle","right",FALSE
"5dd05d80b2204f1487f7812c","Kangaroo",2,"Dress",1,"Sand",1,"right",FALSE,"right",TRUE,43,TRUE,FALSE,FALSE,"right","middle",TRUE,FALSE,FALSE,"right","right",FALSE
"6321d9c78e8e3c04f82a0ea0","Pen",1,"Fence",3,"Princess",3,"middle",FALSE,"right",TRUE,43,FALSE,FALSE,TRUE,"right","left",FALSE,FALSE,TRUE,"right","middle",FALSE
"632d189d6b8f03d0d3db4c48","Radio",1,"Yo-yo",5,"Jump rope",5,"middle",FALSE,"middle",TRUE,43,TRUE,FALSE,FALSE,"middle","right",TRUE,FALSE,FALSE,"middle","middle",TRUE
"63b3377ca1ccdfc7cc567503","Glasses",4,"Bow",3,"Bread",3,"right",FALSE,"middle",FALSE,43,TRUE,FALSE,FALSE,"right","left",FALSE,FALSE,TRUE,"middle","right",TRUE
"6678813aec86d687a654dedb","Ant",1,"Bag",1,"Sun",1,"middle",FALSE,"right",TRUE,43,FALSE,FALSE,TRUE,"right","left",FALSE,FALSE,TRUE,"right","middle",FALSE
"55cce6ea34e90600058d1e6d","Hanger",5,"Tie",2,"Helicopter",2,"right",FALSE,"middle",FALSE,43,TRUE,FALSE,FALSE,"right","middle",FALSE,TRUE,FALSE,"middle","right",FALSE
"6658bba1a51a037d25bb677e","Pirate",3,"Popsicle",4,"Bag",4,"middle",FALSE,"middle",TRUE,43,TRUE,FALSE,FALSE,"middle","left",TRUE,FALSE,FALSE,"middle","middle",TRUE
"60f5df9db9380d875c320307","Ghost",5,"Ant",5,"Cow",5,"middle",FALSE,"right",TRUE,43,FALSE,FALSE,TRUE,"right","left",FALSE,FALSE,TRUE,"right","middle",FALSE
"63d5b810f3dbbd11e7e65870","Toy",2,"Circle",5,"Bucket",5,"left",FALSE,"left",TRUE,43,TRUE,FALSE,FALSE,"left","middle",TRUE,FALSE,FALSE,"left","left",FALSE
"66d1fdd400acfdbc181f41e0","Waffle",2,"Scooter",5,"Moon",5,"left",FALSE,"middle",FALSE,43,FALSE,FALSE,TRUE,"right","middle",FALSE,TRUE,FALSE,"middle","left",FALSE
"67b636c4ea38855cbb08ffe3","Spiderweb",5,"Clown",5,"Lamp",5,"left",FALSE,"middle",FALSE,43,TRUE,FALSE,FALSE,"left","middle",FALSE,TRUE,FALSE,"middle","left",FALSE
"5e1b795dc799223a3b447ada","Dinosaur",4,"Door",4,"Rock",4,"right",FALSE,"left",TRUE,43,FALSE,TRUE,FALSE,"left","left",FALSE,TRUE,FALSE,"left","right",FALSE
"5c5cad3e4ee81200018eafe2","Bacon",1,"Stamps",2,"Knife",2,"right",FALSE,"right",TRUE,43,TRUE,FALSE,FALSE,"right","middle",TRUE,FALSE,FALSE,"right","right",FALSE
"5bc5be2572df5f00014479f9","Sink",5,"Shampoo",2,"Heart",2,"right",FALSE,"right",FALSE,43,FALSE,FALSE,TRUE,"middle","left",TRUE,FALSE,FALSE,"right","right",FALSE
"5f8f436e4676a71879786b95","Toothbrush",3,"Car",1,"Tie",1,"middle",FALSE,"left",TRUE,43,FALSE,FALSE,TRUE,"left","right",FALSE,FALSE,TRUE,"left","middle",FALSE
"669053bbebafdd430e770142","Hat",1,"Puzzles",4,"Iron",4,"middle",FALSE,"middle",FALSE,43,FALSE,TRUE,FALSE,"left","left",TRUE,FALSE,FALSE,"middle","middle",FALSE
"677419f93048c66d62d2bf87","House",5,"Jump rope",1,"Drum",1,"left",FALSE,"right",FALSE,43,TRUE,FALSE,FALSE,"left","middle",FALSE,FALSE,TRUE,"right","left",FALSE
"574aff1b5bef980007af2745","Wagon",2,"Bowl",5,"Scissors",5,"left",FALSE,"right",FALSE,43,FALSE,TRUE,FALSE,"middle","middle",FALSE,FALSE,TRUE,"right","left",FALSE
"58404fd8ad98e40001ce915f","Microphone",3,"Underwear",4,"Necklace",4,"right",FALSE,"right",FALSE,43,FALSE,FALSE,TRUE,"middle","left",TRUE,FALSE,FALSE,"right","right",FALSE
"5de8887aa2db898017debf1a","Soap",4,"Glasses",4,"Bat",4,"left",FALSE,"left",TRUE,43,TRUE,FALSE,FALSE,"left","right",TRUE,FALSE,FALSE,"left","left",FALSE
"59d949cf8fd07a000184247e","Toes",2,"Kangaroo",5,"Crayons",5,"right",FALSE,"middle",TRUE,43,FALSE,TRUE,FALSE,"middle","middle",FALSE,TRUE,FALSE,"middle","right",FALSE
"662945728093113a43ab8077","Tongue",3,"Fingernail",2,"Glue",2,"middle",FALSE,"middle",FALSE,43,FALSE,FALSE,TRUE,"right","left",TRUE,FALSE,FALSE,"middle","middle",TRUE
"676058418c08c71e4bb7cbd1","Tiger",3,"Popsicle",1,"Cloud",1,"left",FALSE,"left",FALSE,43,FALSE,FALSE,TRUE,"right","middle",TRUE,FALSE,FALSE,"left","left",TRUE
"6643d22289210a4edf21e84d","Lizard",4,"Tummy",1,"Wagon",1,"right",FALSE,"right",TRUE,43,TRUE,FALSE,FALSE,"right","middle",TRUE,FALSE,FALSE,"right","right",FALSE
"58954e2dc88c680001dd4b7e","Toothpaste",5,"Dress",2,"Radio",2,"left",FALSE,"right",TRUE,43,FALSE,FALSE,TRUE,"right","middle",FALSE,FALSE,TRUE,"right","left",TRUE
"5b757a03976ecb0001b1168f","Bathtub",3,"Scooter",2,"Oranges",2,"right",TRUE,"right",TRUE,43,TRUE,FALSE,FALSE,"right","middle",TRUE,FALSE,FALSE,"right","right",FALSE
"681b781064a5701a5ceee3bc","Triangle",2,"Earring",4,"Snake",4,"right",FALSE,"middle",TRUE,43,FALSE,TRUE,FALSE,"middle","middle",FALSE,TRUE,FALSE,"middle","right",TRUE
"6716c6700f376dc7f534af9d","Fingers",4,"Moon",2,"Plate",2,"left",FALSE,"right",TRUE,43,FALSE,FALSE,TRUE,"right","middle",FALSE,FALSE,TRUE,"right","left",FALSE
"671a3ac3dada5efe6d439698","Kangaroo",2,"Swing",2,"Stamps",2,"right",FALSE,"left",FALSE,43,TRUE,FALSE,FALSE,"right","middle",FALSE,FALSE,TRUE,"left","right",FALSE
"676b89007874c8eace113276","Nest",1,"Box",4,"Flashlight",4,"right",FALSE,"middle",TRUE,43,FALSE,TRUE,FALSE,"middle","middle",FALSE,TRUE,FALSE,"middle","right",FALSE
"6825af939111d286546fdde6","Pear",1,"Sheep",4,"Tape",4,"left",TRUE,"left",TRUE,43,TRUE,FALSE,FALSE,"left","right",TRUE,FALSE,FALSE,"left","left",FALSE
"67164c92298409e37c670b3d","Belt",1,"Hips",5,"Pajamas",5,"right",FALSE,"middle",TRUE,43,FALSE,FALSE,TRUE,"middle","left",FALSE,FALSE,TRUE,"middle","right",FALSE
"682b3f63d0e2c4eff64fe664","Whistle",3,"Ladder",2,"Pot",2,"right",FALSE,"middle",TRUE,43,FALSE,FALSE,TRUE,"middle","left",FALSE,FALSE,TRUE,"middle","right",TRUE
"5d3695969749cc00165c222f","Ghost",1,"Bow",2,"Potatoes",2,"left",FALSE,"right",TRUE,43,FALSE,TRUE,FALSE,"right","right",FALSE,TRUE,FALSE,"right","left",TRUE
"664521e03117b782ed4fff45","Camera",4,"Diaper",1,"Apples",1,"right",TRUE,"left",FALSE,43,TRUE,FALSE,FALSE,"right","left",FALSE,TRUE,FALSE,"left","right",FALSE
"5f0db498f5e4e102c0f65b67","Box",4,"Hands",5,"Toes",5,"middle",FALSE,"middle",FALSE,39,FALSE,TRUE,FALSE,"left","left",TRUE,FALSE,FALSE,"middle","middle",FALSE
"6773dea609f77d473900997a","Stamps",3,"Balls",4,"Refrigerator",4,"right",FALSE,"left",TRUE,43,FALSE,FALSE,TRUE,"left","middle",FALSE,FALSE,TRUE,"left","right",TRUE
"637fcee60a8378c1c3a65898","Brush",2,"Hamburger",2,"Bone",2,"right",FALSE,"right",TRUE,43,TRUE,FALSE,FALSE,"right","middle",TRUE,FALSE,FALSE,"right","right",FALSE
"63f77a5dde1ea03305e119e0","Ostrich",5,"Money",1,"Stars",1,"middle",FALSE,"middle",TRUE,43,TRUE,FALSE,FALSE,"middle","right",TRUE,FALSE,FALSE,"middle","middle",FALSE
"5fbf90f025a567296d943c7e","Bug",2,"Ghost",4,"Radio",4,"left",FALSE,"middle",TRUE,43,FALSE,TRUE,FALSE,"middle","middle",FALSE,TRUE,FALSE,"middle","left",FALSE
"636d6ce3fb3683ff33f9e514","Skateboard",4,"Toy",1,"Napkin",1,"left",FALSE,"left",TRUE,43,TRUE,FALSE,FALSE,"left","middle",TRUE,FALSE,FALSE,"left","left",FALSE
"5af2a03697a14300017d2ba4","Tongue",3,"Fire truck",2,"Crown",2,"left",FALSE,"left",FALSE,43,FALSE,FALSE,TRUE,"right","middle",TRUE,FALSE,FALSE,"left","left",FALSE
"60e3a25e8be835f754795d93","Towels",3,"Meat",4,"Blocks",4,"right",FALSE,"right",TRUE,43,TRUE,FALSE,FALSE,"right","left",TRUE,FALSE,FALSE,"right","right",TRUE
"66b5172c8f0bd3b23ce66c22","Mountain",2,"Vacuum",4,"Mouse",4,"middle",FALSE,"middle",FALSE,44,FALSE,FALSE,TRUE,"left","right",TRUE,FALSE,FALSE,"middle","middle",FALSE
"5ba60abd9629a90001b36fdc","Zebra",5,"Fence",2,"Suitcase",2,"right",FALSE,"right",FALSE,44,FALSE,FALSE,TRUE,"middle","left",TRUE,FALSE,FALSE,"right","right",FALSE
"65dc99d0191a135ab835bf69","Elephant",4,"Hoop",2,"Popsicle",2,"middle",FALSE,"left",TRUE,44,FALSE,FALSE,TRUE,"left","right",FALSE,FALSE,TRUE,"left","middle",FALSE
"60fe7bf61c7567f5cca9ade6","Feather",4,"Head",1,"Chips",1,"left",FALSE,"left",TRUE,44,TRUE,FALSE,FALSE,"left","right",TRUE,FALSE,FALSE,"left","left",TRUE
"5c9d88bb2b3c77001744ec1c","Snake",2,"Pan",4,"Hanger",4,"left",FALSE,"right",TRUE,44,FALSE,FALSE,TRUE,"right","middle",FALSE,FALSE,TRUE,"right","left",FALSE
"5e283f576dbb560114ac7714","Cookies",4,"Mountain",4,"Soda",4,"middle",FALSE,"middle",TRUE,44,TRUE,FALSE,FALSE,"middle","left",TRUE,FALSE,FALSE,"middle","middle",FALSE
"62e02b1ed5b0fbc1b1dc09e7","Feather",5,"Stairs",1,"House",1,"middle",FALSE,"left",TRUE,44,FALSE,FALSE,TRUE,"left","right",FALSE,FALSE,TRUE,"left","middle",FALSE
"5ecf9b46617a9b3dd56b3fe3","Scissors",5,"Purse",3,"Ring",3,"middle",FALSE,"left",TRUE,44,FALSE,FALSE,TRUE,"left","right",FALSE,FALSE,TRUE,"left","middle",TRUE
"590b3401182caf0001ab5801","Tree",3,"Bird",4,"Grapes",4,"right",TRUE,"right",TRUE,44,TRUE,FALSE,FALSE,"right","left",TRUE,FALSE,FALSE,"right","right",FALSE
"65c11389b0d2ba8e63cb8b22","Plate",5,"Apples",2,"Feather",2,"middle",TRUE,"middle",TRUE,44,TRUE,FALSE,FALSE,"middle","left",TRUE,FALSE,FALSE,"middle","middle",FALSE
"5d15160539eeea001683830c","Magazine",5,"Toes",1,"Leg",1,"middle",FALSE,"left",TRUE,44,FALSE,TRUE,FALSE,"left","left",FALSE,TRUE,FALSE,"left","middle",FALSE
"6620b6a209127dafd5b2dfb9","Bag",2,"Waffle",1,"Bathtub",1,"left",FALSE,"right",TRUE,44,FALSE,FALSE,TRUE,"right","middle",FALSE,FALSE,TRUE,"right","left",FALSE
"56c65a5a305eaa0005f2a634","Spider",4,"Boat",4,"Cookies",4,"left",FALSE,"right",TRUE,44,FALSE,FALSE,TRUE,"right","middle",FALSE,FALSE,TRUE,"right","left",FALSE
"59fb1518b47dfc0001b6659b","Popsicle",2,"Peas",4,"Wing",4,"left",FALSE,"right",FALSE,44,TRUE,FALSE,FALSE,"left","middle",FALSE,FALSE,TRUE,"right","left",FALSE
"602c0fc2eff74b4748e9b41e","Baby",3,"Towels",2,"Bead",2,"right",FALSE,"right",FALSE,44,FALSE,FALSE,TRUE,"middle","left",TRUE,FALSE,FALSE,"right","right",FALSE
"5bcc98d1db645700015222b5","Bow",4,"Necklace",2,"Rope",2,"left",FALSE,"right",TRUE,44,FALSE,TRUE,FALSE,"right","right",FALSE,TRUE,FALSE,"right","left",FALSE
"6773e6e6b205d22a2e097735","Stove",1,"Cable",2,"Juice",2,"middle",FALSE,"right",FALSE,44,TRUE,FALSE,FALSE,"middle","left",FALSE,FALSE,TRUE,"right","middle",FALSE
"67505c42a18c872bab88ed42","Pants",4,"Teeth",5,"Popcorn",5,"right",FALSE,"middle",TRUE,44,FALSE,FALSE,TRUE,"middle","left",FALSE,FALSE,TRUE,"middle","right",FALSE
"62a1e021702679d27813a3e2","Bug",5,"Slinky",3,"Pear",3,"right",TRUE,"right",TRUE,44,TRUE,FALSE,FALSE,"right","left",TRUE,FALSE,FALSE,"right","right",FALSE
"639f294882a3797f77a3dd81","Snow",1,"Feather",2,"CD",2,"right",FALSE,"middle",TRUE,44,FALSE,FALSE,TRUE,"middle","left",FALSE,FALSE,TRUE,"middle","right",FALSE
"654bc148c95bca00d541ec33","Sofa",1,"Spiderweb",3,"Grass",3,"right",FALSE,"right",TRUE,44,TRUE,FALSE,FALSE,"right","left",TRUE,FALSE,FALSE,"right","right",TRUE
"5d23460ad4c57900192b129c","Soup",4,"Tape",2,"Yo-yo",2,"right",FALSE,"right",FALSE,44,FALSE,TRUE,FALSE,"left","left",TRUE,FALSE,FALSE,"right","right",FALSE
"67673cda94b4d0cf1a6a7382","Fire",1,"Arm",2,"Balls",2,"left",FALSE,"middle",FALSE,44,FALSE,FALSE,TRUE,"right","middle",FALSE,TRUE,FALSE,"middle","left",FALSE
"5c4f5967aac8be0001716a65","Goal",2,"Chopsticks",1,"Dress",1,"middle",FALSE,"middle",TRUE,44,TRUE,FALSE,FALSE,"middle","left",TRUE,FALSE,FALSE,"middle","middle",FALSE
"67758c9a30d6819221153393","Ring",5,"Bathtub",2,"Money",2,"left",FALSE,"left",TRUE,44,TRUE,FALSE,FALSE,"left","right",TRUE,FALSE,FALSE,"left","left",FALSE
"66b37344796f45313433abc8","Stars",2,"Purse",1,"Ring",1,"right",FALSE,"right",TRUE,44,TRUE,FALSE,FALSE,"right","middle",TRUE,FALSE,FALSE,"right","right",FALSE
"632096b5574155e8727c50cc","Frog",5,"Clock",1,"Mountain",1,"left",FALSE,"left",TRUE,44,TRUE,FALSE,FALSE,"left","right",TRUE,FALSE,FALSE,"left","left",FALSE
"66dcc0e54f44ccecf2730c76","Bell",5,"Fence",2,"Chicken",2,"middle",FALSE,"right",TRUE,44,FALSE,FALSE,TRUE,"right","left",FALSE,FALSE,TRUE,"right","middle",TRUE
"60fac7ec133b6bf250d6d668","Paints",3,"Washcloth",2,"Popcorn",2,"left",FALSE,"right",FALSE,44,FALSE,FALSE,TRUE,"middle","right",FALSE,TRUE,FALSE,"right","left",FALSE
"5e459f61418f610891628564","Cake",4,"Hair",1,"Princess",1,"left",FALSE,"left",TRUE,44,TRUE,FALSE,FALSE,"left","right",TRUE,FALSE,FALSE,"left","left",FALSE
"5e89ec793c01b3685a00bb12","Iron",3,"Curtain",4,"Bathtub",4,"middle",FALSE,"middle",TRUE,44,TRUE,FALSE,FALSE,"middle","left",TRUE,FALSE,FALSE,"middle","middle",FALSE
"631d197eba06364cbea7fab2","Fork",5,"Spiderweb",2,"Tissue",2,"left",FALSE,"right",TRUE,44,FALSE,FALSE,TRUE,"right","middle",FALSE,FALSE,TRUE,"right","left",TRUE
"61656042f505fd7fa53e8628","Hose",3,"Dolls",4,"Mailbox",4,"right",FALSE,"middle",TRUE,40,FALSE,FALSE,TRUE,"middle","left",FALSE,FALSE,TRUE,"middle","right",FALSE
"66fd3f6c93c24ecc119be354","Helicopter",5,"Shirt",3,"Pen",3,"middle",FALSE,"right",FALSE,44,TRUE,FALSE,FALSE,"middle","left",FALSE,FALSE,TRUE,"right","middle",TRUE
"5af1a4bc6e136b0001411714","Shirt",1,"Wing",3,"Comb",3,"left",FALSE,"left",TRUE,44,TRUE,FALSE,FALSE,"left","middle",TRUE,FALSE,FALSE,"left","left",FALSE
"60ed501279c68ea1a313d0aa","Cherry",2,"Zebra",2,"Bug",2,"left",TRUE,"left",TRUE,44,TRUE,FALSE,FALSE,"left","right",TRUE,FALSE,FALSE,"left","left",FALSE
"5bf2f728bd9f150001f6cc42","Shorts",5,"Scooter",4,"Strawberries",4,"right",TRUE,"right",TRUE,44,TRUE,FALSE,FALSE,"right","middle",TRUE,FALSE,FALSE,"right","right",FALSE
"59a734ce0c87a000017481ed","Bathtub",1,"Bead",4,"Sun",4,"left",FALSE,"left",TRUE,44,TRUE,FALSE,FALSE,"left","right",TRUE,FALSE,FALSE,"left","left",FALSE
"615e420a23219efe3427a367","Turtle",3,"String",4,"Tiger",4,"middle",FALSE,"left",TRUE,44,FALSE,FALSE,TRUE,"left","right",FALSE,FALSE,TRUE,"left","middle",FALSE
"66b244a2f436437d3e109bbe","Rope",2,"Shampoo",4,"Ring",4,"middle",FALSE,"middle",TRUE,44,TRUE,FALSE,FALSE,"middle","right",TRUE,FALSE,FALSE,"middle","middle",TRUE
"5f1b05a8703c380d1393bb27","Mouse",2,"Ladder",5,"Nose",5,"middle",FALSE,"middle",TRUE,44,TRUE,FALSE,FALSE,"middle","right",TRUE,FALSE,FALSE,"middle","middle",FALSE
"6684497541f835bd67a199b2","Shovel",2,"Popsicle",2,"Grapes",2,"right",TRUE,"right",TRUE,44,TRUE,FALSE,FALSE,"right","left",TRUE,FALSE,FALSE,"right","right",FALSE
"5eeddefa177a7322144cbc5e","Ghost",3,"Stool",3,"Broom",3,"left",FALSE,"left",FALSE,44,FALSE,FALSE,TRUE,"right","middle",TRUE,FALSE,FALSE,"left","left",FALSE
"63ee9abfa262bea95766dd9c","Zipper",4,"Hose",3,"Play dough",3,"right",FALSE,"right",FALSE,44,FALSE,FALSE,TRUE,"middle","left",TRUE,FALSE,FALSE,"right","right",TRUE
"66cfab152c56aa0472529001","Bone",3,"Sunglasses",3,"Ant",3,"right",FALSE,"left",TRUE,44,FALSE,FALSE,TRUE,"left","middle",FALSE,FALSE,TRUE,"left","right",TRUE
"6571fd9d691befe21fa61d18","Dresser",5,"Glove",2,"Spoon",2,"middle",FALSE,"left",TRUE,44,FALSE,TRUE,FALSE,"left","left",FALSE,TRUE,FALSE,"left","middle",FALSE
"66312361cf5d4099e1330532","Stove",5,"CD",1,"Knee",1,"middle",FALSE,"left",TRUE,44,FALSE,FALSE,TRUE,"left","right",FALSE,FALSE,TRUE,"left","middle",FALSE
"6722ea20fb84b196f0a649b6","Bandaid",3,"Zebra",3,"String",3,"right",FALSE,"right",TRUE,44,TRUE,FALSE,FALSE,"right","left",TRUE,FALSE,FALSE,"right","right",FALSE
"5ddce9f0f85b50c4fc1515a4","Fence",3,"Vacuum",4,"Shirt",4,"middle",FALSE,"right",TRUE,44,FALSE,TRUE,FALSE,"right","right",FALSE,TRUE,FALSE,"right","middle",FALSE
"5c3bdbf548ad2900017fac31","Barn",1,"Pudding",4,"Train",4,"right",FALSE,"middle",TRUE,44,FALSE,TRUE,FALSE,"middle","middle",FALSE,TRUE,FALSE,"middle","right",FALSE
"6844a1b95271dfc560af4709","Rabbit",1,"Soup",1,"Strawberries",1,"right",TRUE,"right",TRUE,44,TRUE,FALSE,FALSE,"right","left",TRUE,FALSE,FALSE,"right","right",FALSE
"5e121701dc79bd8a1a22ca99","Backpack",4,"Stairs",4,"Plate",4,"right",FALSE,"middle",TRUE,40,FALSE,FALSE,TRUE,"middle","left",FALSE,FALSE,TRUE,"middle","right",FALSE
"616ef680ab8ca318a227f5ec","Window",1,"Clock",2,"Radio",2,"right",FALSE,"middle",TRUE,44,FALSE,TRUE,FALSE,"middle","middle",FALSE,TRUE,FALSE,"middle","right",FALSE
"66d9cd06e207a93377f7820e","Leg",4,"Corn",5,"Mouth",5,"right",FALSE,"middle",TRUE,44,FALSE,FALSE,TRUE,"middle","left",FALSE,FALSE,TRUE,"middle","right",TRUE
"5962a5b29955ee00015bce98","Meat",5,"Cup",1,"Soup",1,"left",FALSE,"right",FALSE,44,TRUE,FALSE,FALSE,"left","middle",FALSE,FALSE,TRUE,"right","left",TRUE
"641384b3dffcf39ec42d3c23","Comb",4,"Bus",1,"Chalk",1,"left",FALSE,"left",FALSE,44,FALSE,TRUE,FALSE,"right","right",TRUE,FALSE,FALSE,"left","left",FALSE
"59692d61355b45000106c592","Cupcake",1,"Fire",1,"Blanket",1,"left",FALSE,"right",FALSE,44,TRUE,FALSE,FALSE,"left","middle",FALSE,FALSE,TRUE,"right","left",FALSE
"5dd05d80b2204f1487f7812c","Squirrel",2,"Boots",1,"Pot",1,"right",FALSE,"left",FALSE,44,TRUE,FALSE,FALSE,"right","middle",FALSE,FALSE,TRUE,"left","right",FALSE
"6321d9c78e8e3c04f82a0ea0","Ant",3,"Ostrich",4,"Door",4,"middle",FALSE,"middle",FALSE,44,FALSE,FALSE,TRUE,"right","left",TRUE,FALSE,FALSE,"middle","middle",FALSE
"632d189d6b8f03d0d3db4c48","Umbrella",2,"Pirate",5,"Hose",5,"left",FALSE,"middle",TRUE,44,FALSE,FALSE,TRUE,"middle","right",FALSE,FALSE,TRUE,"middle","left",TRUE
"63b3377ca1ccdfc7cc567503","Zebra",4,"Fries",2,"Elbow",2,"right",FALSE,"middle",FALSE,44,FALSE,TRUE,FALSE,"left","left",FALSE,FALSE,TRUE,"middle","right",TRUE
"6678813aec86d687a654dedb","Ladder",2,"Leg",4,"Sandwich",4,"middle",FALSE,"right",FALSE,44,TRUE,FALSE,FALSE,"middle","left",FALSE,FALSE,TRUE,"right","middle",FALSE
"55cce6ea34e90600058d1e6d","Door",5,"Owl",3,"Purse",3,"right",FALSE,"middle",FALSE,44,FALSE,FALSE,TRUE,"left","middle",FALSE,TRUE,FALSE,"middle","right",FALSE
"6658bba1a51a037d25bb677e","Comb",2,"Fire truck",4,"Sweater",4,"right",FALSE,"middle",FALSE,44,TRUE,FALSE,FALSE,"right","left",FALSE,FALSE,TRUE,"middle","right",TRUE
"60f5df9db9380d875c320307","Hoop",2,"Blocks",1,"Mailbox",1,"right",FALSE,"middle",FALSE,44,TRUE,FALSE,FALSE,"right","left",FALSE,FALSE,TRUE,"middle","right",FALSE
"63d5b810f3dbbd11e7e65870","Ant",4,"Hips",5,"Feather",5,"left",FALSE,"middle",FALSE,44,TRUE,FALSE,FALSE,"left","middle",FALSE,TRUE,FALSE,"middle","left",FALSE
"66d1fdd400acfdbc181f41e0","Tongue",1,"Fire",3,"Newspaper",3,"right",FALSE,"right",FALSE,44,FALSE,FALSE,TRUE,"left","middle",TRUE,FALSE,FALSE,"right","right",FALSE
"67b636c4ea38855cbb08ffe3","Earring",1,"Bracelet",2,"Cherry",2,"right",TRUE,"middle",FALSE,44,TRUE,FALSE,FALSE,"right","middle",FALSE,TRUE,FALSE,"middle","right",FALSE
"5e1b795dc799223a3b447ada","Ankle",2,"Rainbow",4,"Bus",4,"right",FALSE,"right",TRUE,44,TRUE,FALSE,FALSE,"right","left",TRUE,FALSE,FALSE,"right","right",FALSE
"5c5cad3e4ee81200018eafe2","Cake",3,"Sheep",5,"Mouse",5,"left",FALSE,"middle",FALSE,44,FALSE,FALSE,TRUE,"right","middle",FALSE,TRUE,FALSE,"middle","left",FALSE
"5bc5be2572df5f00014479f9","Pizza",1,"Clown",4,"Grapes",4,"right",TRUE,"right",TRUE,44,TRUE,FALSE,FALSE,"right","left",TRUE,FALSE,FALSE,"right","right",FALSE
"5f8f436e4676a71879786b95","Camera",4,"Triangle",4,"Mouth",4,"left",FALSE,"right",FALSE,44,TRUE,FALSE,FALSE,"left","right",FALSE,TRUE,FALSE,"right","left",FALSE
"669053bbebafdd430e770142","Tongue",1,"Blanket",5,"Pizza",5,"right",FALSE,"middle",TRUE,44,FALSE,FALSE,TRUE,"middle","left",FALSE,FALSE,TRUE,"middle","right",FALSE
"677419f93048c66d62d2bf87","Rock",5,"Yo-yo",3,"Notebook",3,"right",FALSE,"left",TRUE,44,FALSE,FALSE,TRUE,"left","middle",FALSE,FALSE,TRUE,"left","right",FALSE
"574aff1b5bef980007af2745","Chicken",2,"Teddy Bear",3,"Hamburger",3,"left",FALSE,"right",FALSE,44,TRUE,FALSE,FALSE,"left","middle",FALSE,FALSE,TRUE,"right","left",FALSE
"58404fd8ad98e40001ce915f","Tummy",3,"Bead",4,"Ankle",4,"middle",FALSE,"middle",TRUE,44,TRUE,FALSE,FALSE,"middle","left",TRUE,FALSE,FALSE,"middle","middle",FALSE
"5de8887aa2db898017debf1a","Stove",4,"Comb",2,"Rope",2,"middle",FALSE,"middle",FALSE,44,FALSE,FALSE,TRUE,"left","right",TRUE,FALSE,FALSE,"middle","middle",FALSE
"59d949cf8fd07a000184247e","Bird",5,"Hips",5,"Bubbles",5,"right",FALSE,"left",TRUE,44,FALSE,FALSE,TRUE,"left","middle",FALSE,FALSE,TRUE,"left","right",FALSE
"662945728093113a43ab8077","Soup",5,"Mouse",3,"Shoes",3,"right",FALSE,"middle",TRUE,44,FALSE,FALSE,TRUE,"middle","left",FALSE,FALSE,TRUE,"middle","right",TRUE
"676058418c08c71e4bb7cbd1","Goal",1,"Meat",3,"Earring",3,"right",FALSE,"right",TRUE,44,TRUE,FALSE,FALSE,"right","middle",TRUE,FALSE,FALSE,"right","right",TRUE
"6643d22289210a4edf21e84d","Pan",2,"Horse",5,"Broom",5,"left",FALSE,"right",FALSE,44,FALSE,TRUE,FALSE,"middle","middle",FALSE,FALSE,TRUE,"right","left",FALSE
"58954e2dc88c680001dd4b7e","CD",5,"Hamburger",3,"Belt",3,"right",FALSE,"right",FALSE,44,FALSE,FALSE,TRUE,"left","middle",TRUE,FALSE,FALSE,"right","right",TRUE
"5b757a03976ecb0001b1168f","Princess",5,"Diaper",1,"Can",1,"left",FALSE,"left",TRUE,44,TRUE,FALSE,FALSE,"left","middle",TRUE,FALSE,FALSE,"left","left",FALSE
"681b781064a5701a5ceee3bc","Chair",1,"Rock",2,"Cat",2,"left",FALSE,"middle",TRUE,44,FALSE,TRUE,FALSE,"middle","middle",FALSE,TRUE,FALSE,"middle","left",TRUE
"6716c6700f376dc7f534af9d","Hammer",2,"Mountain",5,"Pizza",5,"right",FALSE,"right",FALSE,44,FALSE,FALSE,TRUE,"left","middle",TRUE,FALSE,FALSE,"right","right",FALSE
"671a3ac3dada5efe6d439698","Iron",2,"Tongue",4,"Rainbow",4,"left",FALSE,"right",TRUE,44,FALSE,FALSE,TRUE,"right","middle",FALSE,FALSE,TRUE,"right","left",FALSE
"676b89007874c8eace113276","Camera",5,"Eggs",5,"Tape",5,"left",FALSE,"left",TRUE,44,TRUE,FALSE,FALSE,"left","middle",TRUE,FALSE,FALSE,"left","left",FALSE
"6825af939111d286546fdde6","Skateboard",1,"Bean",4,"Queen",4,"middle",FALSE,"middle",TRUE,44,TRUE,FALSE,FALSE,"middle","right",TRUE,FALSE,FALSE,"middle","middle",FALSE
"67164c92298409e37c670b3d","Drum",1,"Vacuum",5,"Sun",5,"right",FALSE,"middle",TRUE,44,FALSE,FALSE,TRUE,"middle","left",FALSE,FALSE,TRUE,"middle","right",FALSE
"682b3f63d0e2c4eff64fe664","Pajamas",2,"Stars",1,"Swimsuit",1,"middle",FALSE,"middle",TRUE,44,TRUE,FALSE,FALSE,"middle","left",TRUE,FALSE,FALSE,"middle","middle",TRUE
"5d3695969749cc00165c222f","Fork",5,"Flashlight",1,"Dress",1,"left",FALSE,"left",TRUE,44,TRUE,FALSE,FALSE,"left","right",TRUE,FALSE,FALSE,"left","left",TRUE
"664521e03117b782ed4fff45","Teddy Bear",1,"Grass",2,"Chicken",2,"right",FALSE,"middle",FALSE,44,TRUE,FALSE,FALSE,"right","left",FALSE,FALSE,TRUE,"middle","right",FALSE
"5f0db498f5e4e102c0f65b67","Horse",2,"Fly",5,"Pizza",5,"middle",FALSE,"right",FALSE,40,TRUE,FALSE,FALSE,"middle","left",FALSE,FALSE,TRUE,"right","middle",FALSE
"6773dea609f77d473900997a","Waffle",2,"Chalk",5,"Butter",5,"left",FALSE,"left",TRUE,44,TRUE,FALSE,FALSE,"left","middle",TRUE,FALSE,FALSE,"left","left",TRUE
"637fcee60a8378c1c3a65898","Cereal",3,"Glue",5,"Butterfly",5,"left",FALSE,"right",TRUE,44,FALSE,FALSE,TRUE,"right","middle",FALSE,FALSE,TRUE,"right","left",FALSE
"63f77a5dde1ea03305e119e0","Window",3,"Square",1,"Truck",1,"left",FALSE,"left",FALSE,44,FALSE,TRUE,FALSE,"right","right",TRUE,FALSE,FALSE,"left","left",FALSE
"5fbf90f025a567296d943c7e","Cup",3,"Wheel",5,"Button",5,"left",FALSE,"middle",TRUE,44,FALSE,TRUE,FALSE,"middle","middle",FALSE,TRUE,FALSE,"middle","left",FALSE
"636d6ce3fb3683ff33f9e514","Stairs",2,"Mountain",2,"Chair",2,"right",FALSE,"right",TRUE,44,TRUE,FALSE,FALSE,"right","middle",TRUE,FALSE,FALSE,"right","right",FALSE
"5af2a03697a14300017d2ba4","Chopsticks",4,"Toothpaste",3,"Elbow",3,"left",FALSE,"right",TRUE,44,FALSE,FALSE,TRUE,"right","middle",FALSE,FALSE,TRUE,"right","left",FALSE
"60e3a25e8be835f754795d93","Rice",4,"Feather",1,"Chicken",1,"middle",FALSE,"left",TRUE,44,FALSE,TRUE,FALSE,"left","left",FALSE,TRUE,FALSE,"left","middle",TRUE
"66b5172c8f0bd3b23ce66c22","Gorilla",3,"Cable",3,"Sink",3,"middle",FALSE,"middle",TRUE,45,TRUE,FALSE,FALSE,"middle","right",TRUE,FALSE,FALSE,"middle","middle",FALSE
"5ba60abd9629a90001b36fdc","Stick",2,"Train",1,"Ring",1,"middle",FALSE,"right",TRUE,45,FALSE,FALSE,TRUE,"right","left",FALSE,FALSE,TRUE,"right","middle",FALSE
"65dc99d0191a135ab835bf69","Pirate",1,"Net",5,"Spiderweb",5,"middle",FALSE,"middle",FALSE,45,FALSE,TRUE,FALSE,"right","right",TRUE,FALSE,FALSE,"middle","middle",FALSE
"60fe7bf61c7567f5cca9ade6","Monkey",3,"Stamps",4,"Cable",4,"left",FALSE,"left",TRUE,45,TRUE,FALSE,FALSE,"left","right",TRUE,FALSE,FALSE,"left","left",TRUE
"5c9d88bb2b3c77001744ec1c","Bread",5,"Tiger",3,"Stove",3,"left",FALSE,"left",TRUE,45,TRUE,FALSE,FALSE,"left","middle",TRUE,FALSE,FALSE,"left","left",FALSE
"5e283f576dbb560114ac7714","Squirrel",5,"Butter",4,"Lamp",4,"middle",FALSE,"left",TRUE,45,FALSE,TRUE,FALSE,"left","left",FALSE,TRUE,FALSE,"left","middle",FALSE
"62e02b1ed5b0fbc1b1dc09e7","Candy",2,"Toothbrush",1,"Suitcase",1,"middle",FALSE,"left",TRUE,45,FALSE,FALSE,TRUE,"left","right",FALSE,FALSE,TRUE,"left","middle",FALSE
"5ecf9b46617a9b3dd56b3fe3","Play dough",3,"Balloons",3,"Cat",3,"left",FALSE,"middle",TRUE,45,FALSE,FALSE,TRUE,"middle","right",FALSE,FALSE,TRUE,"middle","left",TRUE
"590b3401182caf0001ab5801","Camera",1,"Owl",1,"Magazine",1,"right",FALSE,"middle",TRUE,45,FALSE,FALSE,TRUE,"middle","left",FALSE,FALSE,TRUE,"middle","right",FALSE
"65c11389b0d2ba8e63cb8b22","Curtain",1,"Knee",3,"Comb",3,"right",FALSE,"right",TRUE,45,TRUE,FALSE,FALSE,"right","left",TRUE,FALSE,FALSE,"right","right",FALSE
"5d15160539eeea001683830c","Swing",4,"Sweater",1,"Puppets",1,"middle",FALSE,"left",TRUE,45,FALSE,TRUE,FALSE,"left","left",FALSE,TRUE,FALSE,"left","middle",FALSE
"6620b6a209127dafd5b2dfb9","Pig",4,"Sunglasses",5,"Pancakes",5,"right",FALSE,"middle",FALSE,45,FALSE,FALSE,TRUE,"left","middle",FALSE,TRUE,FALSE,"middle","right",FALSE
"56c65a5a305eaa0005f2a634","Lizard",5,"Dolls",3,"Tongue",3,"left",FALSE,"left",TRUE,45,TRUE,FALSE,FALSE,"left","middle",TRUE,FALSE,FALSE,"left","left",FALSE
"59fb1518b47dfc0001b6659b","Spider",2,"Fork",2,"Marker",2,"right",FALSE,"right",TRUE,45,TRUE,FALSE,FALSE,"right","middle",TRUE,FALSE,FALSE,"right","right",FALSE
"602c0fc2eff74b4748e9b41e","Lunch",3,"Wing",4,"Umbrella",4,"right",FALSE,"middle",FALSE,45,TRUE,FALSE,FALSE,"right","left",FALSE,FALSE,TRUE,"middle","right",FALSE
"5bcc98d1db645700015222b5","Dog",4,"Snow",2,"Bread",2,"left",FALSE,"right",TRUE,45,FALSE,TRUE,FALSE,"right","right",FALSE,TRUE,FALSE,"right","left",FALSE
"6773e6e6b205d22a2e097735","Movie",5,"Kangaroo",4,"Feet",4,"right",FALSE,"middle",FALSE,45,FALSE,TRUE,FALSE,"left","left",FALSE,FALSE,TRUE,"middle","right",FALSE
"67505c42a18c872bab88ed42","Snake",2,"Rope",2,"Stars",2,"right",FALSE,"right",TRUE,45,TRUE,FALSE,FALSE,"right","left",TRUE,FALSE,FALSE,"right","right",FALSE
"62a1e021702679d27813a3e2","Bathtub",1,"Shoes",5,"Diaper",5,"middle",FALSE,"middle",TRUE,45,TRUE,FALSE,FALSE,"middle","left",TRUE,FALSE,FALSE,"middle","middle",FALSE
"639f294882a3797f77a3dd81","Refrigerator",2,"Arm",1,"Hat",1,"right",FALSE,"right",TRUE,45,TRUE,FALSE,FALSE,"right","left",TRUE,FALSE,FALSE,"right","right",FALSE
"654bc148c95bca00d541ec33","Chips",2,"Washcloth",1,"Bone",1,"middle",FALSE,"left",TRUE,45,FALSE,TRUE,FALSE,"left","left",FALSE,TRUE,FALSE,"left","middle",TRUE
"5d23460ad4c57900192b129c","Horse",2,"Slide",5,"Hands",5,"middle",FALSE,"middle",TRUE,45,TRUE,FALSE,FALSE,"middle","left",TRUE,FALSE,FALSE,"middle","middle",FALSE
"67673cda94b4d0cf1a6a7382","Juice",3,"Hoop",2,"Pencil",2,"right",FALSE,"left",TRUE,45,FALSE,FALSE,TRUE,"left","middle",FALSE,FALSE,TRUE,"left","right",FALSE
"5c4f5967aac8be0001716a65","Boots",5,"Butter",3,"Yo-yo",3,"right",FALSE,"middle",TRUE,45,FALSE,FALSE,TRUE,"middle","left",FALSE,FALSE,TRUE,"middle","right",FALSE
"67758c9a30d6819221153393","Fire",1,"Hammer",2,"Tree",2,"left",FALSE,"middle",TRUE,45,FALSE,FALSE,TRUE,"middle","right",FALSE,FALSE,TRUE,"middle","left",FALSE
"66b37344796f45313433abc8","Arm",3,"Pillow",3,"Tiger",3,"left",FALSE,"left",TRUE,45,TRUE,FALSE,FALSE,"left","middle",TRUE,FALSE,FALSE,"left","left",FALSE
"632096b5574155e8727c50cc","Bird",2,"Curtain",3,"Bat",3,"left",FALSE,"middle",TRUE,45,FALSE,FALSE,TRUE,"middle","right",FALSE,FALSE,TRUE,"middle","left",FALSE
"66dcc0e54f44ccecf2730c76","Rain",4,"Bananas",3,"Square",3,"middle",TRUE,"middle",TRUE,45,TRUE,FALSE,FALSE,"middle","left",TRUE,FALSE,FALSE,"middle","middle",TRUE
"60fac7ec133b6bf250d6d668","Pie",4,"Notebook",3,"Sticker",3,"left",FALSE,"left",TRUE,45,TRUE,FALSE,FALSE,"left","right",TRUE,FALSE,FALSE,"left","left",FALSE
"5e459f61418f610891628564","House",5,"Bottle",4,"Cow",4,"middle",FALSE,"left",FALSE,45,FALSE,TRUE,FALSE,"right","right",FALSE,FALSE,TRUE,"left","middle",FALSE
"5e89ec793c01b3685a00bb12","Cake",5,"Bubbles",5,"Dolls",5,"right",FALSE,"middle",FALSE,45,FALSE,TRUE,FALSE,"left","left",FALSE,FALSE,TRUE,"middle","right",FALSE
"631d197eba06364cbea7fab2","Bacon",2,"Ladder",1,"Chalk",1,"right",FALSE,"left",TRUE,45,FALSE,FALSE,TRUE,"left","middle",FALSE,FALSE,TRUE,"left","right",TRUE
"61656042f505fd7fa53e8628","Teapot",5,"Diaper",5,"Tongue",5,"right",FALSE,"middle",TRUE,41,FALSE,FALSE,TRUE,"middle","left",FALSE,FALSE,TRUE,"middle","right",FALSE
"66fd3f6c93c24ecc119be354","Ice Cream",3,"Money",1,"Drum",1,"right",FALSE,"right",TRUE,45,TRUE,FALSE,FALSE,"right","left",TRUE,FALSE,FALSE,"right","right",TRUE
"5af1a4bc6e136b0001411714","Toothbrush",5,"Hamburger",1,"Blocks",1,"left",FALSE,"left",TRUE,45,TRUE,FALSE,FALSE,"left","middle",TRUE,FALSE,FALSE,"left","left",FALSE
"60ed501279c68ea1a313d0aa","Table",5,"Dinosaur",5,"Dog",5,"left",FALSE,"left",FALSE,45,FALSE,TRUE,FALSE,"right","right",TRUE,FALSE,FALSE,"left","left",FALSE
"5bf2f728bd9f150001f6cc42","Bell",5,"Tie",1,"Bandaid",1,"right",FALSE,"left",FALSE,45,TRUE,FALSE,FALSE,"right","middle",FALSE,FALSE,TRUE,"left","right",FALSE
"59a734ce0c87a000017481ed","Straw",2,"Grass",4,"Umbrella",4,"middle",FALSE,"right",FALSE,45,TRUE,FALSE,FALSE,"middle","right",FALSE,TRUE,FALSE,"right","middle",FALSE
"615e420a23219efe3427a367","Whistle",5,"Nest",3,"Stairs",3,"middle",FALSE,"middle",FALSE,45,FALSE,TRUE,FALSE,"right","right",TRUE,FALSE,FALSE,"middle","middle",FALSE
"66b244a2f436437d3e109bbe","Camera",4,"Yogurt",1,"Chopsticks",1,"left",FALSE,"left",FALSE,45,FALSE,FALSE,TRUE,"middle","right",TRUE,FALSE,FALSE,"left","left",TRUE
"5f1b05a8703c380d1393bb27","Cup",2,"Taco",2,"Fire truck",2,"left",FALSE,"middle",TRUE,45,FALSE,FALSE,TRUE,"middle","right",FALSE,FALSE,TRUE,"middle","left",FALSE
"6684497541f835bd67a199b2","Spider",4,"Yo-yo",5,"Rope",5,"middle",FALSE,"right",TRUE,45,FALSE,FALSE,TRUE,"right","left",FALSE,FALSE,TRUE,"right","middle",FALSE
"5eeddefa177a7322144cbc5e","Octopus",5,"Corn",1,"Underwear",1,"left",FALSE,"middle",FALSE,45,TRUE,FALSE,FALSE,"left","middle",FALSE,TRUE,FALSE,"middle","left",FALSE
"63ee9abfa262bea95766dd9c","Frog",5,"Hat",3,"Cow",3,"middle",FALSE,"right",TRUE,45,FALSE,FALSE,TRUE,"right","left",FALSE,FALSE,TRUE,"right","middle",TRUE
"66cfab152c56aa0472529001","Glue",5,"Ankle",3,"Cupcake",3,"left",FALSE,"left",TRUE,45,TRUE,FALSE,FALSE,"left","middle",TRUE,FALSE,FALSE,"left","left",TRUE
"6571fd9d691befe21fa61d18","Radio",1,"Box",2,"Socks",2,"middle",FALSE,"right",TRUE,45,FALSE,FALSE,TRUE,"right","left",FALSE,FALSE,TRUE,"right","middle",FALSE
"66312361cf5d4099e1330532","Cow",4,"Toilet",2,"Owl",2,"left",FALSE,"left",TRUE,45,TRUE,FALSE,FALSE,"left","right",TRUE,FALSE,FALSE,"left","left",FALSE
"6722ea20fb84b196f0a649b6","Sunglasses",5,"Gorilla",2,"Shirt",2,"middle",FALSE,"left",TRUE,45,FALSE,TRUE,FALSE,"left","left",FALSE,TRUE,FALSE,"left","middle",FALSE
"5ddce9f0f85b50c4fc1515a4","Toy",3,"Bear",3,"Dresser",3,"left",FALSE,"right",TRUE,45,FALSE,TRUE,FALSE,"right","right",FALSE,TRUE,FALSE,"right","left",FALSE
"5c3bdbf548ad2900017fac31","Triangle",2,"Bracelet",4,"Tree",4,"left",FALSE,"right",TRUE,45,FALSE,FALSE,TRUE,"right","middle",FALSE,FALSE,TRUE,"right","left",FALSE
"6844a1b95271dfc560af4709","Hat",1,"Balls",4,"Lion",4,"right",FALSE,"middle",TRUE,45,FALSE,FALSE,TRUE,"middle","left",FALSE,FALSE,TRUE,"middle","right",FALSE
"5e121701dc79bd8a1a22ca99","Pen",2,"Motorcycle",3,"Phone",3,"middle",FALSE,"right",TRUE,41,FALSE,FALSE,TRUE,"right","left",FALSE,FALSE,TRUE,"right","middle",FALSE
"616ef680ab8ca318a227f5ec","Refrigerator",2,"Glasses",2,"Cloud",2,"right",FALSE,"left",FALSE,45,TRUE,FALSE,FALSE,"right","middle",FALSE,FALSE,TRUE,"left","right",FALSE
"66d9cd06e207a93377f7820e","Dinosaur",4,"Taco",3,"Water",3,"right",FALSE,"right",TRUE,45,TRUE,FALSE,FALSE,"right","left",TRUE,FALSE,FALSE,"right","right",TRUE
"5962a5b29955ee00015bce98","Stool",2,"Whistle",5,"Wing",5,"right",FALSE,"left",TRUE,45,FALSE,FALSE,TRUE,"left","middle",FALSE,FALSE,TRUE,"left","right",TRUE
"641384b3dffcf39ec42d3c23","Hands",1,"Blocks",1,"Bee",1,"middle",FALSE,"middle",FALSE,45,FALSE,FALSE,TRUE,"left","right",TRUE,FALSE,FALSE,"middle","middle",FALSE
"59692d61355b45000106c592","Yo-yo",4,"Bear",3,"Square",3,"left",FALSE,"left",TRUE,45,TRUE,FALSE,FALSE,"left","middle",TRUE,FALSE,FALSE,"left","left",FALSE
"5dd05d80b2204f1487f7812c","Peas",3,"Bathtub",5,"Snow",5,"right",FALSE,"middle",FALSE,45,FALSE,FALSE,TRUE,"left","middle",FALSE,TRUE,FALSE,"middle","right",FALSE
"6321d9c78e8e3c04f82a0ea0","Knife",1,"Pear",5,"Grass",5,"middle",TRUE,"middle",TRUE,45,TRUE,FALSE,FALSE,"middle","left",TRUE,FALSE,FALSE,"middle","middle",FALSE
"632d189d6b8f03d0d3db4c48","Lizard",4,"Bone",5,"Sheep",5,"middle",FALSE,"middle",TRUE,45,TRUE,FALSE,FALSE,"middle","right",TRUE,FALSE,FALSE,"middle","middle",TRUE
"63b3377ca1ccdfc7cc567503","Marker",4,"Grass",5,"Meat",5,"right",FALSE,"middle",TRUE,45,FALSE,FALSE,TRUE,"middle","left",FALSE,FALSE,TRUE,"middle","right",TRUE
"6678813aec86d687a654dedb","Chips",2,"Jump rope",1,"Ear",1,"right",FALSE,"left",TRUE,45,FALSE,TRUE,FALSE,"left","left",FALSE,TRUE,FALSE,"left","right",FALSE
"55cce6ea34e90600058d1e6d","Spoon",3,"Queen",3,"Swing",3,"right",FALSE,"middle",FALSE,45,FALSE,FALSE,TRUE,"left","middle",FALSE,TRUE,FALSE,"middle","right",FALSE
"6658bba1a51a037d25bb677e","Vacuum",5,"Bananas",4,"Books",4,"middle",TRUE,"middle",TRUE,45,TRUE,FALSE,FALSE,"middle","left",TRUE,FALSE,FALSE,"middle","middle",TRUE
"60f5df9db9380d875c320307","Bubbles",3,"Washcloth",1,"Rock",1,"right",FALSE,"right",TRUE,45,TRUE,FALSE,FALSE,"right","left",TRUE,FALSE,FALSE,"right","right",FALSE
"63d5b810f3dbbd11e7e65870","Gorilla",1,"Bowl",2,"Balls",2,"right",FALSE,"right",FALSE,45,FALSE,TRUE,FALSE,"middle","middle",TRUE,FALSE,FALSE,"right","right",FALSE
"66d1fdd400acfdbc181f41e0","Boots",2,"Snow",3,"Stick",3,"left",FALSE,"right",FALSE,45,TRUE,FALSE,FALSE,"left","middle",FALSE,FALSE,TRUE,"right","left",FALSE
"67b636c4ea38855cbb08ffe3","Ladder",2,"Bat",3,"Fly",3,"right",FALSE,"right",FALSE,45,FALSE,TRUE,FALSE,"middle","middle",TRUE,FALSE,FALSE,"right","right",FALSE
"5e1b795dc799223a3b447ada","Mouth",1,"Cable",5,"Earring",5,"right",FALSE,"middle",FALSE,45,FALSE,TRUE,FALSE,"left","left",FALSE,FALSE,TRUE,"middle","right",FALSE
"5c5cad3e4ee81200018eafe2","Skateboard",2,"String",3,"Toy",3,"left",FALSE,"right",TRUE,45,FALSE,FALSE,TRUE,"right","middle",FALSE,FALSE,TRUE,"right","left",FALSE
"5bc5be2572df5f00014479f9","Sand",1,"Whistle",3,"Cupcake",3,"right",FALSE,"right",TRUE,45,TRUE,FALSE,FALSE,"right","left",TRUE,FALSE,FALSE,"right","right",FALSE
"5f8f436e4676a71879786b95","Microphone",5,"Popsicle",5,"Sticker",5,"left",FALSE,"left",FALSE,45,FALSE,FALSE,TRUE,"middle","right",TRUE,FALSE,FALSE,"left","left",FALSE
"669053bbebafdd430e770142","Toy",2,"Jump rope",1,"Potatoes",1,"middle",FALSE,"right",TRUE,45,FALSE,FALSE,TRUE,"right","left",FALSE,FALSE,TRUE,"right","middle",FALSE
"677419f93048c66d62d2bf87","Window",1,"Lizard",2,"Zipper",2,"left",FALSE,"middle",TRUE,45,FALSE,TRUE,FALSE,"middle","middle",FALSE,TRUE,FALSE,"middle","left",FALSE
"574aff1b5bef980007af2745","Bike",3,"Rainbow",3,"Dresser",3,"right",FALSE,"right",TRUE,45,TRUE,FALSE,FALSE,"right","middle",TRUE,FALSE,FALSE,"right","right",FALSE
"58404fd8ad98e40001ce915f","Fire",4,"Octopus",1,"Play dough",1,"right",FALSE,"middle",TRUE,45,FALSE,FALSE,TRUE,"middle","left",FALSE,FALSE,TRUE,"middle","right",FALSE
"5de8887aa2db898017debf1a","Spoon",5,"Bridge",1,"Hanger",1,"left",FALSE,"left",TRUE,45,TRUE,FALSE,FALSE,"left","right",TRUE,FALSE,FALSE,"left","left",FALSE
"59d949cf8fd07a000184247e","Underwear",4,"Marker",4,"Snow",4,"left",FALSE,"right",TRUE,45,FALSE,FALSE,TRUE,"right","middle",FALSE,FALSE,TRUE,"right","left",FALSE
"662945728093113a43ab8077","Cheese",4,"Popcorn",2,"Pirate",2,"middle",FALSE,"middle",FALSE,45,FALSE,FALSE,TRUE,"right","left",TRUE,FALSE,FALSE,"middle","middle",TRUE
"676058418c08c71e4bb7cbd1","Skateboard",3,"Stamps",5,"Box",5,"right",FALSE,"right",FALSE,45,FALSE,FALSE,TRUE,"left","middle",TRUE,FALSE,FALSE,"right","right",TRUE
"6643d22289210a4edf21e84d","Butterfly",1,"Battery",4,"Nest",4,"left",FALSE,"middle",FALSE,45,FALSE,FALSE,TRUE,"right","middle",FALSE,TRUE,FALSE,"middle","left",FALSE
"58954e2dc88c680001dd4b7e","Earring",1,"Bed",5,"Microphone",5,"right",FALSE,"middle",FALSE,45,FALSE,FALSE,TRUE,"left","middle",FALSE,TRUE,FALSE,"middle","right",TRUE
"5b757a03976ecb0001b1168f","Camera",4,"Skateboard",4,"Queen",4,"right",FALSE,"right",TRUE,45,TRUE,FALSE,FALSE,"right","middle",TRUE,FALSE,FALSE,"right","right",FALSE
"681b781064a5701a5ceee3bc","Horse",3,"Butter",1,"Computer",1,"right",FALSE,"right",TRUE,45,TRUE,FALSE,FALSE,"right","middle",TRUE,FALSE,FALSE,"right","right",TRUE
"6716c6700f376dc7f534af9d","Grass",2,"Leg",2,"Toes",2,"left",FALSE,"left",TRUE,45,TRUE,FALSE,FALSE,"left","middle",TRUE,FALSE,FALSE,"left","left",FALSE
"671a3ac3dada5efe6d439698","Triangle",5,"Airplane",2,"Sunglasses",2,"left",FALSE,"left",TRUE,45,TRUE,FALSE,FALSE,"left","middle",TRUE,FALSE,FALSE,"left","left",FALSE
"676b89007874c8eace113276","Glasses",1,"Dinosaur",1,"Books",1,"right",FALSE,"right",TRUE,45,TRUE,FALSE,FALSE,"right","middle",TRUE,FALSE,FALSE,"right","right",FALSE
"6825af939111d286546fdde6","Vacuum",3,"Drum",1,"Dog",1,"middle",FALSE,"left",FALSE,45,TRUE,FALSE,FALSE,"middle","right",FALSE,FALSE,TRUE,"left","middle",FALSE
"67164c92298409e37c670b3d","Envelope",1,"Mirror",5,"Fingernail",5,"right",FALSE,"middle",TRUE,45,FALSE,FALSE,TRUE,"middle","left",FALSE,FALSE,TRUE,"middle","right",FALSE
"682b3f63d0e2c4eff64fe664","Suitcase",3,"Shovel",2,"Potatoes",2,"right",FALSE,"middle",FALSE,45,TRUE,FALSE,FALSE,"right","left",FALSE,FALSE,TRUE,"middle","right",TRUE
"5d3695969749cc00165c222f","Squirrel",4,"Bike",2,"Books",2,"middle",FALSE,"left",TRUE,45,FALSE,FALSE,TRUE,"left","right",FALSE,FALSE,TRUE,"left","middle",TRUE
"664521e03117b782ed4fff45","Fries",3,"Straw",1,"Bear",1,"right",FALSE,"left",TRUE,45,FALSE,TRUE,FALSE,"left","left",FALSE,TRUE,FALSE,"left","right",FALSE
"5f0db498f5e4e102c0f65b67","Owl",3,"String",4,"Squirrel",4,"right",FALSE,"middle",TRUE,41,FALSE,FALSE,TRUE,"middle","left",FALSE,FALSE,TRUE,"middle","right",FALSE
"6773dea609f77d473900997a","Knee",3,"Soup",2,"Button",2,"left",FALSE,"left",FALSE,45,FALSE,FALSE,TRUE,"right","middle",TRUE,FALSE,FALSE,"left","left",TRUE
"637fcee60a8378c1c3a65898","Keys",2,"Hose",2,"Balloons",2,"right",FALSE,"right",TRUE,45,TRUE,FALSE,FALSE,"right","middle",TRUE,FALSE,FALSE,"right","right",FALSE
"63f77a5dde1ea03305e119e0","Bead",2,"Ear",4,"Glue",4,"middle",FALSE,"middle",TRUE,45,TRUE,FALSE,FALSE,"middle","right",TRUE,FALSE,FALSE,"middle","middle",FALSE
"5fbf90f025a567296d943c7e","Backpack",1,"Stick",3,"Popcorn",3,"left",FALSE,"middle",TRUE,45,FALSE,TRUE,FALSE,"middle","middle",FALSE,TRUE,FALSE,"middle","left",FALSE
"636d6ce3fb3683ff33f9e514","Leg",1,"Wheel",4,"Diaper",4,"left",FALSE,"middle",FALSE,45,FALSE,FALSE,TRUE,"right","middle",FALSE,TRUE,FALSE,"middle","left",FALSE
"5af2a03697a14300017d2ba4","Refrigerator",1,"Cup",2,"Mouth",2,"right",FALSE,"right",TRUE,45,TRUE,FALSE,FALSE,"right","middle",TRUE,FALSE,FALSE,"right","right",FALSE
"60e3a25e8be835f754795d93","Paints",5,"Owl",4,"Slide",4,"right",FALSE,"left",TRUE,45,FALSE,TRUE,FALSE,"left","left",FALSE,TRUE,FALSE,"left","right",TRUE
"66b5172c8f0bd3b23ce66c22","Bacon",3,"Hair",4,"Envelope",4,"left",FALSE,"right",TRUE,46,FALSE,TRUE,FALSE,"right","right",FALSE,TRUE,FALSE,"right","left",FALSE
"5ba60abd9629a90001b36fdc","Hanger",4,"Money",4,"Rock",4,"right",FALSE,"middle",FALSE,46,FALSE,TRUE,FALSE,"left","left",FALSE,FALSE,TRUE,"middle","right",FALSE
"65dc99d0191a135ab835bf69","Mirror",5,"Arm",2,"Mailbox",2,"middle",FALSE,"right",TRUE,46,FALSE,TRUE,FALSE,"right","right",FALSE,TRUE,FALSE,"right","middle",FALSE
"60fe7bf61c7567f5cca9ade6","Nose",3,"Ant",3,"Bagel",3,"middle",FALSE,"left",TRUE,46,FALSE,FALSE,TRUE,"left","right",FALSE,FALSE,TRUE,"left","middle",TRUE
"5c9d88bb2b3c77001744ec1c","Oranges",2,"Kangaroo",1,"Balloons",1,"left",TRUE,"left",TRUE,46,TRUE,FALSE,FALSE,"left","middle",TRUE,FALSE,FALSE,"left","left",FALSE
"5e283f576dbb560114ac7714","Pretzel",1,"Tie",5,"Video Tape",5,"middle",FALSE,"right",FALSE,46,FALSE,TRUE,FALSE,"left","left",FALSE,FALSE,TRUE,"right","middle",FALSE
"62e02b1ed5b0fbc1b1dc09e7","Squirrel",3,"Lizard",2,"Triangle",2,"left",FALSE,"right",TRUE,46,FALSE,TRUE,FALSE,"right","right",FALSE,TRUE,FALSE,"right","left",FALSE
"5ecf9b46617a9b3dd56b3fe3","Sandwich",3,"Arm",4,"Tongue",4,"middle",FALSE,"middle",TRUE,46,TRUE,FALSE,FALSE,"middle","right",TRUE,FALSE,FALSE,"middle","middle",TRUE
"590b3401182caf0001ab5801","Notebook",2,"Queen",4,"Cupcake",4,"right",FALSE,"right",TRUE,46,TRUE,FALSE,FALSE,"right","left",TRUE,FALSE,FALSE,"right","right",FALSE
"65c11389b0d2ba8e63cb8b22","Bottle",5,"Bridge",3,"Eyes",3,"middle",FALSE,"left",FALSE,46,TRUE,FALSE,FALSE,"middle","left",FALSE,TRUE,FALSE,"left","middle",FALSE
"5d15160539eeea001683830c","Moon",5,"Bone",2,"Pen",2,"middle",FALSE,"left",TRUE,46,FALSE,TRUE,FALSE,"left","left",FALSE,TRUE,FALSE,"left","middle",FALSE
"6620b6a209127dafd5b2dfb9","Cherry",4,"Bone",1,"Toy",1,"left",TRUE,"left",TRUE,46,TRUE,FALSE,FALSE,"left","middle",TRUE,FALSE,FALSE,"left","left",FALSE
"56c65a5a305eaa0005f2a634","Snake",4,"Feet",3,"Fingernail",3,"right",FALSE,"left",TRUE,46,FALSE,FALSE,TRUE,"left","middle",FALSE,FALSE,TRUE,"left","right",FALSE
"59fb1518b47dfc0001b6659b","Boat",1,"Feet",4,"Toes",4,"left",FALSE,"middle",TRUE,46,FALSE,TRUE,FALSE,"middle","middle",FALSE,TRUE,FALSE,"middle","left",FALSE
"602c0fc2eff74b4748e9b41e","Pirate",2,"Elbow",3,"Sheep",3,"right",FALSE,"left",FALSE,46,FALSE,FALSE,TRUE,"middle","left",FALSE,TRUE,FALSE,"left","right",FALSE
"5bcc98d1db645700015222b5","Iron",5,"Cloud",3,"Bagel",3,"left",FALSE,"right",TRUE,46,FALSE,TRUE,FALSE,"right","right",FALSE,TRUE,FALSE,"right","left",FALSE
"6773e6e6b205d22a2e097735","Paints",4,"Duck",1,"Microphone",1,"right",FALSE,"left",FALSE,46,TRUE,FALSE,FALSE,"right","left",FALSE,TRUE,FALSE,"left","right",FALSE
"67505c42a18c872bab88ed42","Popsicle",3,"Cable",3,"Soup",3,"right",FALSE,"right",FALSE,46,FALSE,TRUE,FALSE,"left","left",TRUE,FALSE,FALSE,"right","right",FALSE
"62a1e021702679d27813a3e2","Hips",3,"Hose",1,"Tongue",1,"middle",FALSE,"right",TRUE,46,FALSE,FALSE,TRUE,"right","left",FALSE,FALSE,TRUE,"right","middle",FALSE
"639f294882a3797f77a3dd81","Bathtub",3,"Hammer",3,"Pajamas",3,"right",FALSE,"right",TRUE,46,TRUE,FALSE,FALSE,"right","left",TRUE,FALSE,FALSE,"right","right",FALSE
"654bc148c95bca00d541ec33","Paints",4,"Shampoo",3,"Rock",3,"right",FALSE,"left",TRUE,46,FALSE,TRUE,FALSE,"left","left",FALSE,TRUE,FALSE,"left","right",TRUE
"5d23460ad4c57900192b129c","Hat",1,"Movie",4,"Snake",4,"middle",FALSE,"middle",TRUE,46,TRUE,FALSE,FALSE,"middle","left",TRUE,FALSE,FALSE,"middle","middle",FALSE
"67673cda94b4d0cf1a6a7382","Pool",2,"Play dough",2,"Shovel",2,"left",FALSE,"middle",TRUE,46,FALSE,TRUE,FALSE,"middle","middle",FALSE,TRUE,FALSE,"middle","left",FALSE
"5c4f5967aac8be0001716a65","Truck",4,"Cloud",1,"Spider",1,"middle",FALSE,"left",TRUE,46,FALSE,TRUE,FALSE,"left","left",FALSE,TRUE,FALSE,"left","middle",FALSE
"67758c9a30d6819221153393","Head",2,"Door",4,"Duck",4,"middle",FALSE,"right",FALSE,46,TRUE,FALSE,FALSE,"middle","right",FALSE,TRUE,FALSE,"right","middle",FALSE
"66b37344796f45313433abc8","Bandaid",3,"Computer",5,"Shorts",5,"left",FALSE,"middle",TRUE,46,FALSE,TRUE,FALSE,"middle","middle",FALSE,TRUE,FALSE,"middle","left",FALSE
"632096b5574155e8727c50cc","Toothpaste",2,"Scissors",1,"Popsicle",1,"left",FALSE,"left",TRUE,46,TRUE,FALSE,FALSE,"left","right",TRUE,FALSE,FALSE,"left","left",FALSE
"66dcc0e54f44ccecf2730c76","Door",2,"Cherry",3,"Glasses",3,"middle",TRUE,"middle",TRUE,46,TRUE,FALSE,FALSE,"middle","left",TRUE,FALSE,FALSE,"middle","middle",TRUE
"60fac7ec133b6bf250d6d668","Ankle",4,"Bone",2,"Fire truck",2,"middle",FALSE,"left",FALSE,46,FALSE,TRUE,FALSE,"right","right",FALSE,FALSE,TRUE,"left","middle",FALSE
"5e459f61418f610891628564","Bus",5,"Fingers",2,"Pizza",2,"middle",FALSE,"left",TRUE,46,FALSE,FALSE,TRUE,"left","right",FALSE,FALSE,TRUE,"left","middle",FALSE
"5e89ec793c01b3685a00bb12","Paper",4,"Pillow",2,"Candy",2,"right",FALSE,"left",TRUE,46,FALSE,TRUE,FALSE,"left","left",FALSE,TRUE,FALSE,"left","right",FALSE
"631d197eba06364cbea7fab2","Notebook",2,"Dolphin",3,"Goal",3,"right",FALSE,"left",FALSE,46,TRUE,FALSE,FALSE,"right","middle",FALSE,FALSE,TRUE,"left","right",TRUE
"61656042f505fd7fa53e8628","Heart",3,"Purse",1,"Door",1,"middle",FALSE,"middle",TRUE,42,TRUE,FALSE,FALSE,"middle","left",TRUE,FALSE,FALSE,"middle","middle",FALSE
"66fd3f6c93c24ecc119be354","Rabbit",5,"Feather",1,"Pretzel",1,"right",FALSE,"right",FALSE,46,FALSE,FALSE,TRUE,"middle","left",TRUE,FALSE,FALSE,"right","right",TRUE
"5af1a4bc6e136b0001411714","Purse",1,"Bracelet",5,"Pot",5,"right",FALSE,"left",TRUE,46,FALSE,FALSE,TRUE,"left","middle",FALSE,FALSE,TRUE,"left","right",FALSE
"60ed501279c68ea1a313d0aa","Airplane",3,"Window",5,"Fingers",5,"middle",FALSE,"right",FALSE,46,FALSE,FALSE,TRUE,"left","right",FALSE,TRUE,FALSE,"right","middle",FALSE
"5bf2f728bd9f150001f6cc42","Pen",4,"Monkey",5,"Triangle",5,"right",FALSE,"middle",TRUE,46,FALSE,TRUE,FALSE,"middle","middle",FALSE,TRUE,FALSE,"middle","right",FALSE
"59a734ce0c87a000017481ed","Hot Dog",1,"Mouse",1,"Lunch",1,"left",FALSE,"left",TRUE,46,TRUE,FALSE,FALSE,"left","right",TRUE,FALSE,FALSE,"left","left",FALSE
"615e420a23219efe3427a367","Pie",4,"Bed",4,"Bow",4,"left",FALSE,"middle",FALSE,46,TRUE,FALSE,FALSE,"left","right",FALSE,FALSE,TRUE,"middle","left",FALSE
"66b244a2f436437d3e109bbe","Boots",1,"Sand",5,"Flower",5,"left",FALSE,"middle",TRUE,46,FALSE,FALSE,TRUE,"middle","right",FALSE,FALSE,TRUE,"middle","left",TRUE
"5f1b05a8703c380d1393bb27","Toy",2,"Helicopter",2,"Soda",2,"middle",FALSE,"middle",FALSE,46,FALSE,TRUE,FALSE,"right","right",TRUE,FALSE,FALSE,"middle","middle",FALSE
"6684497541f835bd67a199b2","Sweater",4,"Necklace",1,"Pudding",1,"right",FALSE,"right",TRUE,46,TRUE,FALSE,FALSE,"right","left",TRUE,FALSE,FALSE,"right","right",FALSE
"5eeddefa177a7322144cbc5e","Leaf",1,"Fence",4,"Milk",4,"left",FALSE,"right",TRUE,46,FALSE,FALSE,TRUE,"right","middle",FALSE,FALSE,TRUE,"right","left",FALSE
"63ee9abfa262bea95766dd9c","Lion",5,"Earring",1,"Iron",1,"middle",FALSE,"right",TRUE,46,FALSE,FALSE,TRUE,"right","left",FALSE,FALSE,TRUE,"right","middle",TRUE
"66cfab152c56aa0472529001","Goal",2,"Jump rope",1,"Bead",1,"right",FALSE,"right",TRUE,46,TRUE,FALSE,FALSE,"right","middle",TRUE,FALSE,FALSE,"right","right",TRUE
"6571fd9d691befe21fa61d18","Tricycle",3,"Backpack",5,"Dolls",5,"middle",FALSE,"right",FALSE,46,TRUE,FALSE,FALSE,"middle","left",FALSE,FALSE,TRUE,"right","middle",FALSE
"66312361cf5d4099e1330532","Fingers",3,"Net",3,"Water",3,"middle",FALSE,"right",TRUE,46,FALSE,TRUE,FALSE,"right","right",FALSE,TRUE,FALSE,"right","middle",FALSE
"6722ea20fb84b196f0a649b6","Toothbrush",3,"Shoulders",1,"Feather",1,"right",FALSE,"right",TRUE,46,TRUE,FALSE,FALSE,"right","left",TRUE,FALSE,FALSE,"right","right",FALSE
"5ddce9f0f85b50c4fc1515a4","Puzzles",3,"Flower",5,"Rabbit",5,"left",FALSE,"middle",TRUE,46,FALSE,FALSE,TRUE,"middle","right",FALSE,FALSE,TRUE,"middle","left",FALSE
"5c3bdbf548ad2900017fac31","Snake",2,"Potatoes",2,"Square",2,"right",FALSE,"middle",TRUE,46,FALSE,TRUE,FALSE,"middle","middle",FALSE,TRUE,FALSE,"middle","right",FALSE
"6844a1b95271dfc560af4709","Bowl",3,"Cereal",2,"Waffle",2,"middle",FALSE,"left",FALSE,46,FALSE,FALSE,TRUE,"right","left",FALSE,TRUE,FALSE,"left","middle",FALSE
"5e121701dc79bd8a1a22ca99","House",3,"Pants",5,"Glue",5,"right",FALSE,"middle",FALSE,42,FALSE,TRUE,FALSE,"left","left",FALSE,FALSE,TRUE,"middle","right",FALSE
"616ef680ab8ca318a227f5ec","Toy",2,"Pool",3,"Bow",3,"left",FALSE,"left",TRUE,46,TRUE,FALSE,FALSE,"left","middle",TRUE,FALSE,FALSE,"left","left",FALSE
"66d9cd06e207a93377f7820e","Bow",4,"Puppets",2,"Teeth",2,"right",FALSE,"middle",TRUE,46,FALSE,FALSE,TRUE,"middle","left",FALSE,FALSE,TRUE,"middle","right",TRUE
"5962a5b29955ee00015bce98","Puzzles",1,"Tape",4,"Rice",4,"left",FALSE,"left",FALSE,46,FALSE,FALSE,TRUE,"right","middle",TRUE,FALSE,FALSE,"left","left",TRUE
"641384b3dffcf39ec42d3c23","Turtle",1,"Hoop",2,"Airplane",2,"left",FALSE,"left",FALSE,46,FALSE,FALSE,TRUE,"middle","right",TRUE,FALSE,FALSE,"left","left",FALSE
"59692d61355b45000106c592","Rock",3,"Duck",5,"Bone",5,"right",FALSE,"middle",FALSE,46,FALSE,FALSE,TRUE,"left","middle",FALSE,TRUE,FALSE,"middle","right",FALSE
"5dd05d80b2204f1487f7812c","Baby",5,"Computer",1,"Ostrich",1,"right",FALSE,"left",TRUE,46,FALSE,FALSE,TRUE,"left","middle",FALSE,FALSE,TRUE,"left","right",FALSE
"6321d9c78e8e3c04f82a0ea0","Corn",5,"Oranges",4,"Milk",4,"middle",TRUE,"middle",TRUE,46,TRUE,FALSE,FALSE,"middle","left",TRUE,FALSE,FALSE,"middle","middle",FALSE
"632d189d6b8f03d0d3db4c48","Dress",4,"Pizza",4,"Hair",4,"middle",FALSE,"middle",TRUE,46,TRUE,FALSE,FALSE,"middle","right",TRUE,FALSE,FALSE,"middle","middle",TRUE
"63b3377ca1ccdfc7cc567503","Heart",3,"Knee",2,"Dolls",2,"middle",FALSE,"right",TRUE,46,FALSE,FALSE,TRUE,"right","left",FALSE,FALSE,TRUE,"right","middle",TRUE
"6678813aec86d687a654dedb","String",1,"Candy",5,"Washcloth",5,"right",FALSE,"middle",TRUE,46,FALSE,FALSE,TRUE,"middle","left",FALSE,FALSE,TRUE,"middle","right",FALSE
"55cce6ea34e90600058d1e6d","Books",2,"Head",5,"Fries",5,"left",FALSE,"right",TRUE,46,FALSE,FALSE,TRUE,"right","middle",FALSE,FALSE,TRUE,"right","left",FALSE
"6658bba1a51a037d25bb677e","Door",5,"Arm",3,"Squirrel",3,"middle",FALSE,"right",TRUE,46,FALSE,FALSE,TRUE,"right","left",FALSE,FALSE,TRUE,"right","middle",TRUE
"60f5df9db9380d875c320307","Lunch",4,"Crackers",3,"Toy",3,"right",FALSE,"right",FALSE,46,FALSE,FALSE,TRUE,"middle","left",TRUE,FALSE,FALSE,"right","right",FALSE
"63d5b810f3dbbd11e7e65870","Princess",3,"Drum",1,"Hammer",1,"right",FALSE,"left",TRUE,46,FALSE,FALSE,TRUE,"left","middle",FALSE,FALSE,TRUE,"left","right",FALSE
"66d1fdd400acfdbc181f41e0","Fingers",4,"Mountain",3,"Necklace",3,"right",FALSE,"left",TRUE,46,FALSE,FALSE,TRUE,"left","middle",FALSE,FALSE,TRUE,"left","right",FALSE
"67b636c4ea38855cbb08ffe3","Kangaroo",3,"Glasses",3,"Dress",3,"left",FALSE,"left",TRUE,46,TRUE,FALSE,FALSE,"left","middle",TRUE,FALSE,FALSE,"left","left",FALSE
"5e1b795dc799223a3b447ada","Pen",3,"Bat",2,"Fire truck",2,"right",FALSE,"left",FALSE,46,TRUE,FALSE,FALSE,"right","left",FALSE,TRUE,FALSE,"left","right",FALSE
"5c5cad3e4ee81200018eafe2","Books",3,"Ghost",5,"Play dough",5,"left",FALSE,"right",TRUE,46,FALSE,FALSE,TRUE,"right","middle",FALSE,FALSE,TRUE,"right","left",FALSE
"5bc5be2572df5f00014479f9","Soda",3,"House",3,"Bag",3,"middle",FALSE,"middle",FALSE,46,FALSE,TRUE,FALSE,"left","left",TRUE,FALSE,FALSE,"middle","middle",FALSE
"5f8f436e4676a71879786b95","Mirror",4,"Hat",4,"Purse",4,"left",FALSE,"middle",TRUE,46,FALSE,FALSE,TRUE,"middle","right",FALSE,FALSE,TRUE,"middle","left",FALSE
"669053bbebafdd430e770142","Rope",5,"Ostrich",3,"Turtle",3,"right",FALSE,"left",TRUE,46,FALSE,TRUE,FALSE,"left","left",FALSE,TRUE,FALSE,"left","right",FALSE
"677419f93048c66d62d2bf87","Pillow",5,"Bottle",4,"Bowl",4,"left",FALSE,"left",TRUE,46,TRUE,FALSE,FALSE,"left","middle",TRUE,FALSE,FALSE,"left","left",FALSE
"574aff1b5bef980007af2745","Bead",4,"Mailbox",2,"Shovel",2,"left",FALSE,"left",FALSE,46,FALSE,FALSE,TRUE,"right","middle",TRUE,FALSE,FALSE,"left","left",FALSE
"58404fd8ad98e40001ce915f","Tractor",2,"Heart",3,"Clock",3,"middle",FALSE,"middle",TRUE,46,TRUE,FALSE,FALSE,"middle","left",TRUE,FALSE,FALSE,"middle","middle",FALSE
"5de8887aa2db898017debf1a","Napkin",3,"Yo-yo",1,"Door",1,"middle",FALSE,"left",TRUE,46,FALSE,FALSE,TRUE,"left","right",FALSE,FALSE,TRUE,"left","middle",FALSE
"59d949cf8fd07a000184247e","Jacket",1,"Comb",1,"Soda",1,"left",FALSE,"right",TRUE,46,FALSE,FALSE,TRUE,"right","middle",FALSE,FALSE,TRUE,"right","left",FALSE
"662945728093113a43ab8077","Bean",1,"Bear",3,"Turtle",3,"right",FALSE,"right",FALSE,46,FALSE,FALSE,TRUE,"middle","left",TRUE,FALSE,FALSE,"right","right",TRUE
"676058418c08c71e4bb7cbd1","Elephant",4,"Blanket",1,"Bed",1,"left",FALSE,"left",TRUE,46,TRUE,FALSE,FALSE,"left","middle",TRUE,FALSE,FALSE,"left","left",TRUE
"6643d22289210a4edf21e84d","Watch",4,"Frog",5,"Tie",5,"left",FALSE,"left",FALSE,46,FALSE,TRUE,FALSE,"middle","middle",TRUE,FALSE,FALSE,"left","left",FALSE
"58954e2dc88c680001dd4b7e","Puppets",5,"Net",4,"Ghost",4,"left",FALSE,"middle",FALSE,46,FALSE,FALSE,TRUE,"right","middle",FALSE,TRUE,FALSE,"middle","left",TRUE
"5b757a03976ecb0001b1168f","Blanket",5,"Rabbit",5,"Peas",5,"left",FALSE,"right",FALSE,46,FALSE,TRUE,FALSE,"middle","middle",FALSE,FALSE,TRUE,"right","left",FALSE
"681b781064a5701a5ceee3bc","Dolls",3,"Goal",3,"Yo-yo",3,"right",FALSE,"left",FALSE,46,FALSE,TRUE,FALSE,"middle","middle",FALSE,FALSE,TRUE,"left","right",TRUE
"6716c6700f376dc7f534af9d","Money",2,"Button",4,"Tiger",4,"left",FALSE,"right",FALSE,46,TRUE,FALSE,FALSE,"left","middle",FALSE,FALSE,TRUE,"right","left",FALSE
"671a3ac3dada5efe6d439698","Eggs",3,"Cereal",2,"Cup",2,"left",FALSE,"left",FALSE,46,FALSE,FALSE,TRUE,"right","middle",TRUE,FALSE,FALSE,"left","left",FALSE
"676b89007874c8eace113276","Airplane",1,"Dresser",1,"Pretzel",1,"left",FALSE,"left",FALSE,46,FALSE,TRUE,FALSE,"middle","middle",TRUE,FALSE,FALSE,"left","left",FALSE
"6825af939111d286546fdde6","Bottle",1,"Grass",2,"Whistle",2,"middle",FALSE,"middle",FALSE,46,FALSE,TRUE,FALSE,"right","right",TRUE,FALSE,FALSE,"middle","middle",FALSE
"67164c92298409e37c670b3d","Ostrich",5,"Elbow",1,"Tie",1,"middle",FALSE,"right",FALSE,46,FALSE,TRUE,FALSE,"left","left",FALSE,FALSE,TRUE,"right","middle",FALSE
"682b3f63d0e2c4eff64fe664","Swing",2,"Necklace",4,"Ice Cream",4,"right",FALSE,"middle",TRUE,46,FALSE,FALSE,TRUE,"middle","left",FALSE,FALSE,TRUE,"middle","right",TRUE
"5d3695969749cc00165c222f","Yogurt",5,"Battery",4,"Stars",4,"middle",FALSE,"left",TRUE,46,FALSE,FALSE,TRUE,"left","right",FALSE,FALSE,TRUE,"left","middle",TRUE
"664521e03117b782ed4fff45","Chopsticks",2,"Play dough",2,"Stamps",2,"middle",FALSE,"middle",TRUE,46,TRUE,FALSE,FALSE,"middle","left",TRUE,FALSE,FALSE,"middle","middle",FALSE
"5f0db498f5e4e102c0f65b67","Coloring Book",3,"Giraffe",5,"Toothpaste",5,"middle",FALSE,"left",TRUE,42,FALSE,TRUE,FALSE,"left","left",FALSE,TRUE,FALSE,"left","middle",FALSE
"6773dea609f77d473900997a","Fence",5,"Taco",5,"Grapes",5,"right",TRUE,"left",FALSE,46,TRUE,FALSE,FALSE,"right","middle",FALSE,FALSE,TRUE,"left","right",TRUE
"637fcee60a8378c1c3a65898","Notebook",4,"Toes",3,"Dolphin",3,"left",FALSE,"left",TRUE,46,TRUE,FALSE,FALSE,"left","middle",TRUE,FALSE,FALSE,"left","left",FALSE
"63f77a5dde1ea03305e119e0","Sofa",2,"Fish",5,"Toy",5,"left",FALSE,"middle",TRUE,46,FALSE,FALSE,TRUE,"middle","right",FALSE,FALSE,TRUE,"middle","left",FALSE
"5fbf90f025a567296d943c7e","Bacon",4,"Juice",4,"Elephant",4,"right",FALSE,"middle",TRUE,46,FALSE,TRUE,FALSE,"middle","middle",FALSE,TRUE,FALSE,"middle","right",FALSE
"636d6ce3fb3683ff33f9e514","Stick",3,"Helicopter",4,"Coloring Book",4,"right",FALSE,"left",TRUE,46,FALSE,FALSE,TRUE,"left","middle",FALSE,FALSE,TRUE,"left","right",FALSE
"5af2a03697a14300017d2ba4","Belt",4,"Candy",2,"Sticker",2,"right",FALSE,"left",FALSE,46,FALSE,TRUE,FALSE,"middle","middle",FALSE,FALSE,TRUE,"left","right",FALSE
"60e3a25e8be835f754795d93","Knife",2,"Tissue",5,"Bus",5,"middle",FALSE,"middle",TRUE,46,TRUE,FALSE,FALSE,"middle","left",TRUE,FALSE,FALSE,"middle","middle",TRUE
"66b5172c8f0bd3b23ce66c22","Whistle",1,"TV",2,"Cloud",2,"left",FALSE,"left",FALSE,47,FALSE,FALSE,TRUE,"middle","right",TRUE,FALSE,FALSE,"left","left",FALSE
"5ba60abd9629a90001b36fdc","Leaf",1,"Goal",1,"Stars",1,"right",FALSE,"right",TRUE,47,TRUE,FALSE,FALSE,"right","left",TRUE,FALSE,FALSE,"right","right",FALSE
"65dc99d0191a135ab835bf69","Shoes",4,"Flashlight",5,"Boots",5,"left",FALSE,"right",FALSE,47,TRUE,FALSE,FALSE,"left","right",FALSE,TRUE,FALSE,"right","left",FALSE
"60fe7bf61c7567f5cca9ade6","Movie",2,"Glove",3,"Can",3,"middle",FALSE,"left",TRUE,47,FALSE,FALSE,TRUE,"left","right",FALSE,FALSE,TRUE,"left","middle",TRUE
"5c9d88bb2b3c77001744ec1c","Jump rope",1,"Doughnut",4,"Bag",4,"left",FALSE,"middle",FALSE,47,FALSE,FALSE,TRUE,"right","middle",FALSE,TRUE,FALSE,"middle","left",FALSE
"5e283f576dbb560114ac7714","Bandaid",1,"Pie",2,"Ear",2,"right",FALSE,"middle",TRUE,47,FALSE,FALSE,TRUE,"middle","left",FALSE,FALSE,TRUE,"middle","right",FALSE
"62e02b1ed5b0fbc1b1dc09e7","Mouse",4,"Duck",4,"Button",4,"middle",FALSE,"middle",TRUE,47,TRUE,FALSE,FALSE,"middle","right",TRUE,FALSE,FALSE,"middle","middle",FALSE
"5ecf9b46617a9b3dd56b3fe3","Boots",5,"Snow",1,"Paper",1,"left",FALSE,"left",TRUE,47,TRUE,FALSE,FALSE,"left","right",TRUE,FALSE,FALSE,"left","left",TRUE
"590b3401182caf0001ab5801","Clock",4,"Dresser",3,"Cheese",3,"right",FALSE,"right",TRUE,47,TRUE,FALSE,FALSE,"right","left",TRUE,FALSE,FALSE,"right","right",FALSE
"65c11389b0d2ba8e63cb8b22","Marker",5,"Button",2,"Tractor",2,"middle",FALSE,"left",FALSE,47,TRUE,FALSE,FALSE,"middle","left",FALSE,TRUE,FALSE,"left","middle",FALSE
"5d15160539eeea001683830c","Backpack",2,"Glasses",4,"Bagel",4,"middle",FALSE,"middle",TRUE,47,TRUE,FALSE,FALSE,"middle","left",TRUE,FALSE,FALSE,"middle","middle",FALSE
"6620b6a209127dafd5b2dfb9","Ice Cream",4,"Blanket",4,"Doughnut",4,"right",FALSE,"left",TRUE,47,FALSE,FALSE,TRUE,"left","middle",FALSE,FALSE,TRUE,"left","right",FALSE
"56c65a5a305eaa0005f2a634","Corn",1,"Movie",3,"Grass",3,"right",FALSE,"right",TRUE,47,TRUE,FALSE,FALSE,"right","middle",TRUE,FALSE,FALSE,"right","right",FALSE
"59fb1518b47dfc0001b6659b","Butterfly",3,"Mailbox",2,"Toy",2,"left",FALSE,"left",FALSE,47,FALSE,FALSE,TRUE,"right","middle",TRUE,FALSE,FALSE,"left","left",FALSE
"602c0fc2eff74b4748e9b41e","Hips",1,"Helicopter",4,"Pot",4,"right",FALSE,"middle",TRUE,47,FALSE,FALSE,TRUE,"middle","left",FALSE,FALSE,TRUE,"middle","right",FALSE
"5bcc98d1db645700015222b5","Leg",1,"Cupcake",5,"Fish",5,"left",FALSE,"middle",TRUE,47,FALSE,FALSE,TRUE,"middle","right",FALSE,FALSE,TRUE,"middle","left",FALSE
"6773e6e6b205d22a2e097735","Skateboard",4,"Blanket",3,"Umbrella",3,"right",FALSE,"middle",FALSE,47,FALSE,TRUE,FALSE,"left","left",FALSE,FALSE,TRUE,"middle","right",FALSE
"67505c42a18c872bab88ed42","Feet",3,"Notebook",2,"Bus",2,"middle",FALSE,"left",TRUE,47,FALSE,TRUE,FALSE,"left","left",FALSE,TRUE,FALSE,"left","middle",FALSE
"62a1e021702679d27813a3e2","Grass",2,"Ring",4,"Dress",4,"middle",FALSE,"middle",FALSE,47,FALSE,TRUE,FALSE,"left","left",TRUE,FALSE,FALSE,"middle","middle",FALSE
"639f294882a3797f77a3dd81","Nest",4,"Balls",2,"Water",2,"middle",FALSE,"left",TRUE,47,FALSE,TRUE,FALSE,"left","left",FALSE,TRUE,FALSE,"left","middle",FALSE
"654bc148c95bca00d541ec33","Crayons",2,"House",4,"Jump rope",4,"middle",FALSE,"right",TRUE,47,FALSE,FALSE,TRUE,"right","left",FALSE,FALSE,TRUE,"right","middle",TRUE
"5d23460ad4c57900192b129c","Hair",3,"Toes",5,"Circle",5,"right",FALSE,"middle",TRUE,47,FALSE,FALSE,TRUE,"middle","left",FALSE,FALSE,TRUE,"middle","right",FALSE
"67673cda94b4d0cf1a6a7382","Wheel",4,"Napkin",3,"Bottle",3,"right",FALSE,"right",FALSE,47,FALSE,FALSE,TRUE,"left","middle",TRUE,FALSE,FALSE,"right","right",FALSE
"5c4f5967aac8be0001716a65","Mountain",4,"Dog",5,"Pirate",5,"right",FALSE,"left",FALSE,47,TRUE,FALSE,FALSE,"right","left",FALSE,TRUE,FALSE,"left","right",FALSE
"67758c9a30d6819221153393","Corn",1,"Watch",1,"Bug",1,"middle",FALSE,"left",FALSE,47,FALSE,TRUE,FALSE,"right","right",FALSE,FALSE,TRUE,"left","middle",FALSE
"66b37344796f45313433abc8","Dolls",5,"Monkey",1,"Fence",1,"right",FALSE,"right",FALSE,47,FALSE,FALSE,TRUE,"left","middle",TRUE,FALSE,FALSE,"right","right",FALSE
"632096b5574155e8727c50cc","Crown",1,"Flower",5,"Tree",5,"left",FALSE,"middle",TRUE,47,FALSE,FALSE,TRUE,"middle","right",FALSE,FALSE,TRUE,"middle","left",FALSE
"66dcc0e54f44ccecf2730c76","Shoes",5,"Button",4,"Skateboard",4,"right",FALSE,"right",TRUE,47,TRUE,FALSE,FALSE,"right","left",TRUE,FALSE,FALSE,"right","right",TRUE
"60fac7ec133b6bf250d6d668","Play dough",5,"Keys",3,"Shoes",3,"middle",FALSE,"left",TRUE,47,FALSE,FALSE,TRUE,"left","right",FALSE,FALSE,TRUE,"left","middle",FALSE
"5e459f61418f610891628564","Straw",5,"Brush",5,"Waffle",5,"left",FALSE,"left",FALSE,47,FALSE,FALSE,TRUE,"middle","right",TRUE,FALSE,FALSE,"left","left",FALSE
"5e89ec793c01b3685a00bb12","Washcloth",4,"Square",3,"Bead",3,"right",FALSE,"left",TRUE,47,FALSE,TRUE,FALSE,"left","left",FALSE,TRUE,FALSE,"left","right",FALSE
"631d197eba06364cbea7fab2","Skateboard",1,"Yo-yo",3,"Cable",3,"left",FALSE,"right",FALSE,47,TRUE,FALSE,FALSE,"left","middle",FALSE,FALSE,TRUE,"right","left",TRUE
"61656042f505fd7fa53e8628","Magazine",4,"Belt",2,"Fly",2,"right",FALSE,"middle",TRUE,43,FALSE,FALSE,TRUE,"middle","left",FALSE,FALSE,TRUE,"middle","right",FALSE
"66fd3f6c93c24ecc119be354","Dinosaur",2,"Ankle",2,"Elephant",2,"right",FALSE,"middle",FALSE,47,TRUE,FALSE,FALSE,"right","left",FALSE,FALSE,TRUE,"middle","right",TRUE
"5af1a4bc6e136b0001411714","Bed",1,"Bee",1,"Stamps",1,"left",FALSE,"left",TRUE,47,TRUE,FALSE,FALSE,"left","middle",TRUE,FALSE,FALSE,"left","left",FALSE
"60ed501279c68ea1a313d0aa","Soda",1,"Turtle",5,"Glue",5,"left",FALSE,"right",FALSE,47,FALSE,FALSE,TRUE,"middle","right",FALSE,TRUE,FALSE,"right","left",FALSE
"5bf2f728bd9f150001f6cc42","Books",1,"Swing",1,"Mountain",1,"left",FALSE,"right",TRUE,47,FALSE,FALSE,TRUE,"right","middle",FALSE,FALSE,TRUE,"right","left",FALSE
"59a734ce0c87a000017481ed","Dinosaur",3,"Necklace",5,"Hands",5,"left",FALSE,"middle",FALSE,47,FALSE,TRUE,FALSE,"right","right",FALSE,FALSE,TRUE,"middle","left",FALSE
"615e420a23219efe3427a367","Pot",4,"Cake",3,"Flashlight",3,"left",FALSE,"middle",TRUE,47,FALSE,FALSE,TRUE,"middle","right",FALSE,FALSE,TRUE,"middle","left",FALSE
"66b244a2f436437d3e109bbe","Train",4,"Bed",2,"Hair",2,"middle",FALSE,"left",FALSE,47,TRUE,FALSE,FALSE,"middle","right",FALSE,FALSE,TRUE,"left","middle",TRUE
"5f1b05a8703c380d1393bb27","Peas",5,"Snow",3,"Leaf",3,"left",FALSE,"middle",TRUE,47,FALSE,FALSE,TRUE,"middle","right",FALSE,FALSE,TRUE,"middle","left",FALSE
"6684497541f835bd67a199b2","Feather",2,"Straw",4,"Video Tape",4,"right",FALSE,"middle",TRUE,47,FALSE,FALSE,TRUE,"middle","left",FALSE,FALSE,TRUE,"middle","right",FALSE
"5eeddefa177a7322144cbc5e","Tiger",3,"Hoop",3,"Lunch",3,"left",FALSE,"left",FALSE,47,FALSE,TRUE,FALSE,"middle","middle",TRUE,FALSE,FALSE,"left","left",FALSE
"63ee9abfa262bea95766dd9c","Tissue",1,"Doughnut",2,"Pants",2,"middle",FALSE,"right",FALSE,47,TRUE,FALSE,FALSE,"middle","left",FALSE,FALSE,TRUE,"right","middle",TRUE
"66cfab152c56aa0472529001","Tongue",4,"Swing",4,"Spiderweb",4,"left",FALSE,"left",TRUE,47,TRUE,FALSE,FALSE,"left","middle",TRUE,FALSE,FALSE,"left","left",TRUE
"6571fd9d691befe21fa61d18","Fingers",1,"Battery",4,"Sand",4,"middle",FALSE,"right",TRUE,47,FALSE,FALSE,TRUE,"right","left",FALSE,FALSE,TRUE,"right","middle",FALSE
"66312361cf5d4099e1330532","Pie",1,"Umbrella",4,"Waffle",4,"middle",FALSE,"right",TRUE,47,FALSE,TRUE,FALSE,"right","right",FALSE,TRUE,FALSE,"right","middle",FALSE
"6722ea20fb84b196f0a649b6","Rainbow",3,"Bread",5,"Dog",5,"right",FALSE,"middle",TRUE,47,FALSE,FALSE,TRUE,"middle","left",FALSE,FALSE,TRUE,"middle","right",FALSE
"5ddce9f0f85b50c4fc1515a4","Motorcycle",3,"Plate",4,"Sink",4,"middle",FALSE,"right",TRUE,47,FALSE,TRUE,FALSE,"right","right",FALSE,TRUE,FALSE,"right","middle",FALSE
"5c3bdbf548ad2900017fac31","Chair",4,"Toy",3,"Apples",3,"right",TRUE,"right",TRUE,47,TRUE,FALSE,FALSE,"right","middle",TRUE,FALSE,FALSE,"right","right",FALSE
"6844a1b95271dfc560af4709","Sheep",2,"Grapes",4,"Truck",4,"middle",TRUE,"middle",TRUE,47,TRUE,FALSE,FALSE,"middle","left",TRUE,FALSE,FALSE,"middle","middle",FALSE
"5e121701dc79bd8a1a22ca99","Sticker",5,"Pan",4,"Kangaroo",4,"right",FALSE,"left",TRUE,43,FALSE,TRUE,FALSE,"left","left",FALSE,TRUE,FALSE,"left","right",FALSE
"616ef680ab8ca318a227f5ec","Leaf",2,"Fingers",1,"Snow",1,"right",FALSE,"middle",TRUE,47,FALSE,TRUE,FALSE,"middle","middle",FALSE,TRUE,FALSE,"middle","right",FALSE
"66d9cd06e207a93377f7820e","Candle",2,"Monkey",2,"Underwear",2,"middle",FALSE,"middle",FALSE,47,FALSE,FALSE,TRUE,"right","left",TRUE,FALSE,FALSE,"middle","middle",TRUE
"5962a5b29955ee00015bce98","Glove",5,"Head",3,"Magazine",3,"right",FALSE,"left",FALSE,47,TRUE,FALSE,FALSE,"right","middle",FALSE,FALSE,TRUE,"left","right",TRUE
"641384b3dffcf39ec42d3c23","Head",1,"Flower",2,"Ladder",2,"left",FALSE,"middle",TRUE,47,FALSE,FALSE,TRUE,"middle","right",FALSE,FALSE,TRUE,"middle","left",FALSE
"59692d61355b45000106c592","Pan",1,"Underwear",3,"Button",3,"left",FALSE,"right",TRUE,47,FALSE,FALSE,TRUE,"right","middle",FALSE,FALSE,TRUE,"right","left",FALSE
"5dd05d80b2204f1487f7812c","Purse",4,"Lizard",1,"Washcloth",1,"left",FALSE,"left",TRUE,47,TRUE,FALSE,FALSE,"left","middle",TRUE,FALSE,FALSE,"left","left",FALSE
"6321d9c78e8e3c04f82a0ea0","Rain",4,"Soup",2,"Rainbow",2,"middle",FALSE,"left",TRUE,47,FALSE,TRUE,FALSE,"left","left",FALSE,TRUE,FALSE,"left","middle",FALSE
"632d189d6b8f03d0d3db4c48","Doughnut",4,"Pencil",5,"Ear",5,"middle",FALSE,"middle",TRUE,47,TRUE,FALSE,FALSE,"middle","right",TRUE,FALSE,FALSE,"middle","middle",TRUE
"63b3377ca1ccdfc7cc567503","Ice Cream",1,"Bottle",2,"Zipper",2,"right",FALSE,"left",TRUE,47,FALSE,TRUE,FALSE,"left","left",FALSE,TRUE,FALSE,"left","right",TRUE
"6678813aec86d687a654dedb","Yogurt",2,"Dolphin",5,"Snake",5,"right",FALSE,"left",TRUE,47,FALSE,TRUE,FALSE,"left","left",FALSE,TRUE,FALSE,"left","right",FALSE
"55cce6ea34e90600058d1e6d","Cloud",2,"Barn",1,"Monkey",1,"right",FALSE,"left",TRUE,47,FALSE,FALSE,TRUE,"left","middle",FALSE,FALSE,TRUE,"left","right",FALSE
"6658bba1a51a037d25bb677e","Stairs",4,"Refrigerator",2,"Cup",2,"right",FALSE,"middle",FALSE,47,TRUE,FALSE,FALSE,"right","left",FALSE,FALSE,TRUE,"middle","right",TRUE
"60f5df9db9380d875c320307","Leaf",5,"Juice",1,"Chips",1,"middle",FALSE,"right",TRUE,47,FALSE,FALSE,TRUE,"right","left",FALSE,FALSE,TRUE,"right","middle",FALSE
"63d5b810f3dbbd11e7e65870","Swing",3,"Backpack",2,"Lamp",2,"left",FALSE,"right",TRUE,47,FALSE,FALSE,TRUE,"right","middle",FALSE,FALSE,TRUE,"right","left",FALSE
"66d1fdd400acfdbc181f41e0","Chalk",2,"Pajamas",4,"Magazine",4,"right",FALSE,"right",FALSE,47,FALSE,TRUE,FALSE,"middle","middle",TRUE,FALSE,FALSE,"right","right",FALSE
"67b636c4ea38855cbb08ffe3","Straw",2,"Shoulders",2,"Bridge",2,"right",FALSE,"right",TRUE,47,TRUE,FALSE,FALSE,"right","middle",TRUE,FALSE,FALSE,"right","right",FALSE
"5e1b795dc799223a3b447ada","Wagon",3,"Pirate",3,"Umbrella",3,"right",FALSE,"right",FALSE,47,FALSE,FALSE,TRUE,"middle","left",TRUE,FALSE,FALSE,"right","right",FALSE
"5c5cad3e4ee81200018eafe2","Bag",3,"Zipper",4,"Notebook",4,"right",FALSE,"right",TRUE,47,TRUE,FALSE,FALSE,"right","middle",TRUE,FALSE,FALSE,"right","right",FALSE
"5bc5be2572df5f00014479f9","Window",2,"Lamp",1,"Clock",1,"right",FALSE,"right",TRUE,47,TRUE,FALSE,FALSE,"right","left",TRUE,FALSE,FALSE,"right","right",FALSE
"5f8f436e4676a71879786b95","Hose",3,"Pizza",2,"Napkin",2,"middle",FALSE,"right",FALSE,47,FALSE,FALSE,TRUE,"left","right",FALSE,TRUE,FALSE,"right","middle",FALSE
"669053bbebafdd430e770142","Bag",3,"Fork",5,"Drum",5,"middle",FALSE,"middle",FALSE,47,FALSE,FALSE,TRUE,"right","left",TRUE,FALSE,FALSE,"middle","middle",FALSE
"677419f93048c66d62d2bf87","Skateboard",1,"Gorilla",2,"Bee",2,"left",FALSE,"right",TRUE,47,FALSE,FALSE,TRUE,"right","middle",FALSE,FALSE,TRUE,"right","left",FALSE
"574aff1b5bef980007af2745","Crown",5,"Airplane",2,"Sunglasses",2,"right",FALSE,"right",FALSE,47,FALSE,TRUE,FALSE,"middle","middle",TRUE,FALSE,FALSE,"right","right",FALSE
"58404fd8ad98e40001ce915f","Bowl",4,"Belt",3,"Diaper",3,"right",FALSE,"middle",TRUE,47,FALSE,FALSE,TRUE,"middle","left",FALSE,FALSE,TRUE,"middle","right",FALSE
"5de8887aa2db898017debf1a","Bread",5,"Barn",2,"Toy",2,"middle",FALSE,"left",TRUE,47,FALSE,FALSE,TRUE,"left","right",FALSE,FALSE,TRUE,"left","middle",FALSE
"59d949cf8fd07a000184247e","Paints",4,"Sweater",2,"Slide",2,"left",FALSE,"left",TRUE,47,TRUE,FALSE,FALSE,"left","middle",TRUE,FALSE,FALSE,"left","left",FALSE
"662945728093113a43ab8077","Bridge",2,"Rain",4,"Phone",4,"middle",FALSE,"right",FALSE,47,TRUE,FALSE,FALSE,"middle","left",FALSE,FALSE,TRUE,"right","middle",TRUE
"676058418c08c71e4bb7cbd1","Pizza",3,"Yogurt",4,"Bread",4,"left",FALSE,"right",TRUE,47,FALSE,FALSE,TRUE,"right","middle",FALSE,FALSE,TRUE,"right","left",TRUE
"6643d22289210a4edf21e84d","Glove",5,"Cupcake",5,"Computer",5,"right",FALSE,"left",FALSE,47,FALSE,TRUE,FALSE,"middle","middle",FALSE,FALSE,TRUE,"left","right",FALSE
"58954e2dc88c680001dd4b7e","Fence",5,"Tractor",4,"Necklace",4,"left",FALSE,"left",FALSE,47,FALSE,FALSE,TRUE,"right","middle",TRUE,FALSE,FALSE,"left","left",TRUE
"5b757a03976ecb0001b1168f","Video Tape",5,"String",5,"Crackers",5,"left",FALSE,"right",TRUE,47,FALSE,FALSE,TRUE,"right","middle",FALSE,FALSE,TRUE,"right","left",FALSE
"681b781064a5701a5ceee3bc","Balls",2,"Brush",2,"Oranges",2,"right",TRUE,"right",TRUE,47,TRUE,FALSE,FALSE,"right","middle",TRUE,FALSE,FALSE,"right","right",TRUE
"6716c6700f376dc7f534af9d","Rainbow",5,"Chopsticks",5,"Straw",5,"right",FALSE,"left",TRUE,47,FALSE,FALSE,TRUE,"left","middle",FALSE,FALSE,TRUE,"left","right",FALSE
"671a3ac3dada5efe6d439698","Dolphin",5,"Pretzel",2,"Stove",2,"right",FALSE,"middle",TRUE,47,FALSE,TRUE,FALSE,"middle","middle",FALSE,TRUE,FALSE,"middle","right",FALSE
"676b89007874c8eace113276","Frog",4,"Snow",4,"Window",4,"right",FALSE,"left",TRUE,47,FALSE,FALSE,TRUE,"left","middle",FALSE,FALSE,TRUE,"left","right",FALSE
"6825af939111d286546fdde6","Pot",1,"Camera",3,"Shovel",3,"middle",FALSE,"middle",TRUE,47,TRUE,FALSE,FALSE,"middle","right",TRUE,FALSE,FALSE,"middle","middle",FALSE
"67164c92298409e37c670b3d","Scooter",3,"Chair",4,"Flashlight",4,"middle",FALSE,"right",TRUE,47,FALSE,FALSE,TRUE,"right","left",FALSE,FALSE,TRUE,"right","middle",FALSE
"682b3f63d0e2c4eff64fe664","Sofa",2,"Popcorn",4,"Toothpaste",4,"right",FALSE,"middle",TRUE,47,FALSE,FALSE,TRUE,"middle","left",FALSE,FALSE,TRUE,"middle","right",TRUE
"5d3695969749cc00165c222f","Pie",4,"Bag",2,"Tissue",2,"left",FALSE,"left",TRUE,47,TRUE,FALSE,FALSE,"left","right",TRUE,FALSE,FALSE,"left","left",TRUE
"664521e03117b782ed4fff45","Fly",5,"Socks",4,"Bike",4,"middle",FALSE,"left",FALSE,47,TRUE,FALSE,FALSE,"middle","left",FALSE,TRUE,FALSE,"left","middle",FALSE
"5f0db498f5e4e102c0f65b67","Tongue",2,"Wing",3,"Keys",3,"right",FALSE,"middle",TRUE,43,FALSE,FALSE,TRUE,"middle","left",FALSE,FALSE,TRUE,"middle","right",FALSE
"6773dea609f77d473900997a","Popcorn",3,"Table",2,"Circle",2,"left",FALSE,"left",TRUE,47,TRUE,FALSE,FALSE,"left","middle",TRUE,FALSE,FALSE,"left","left",TRUE
"637fcee60a8378c1c3a65898","Butter",4,"Boots",2,"Diaper",2,"left",FALSE,"left",TRUE,47,TRUE,FALSE,FALSE,"left","middle",TRUE,FALSE,FALSE,"left","left",FALSE
"63f77a5dde1ea03305e119e0","Car",1,"Bean",1,"Mirror",1,"left",FALSE,"middle",TRUE,47,FALSE,FALSE,TRUE,"middle","right",FALSE,FALSE,TRUE,"middle","left",FALSE
"5fbf90f025a567296d943c7e","Pool",3,"Cable",2,"Rain",2,"right",FALSE,"right",TRUE,47,TRUE,FALSE,FALSE,"right","middle",TRUE,FALSE,FALSE,"right","right",FALSE
"636d6ce3fb3683ff33f9e514","Popsicle",2,"Mailbox",5,"Baby",5,"left",FALSE,"left",FALSE,47,FALSE,FALSE,TRUE,"right","middle",TRUE,FALSE,FALSE,"left","left",FALSE
"5af2a03697a14300017d2ba4","Stairs",2,"TV",2,"Oranges",2,"right",TRUE,"right",TRUE,47,TRUE,FALSE,FALSE,"right","middle",TRUE,FALSE,FALSE,"right","right",FALSE
"60e3a25e8be835f754795d93","Barn",5,"Hanger",4,"Notebook",4,"right",FALSE,"right",FALSE,47,FALSE,TRUE,FALSE,"left","left",TRUE,FALSE,FALSE,"right","right",TRUE
"66b5172c8f0bd3b23ce66c22","Boat",5,"Chips",1,"Fries",1,"middle",FALSE,"middle",FALSE,48,FALSE,FALSE,TRUE,"left","right",TRUE,FALSE,FALSE,"middle","middle",FALSE
"5ba60abd9629a90001b36fdc","Ant",1,"Purse",3,"Elephant",3,"right",FALSE,"middle",FALSE,48,FALSE,TRUE,FALSE,"left","left",FALSE,FALSE,TRUE,"middle","right",FALSE
"65dc99d0191a135ab835bf69","Rice",2,"Helicopter",5,"Octopus",5,"left",FALSE,"middle",TRUE,48,FALSE,FALSE,TRUE,"middle","right",FALSE,FALSE,TRUE,"middle","left",FALSE
"60fe7bf61c7567f5cca9ade6","Chair",2,"Puzzles",1,"Octopus",1,"middle",FALSE,"left",TRUE,48,FALSE,FALSE,TRUE,"left","right",FALSE,FALSE,TRUE,"left","middle",TRUE
"5c9d88bb2b3c77001744ec1c","Sandals",5,"Chicken",2,"Toy",2,"left",FALSE,"left",TRUE,48,TRUE,FALSE,FALSE,"left","middle",TRUE,FALSE,FALSE,"left","left",FALSE
"5e283f576dbb560114ac7714","Bowl",1,"Airplane",4,"Notebook",4,"middle",FALSE,"middle",TRUE,48,TRUE,FALSE,FALSE,"middle","left",TRUE,FALSE,FALSE,"middle","middle",FALSE
"62e02b1ed5b0fbc1b1dc09e7","Hamburger",5,"Princess",5,"Fish",5,"middle",FALSE,"left",TRUE,48,FALSE,FALSE,TRUE,"left","right",FALSE,FALSE,TRUE,"left","middle",FALSE
"5ecf9b46617a9b3dd56b3fe3","Shovel",3,"Chair",2,"Slide",2,"left",FALSE,"left",FALSE,48,FALSE,FALSE,TRUE,"middle","right",TRUE,FALSE,FALSE,"left","left",TRUE
"590b3401182caf0001ab5801","Lion",5,"Rainbow",2,"Plate",2,"middle",FALSE,"right",TRUE,48,FALSE,FALSE,TRUE,"right","left",FALSE,FALSE,TRUE,"right","middle",FALSE
"65c11389b0d2ba8e63cb8b22","Slide",2,"Bat",4,"Candle",4,"right",FALSE,"right",TRUE,48,TRUE,FALSE,FALSE,"right","left",TRUE,FALSE,FALSE,"right","right",FALSE
"5d15160539eeea001683830c","Kangaroo",5,"Sunglasses",5,"Door",5,"middle",FALSE,"left",TRUE,48,FALSE,TRUE,FALSE,"left","left",FALSE,TRUE,FALSE,"left","middle",FALSE
"6620b6a209127dafd5b2dfb9","Pot",3,"CD",3,"Crackers",3,"right",FALSE,"right",TRUE,48,TRUE,FALSE,FALSE,"right","middle",TRUE,FALSE,FALSE,"right","right",FALSE
"56c65a5a305eaa0005f2a634","Yo-yo",4,"Bathtub",2,"Heart",2,"left",FALSE,"middle",FALSE,48,FALSE,FALSE,TRUE,"right","middle",FALSE,TRUE,FALSE,"middle","left",FALSE
"59fb1518b47dfc0001b6659b","Flashlight",2,"Tree",5,"Glove",5,"right",FALSE,"middle",TRUE,48,FALSE,TRUE,FALSE,"middle","middle",FALSE,TRUE,FALSE,"middle","right",FALSE
"602c0fc2eff74b4748e9b41e","Microphone",4,"Tissue",4,"Cheese",4,"right",FALSE,"right",TRUE,48,TRUE,FALSE,FALSE,"right","left",TRUE,FALSE,FALSE,"right","right",FALSE
"5bcc98d1db645700015222b5","Sandals",2,"Eyes",2,"Giraffe",2,"left",FALSE,"middle",FALSE,48,TRUE,FALSE,FALSE,"left","right",FALSE,FALSE,TRUE,"middle","left",FALSE
"6773e6e6b205d22a2e097735","TV",4,"Bell",5,"Bird",5,"right",FALSE,"left",FALSE,48,FALSE,FALSE,TRUE,"middle","left",FALSE,TRUE,FALSE,"left","right",FALSE
"67505c42a18c872bab88ed42","Door",4,"Tricycle",1,"Shovel",1,"right",FALSE,"left",TRUE,48,FALSE,TRUE,FALSE,"left","left",FALSE,TRUE,FALSE,"left","right",FALSE
"62a1e021702679d27813a3e2","Motorcycle",4,"Wheel",4,"Jacket",4,"middle",FALSE,"left",FALSE,48,TRUE,FALSE,FALSE,"middle","left",FALSE,TRUE,FALSE,"left","middle",FALSE
"639f294882a3797f77a3dd81","Triangle",2,"Bandaid",1,"Owl",1,"middle",FALSE,"right",TRUE,48,FALSE,FALSE,TRUE,"right","left",FALSE,FALSE,TRUE,"right","middle",FALSE
"654bc148c95bca00d541ec33","Broom",4,"Pen",3,"Hammer",3,"right",FALSE,"left",TRUE,48,FALSE,TRUE,FALSE,"left","left",FALSE,TRUE,FALSE,"left","right",TRUE
"5d23460ad4c57900192b129c","Skateboard",4,"Spider",1,"Table",1,"middle",FALSE,"left",TRUE,48,FALSE,TRUE,FALSE,"left","left",FALSE,TRUE,FALSE,"left","middle",FALSE
"67673cda94b4d0cf1a6a7382","Plate",1,"Elephant",2,"Paints",2,"right",FALSE,"middle",FALSE,48,TRUE,FALSE,FALSE,"right","middle",FALSE,TRUE,FALSE,"middle","right",FALSE
"5c4f5967aac8be0001716a65","Milk",5,"Lamp",1,"Bean",1,"middle",FALSE,"right",TRUE,48,FALSE,FALSE,TRUE,"right","left",FALSE,FALSE,TRUE,"right","middle",FALSE
"67758c9a30d6819221153393","Rainbow",4,"Cookies",5,"Nest",5,"middle",FALSE,"middle",TRUE,48,TRUE,FALSE,FALSE,"middle","right",TRUE,FALSE,FALSE,"middle","middle",FALSE
"66b37344796f45313433abc8","Bracelet",1,"Fork",1,"Drum",1,"right",FALSE,"right",TRUE,48,TRUE,FALSE,FALSE,"right","middle",TRUE,FALSE,FALSE,"right","right",FALSE
"632096b5574155e8727c50cc","Chips",3,"Shirt",2,"Bandaid",2,"left",FALSE,"right",TRUE,48,FALSE,TRUE,FALSE,"right","right",FALSE,TRUE,FALSE,"right","left",FALSE
"66dcc0e54f44ccecf2730c76","Tricycle",5,"Elephant",2,"Belt",2,"right",FALSE,"right",TRUE,48,TRUE,FALSE,FALSE,"right","left",TRUE,FALSE,FALSE,"right","right",TRUE
"60fac7ec133b6bf250d6d668","Can",1,"Clock",5,"Tricycle",5,"left",FALSE,"right",FALSE,48,FALSE,FALSE,TRUE,"middle","right",FALSE,TRUE,FALSE,"right","left",FALSE
"5e459f61418f610891628564","Cherry",5,"Rainbow",3,"Fence",3,"left",TRUE,"left",TRUE,48,TRUE,FALSE,FALSE,"left","right",TRUE,FALSE,FALSE,"left","left",FALSE
"5e89ec793c01b3685a00bb12","Motorcycle",3,"Bridge",1,"Pie",1,"middle",FALSE,"right",FALSE,48,FALSE,TRUE,FALSE,"left","left",FALSE,FALSE,TRUE,"right","middle",FALSE
"631d197eba06364cbea7fab2","Hips",2,"Butterfly",3,"Bee",3,"left",FALSE,"right",FALSE,48,TRUE,FALSE,FALSE,"left","middle",FALSE,FALSE,TRUE,"right","left",TRUE
"61656042f505fd7fa53e8628","Paper",2,"Mountain",3,"Squirrel",3,"right",FALSE,"middle",TRUE,44,FALSE,FALSE,TRUE,"middle","left",FALSE,FALSE,TRUE,"middle","right",FALSE
"66fd3f6c93c24ecc119be354","Table",1,"Bowl",3,"Soda",3,"middle",FALSE,"right",FALSE,48,TRUE,FALSE,FALSE,"middle","left",FALSE,FALSE,TRUE,"right","middle",TRUE
"5af1a4bc6e136b0001411714","Pear",3,"Socks",4,"Tie",4,"left",TRUE,"left",TRUE,48,TRUE,FALSE,FALSE,"left","middle",TRUE,FALSE,FALSE,"left","left",FALSE
"60ed501279c68ea1a313d0aa","Bone",2,"Shoulders",4,"Chopsticks",4,"middle",FALSE,"left",TRUE,48,FALSE,FALSE,TRUE,"left","right",FALSE,FALSE,TRUE,"left","middle",FALSE
"5bf2f728bd9f150001f6cc42","Dress",4,"Kangaroo",5,"Bowl",5,"right",FALSE,"middle",TRUE,48,FALSE,TRUE,FALSE,"middle","middle",FALSE,TRUE,FALSE,"middle","right",FALSE
"59a734ce0c87a000017481ed","Ghost",2,"Box",4,"Pirate",4,"left",FALSE,"middle",FALSE,48,TRUE,FALSE,FALSE,"left","right",FALSE,FALSE,TRUE,"middle","left",FALSE
"615e420a23219efe3427a367","Bacon",4,"Hands",5,"Earring",5,"middle",FALSE,"right",TRUE,48,FALSE,TRUE,FALSE,"right","right",FALSE,TRUE,FALSE,"right","middle",FALSE
"66b244a2f436437d3e109bbe","Pillow",3,"Stick",4,"Barn",4,"middle",FALSE,"middle",TRUE,48,TRUE,FALSE,FALSE,"middle","right",TRUE,FALSE,FALSE,"middle","middle",TRUE
"5f1b05a8703c380d1393bb27","Blanket",3,"Paints",4,"Cake",4,"left",FALSE,"right",TRUE,48,FALSE,TRUE,FALSE,"right","right",FALSE,TRUE,FALSE,"right","left",FALSE
"6684497541f835bd67a199b2","Mirror",1,"Skateboard",1,"Waffle",1,"middle",FALSE,"right",TRUE,48,FALSE,FALSE,TRUE,"right","left",FALSE,FALSE,TRUE,"right","middle",FALSE
"5eeddefa177a7322144cbc5e","Tree",4,"Fingers",3,"Lion",3,"left",FALSE,"left",TRUE,48,TRUE,FALSE,FALSE,"left","middle",TRUE,FALSE,FALSE,"left","left",FALSE
"63ee9abfa262bea95766dd9c","Fish",3,"Pencil",5,"Airplane",5,"middle",FALSE,"middle",FALSE,48,FALSE,FALSE,TRUE,"right","left",TRUE,FALSE,FALSE,"middle","middle",TRUE
"66cfab152c56aa0472529001","Taco",1,"Rain",4,"Cookies",4,"right",FALSE,"right",TRUE,48,TRUE,FALSE,FALSE,"right","middle",TRUE,FALSE,FALSE,"right","right",TRUE
"6571fd9d691befe21fa61d18","Yo-yo",2,"Earring",5,"Scissors",5,"right",FALSE,"middle",TRUE,48,FALSE,FALSE,TRUE,"middle","left",FALSE,FALSE,TRUE,"middle","right",FALSE
"66312361cf5d4099e1330532","Dress",4,"Mouth",4,"Shirt",4,"left",FALSE,"middle",TRUE,48,FALSE,FALSE,TRUE,"middle","right",FALSE,FALSE,TRUE,"middle","left",FALSE
"6722ea20fb84b196f0a649b6","Dinosaur",4,"Hands",5,"Apples",5,"right",TRUE,"right",TRUE,48,TRUE,FALSE,FALSE,"right","left",TRUE,FALSE,FALSE,"right","right",FALSE
"5ddce9f0f85b50c4fc1515a4","Pig",4,"Hands",4,"Lamp",4,"left",FALSE,"middle",TRUE,48,FALSE,FALSE,TRUE,"middle","right",FALSE,FALSE,TRUE,"middle","left",FALSE
"5c3bdbf548ad2900017fac31","Pen",1,"Lamp",3,"Tiger",3,"right",FALSE,"right",TRUE,48,TRUE,FALSE,FALSE,"right","middle",TRUE,FALSE,FALSE,"right","right",FALSE
"6844a1b95271dfc560af4709","Squirrel",2,"Rainbow",5,"Bread",5,"middle",FALSE,"right",FALSE,48,TRUE,FALSE,FALSE,"middle","left",FALSE,FALSE,TRUE,"right","middle",FALSE
"5e121701dc79bd8a1a22ca99","Tricycle",5,"Comb",1,"Ant",1,"right",FALSE,"left",FALSE,44,TRUE,FALSE,FALSE,"right","left",FALSE,TRUE,FALSE,"left","right",FALSE
"616ef680ab8ca318a227f5ec","Tiger",5,"Frog",5,"Fly",5,"right",FALSE,"left",TRUE,48,FALSE,FALSE,TRUE,"left","middle",FALSE,FALSE,TRUE,"left","right",FALSE
"66d9cd06e207a93377f7820e","Butter",4,"Snow",1,"Queen",1,"right",FALSE,"right",FALSE,48,FALSE,FALSE,TRUE,"middle","left",TRUE,FALSE,FALSE,"right","right",TRUE
"5962a5b29955ee00015bce98","Bubbles",3,"Butterfly",1,"Chair",1,"left",FALSE,"left",TRUE,48,TRUE,FALSE,FALSE,"left","middle",TRUE,FALSE,FALSE,"left","left",TRUE
"641384b3dffcf39ec42d3c23","Iron",3,"Hamburger",2,"Puppets",2,"middle",FALSE,"right",FALSE,48,TRUE,FALSE,FALSE,"middle","right",FALSE,TRUE,FALSE,"right","middle",FALSE
"59692d61355b45000106c592","Waffle",4,"Helicopter",2,"Nest",2,"left",FALSE,"left",TRUE,48,TRUE,FALSE,FALSE,"left","middle",TRUE,FALSE,FALSE,"left","left",FALSE
"5dd05d80b2204f1487f7812c","Cup",1,"Hammer",3,"Teapot",3,"left",FALSE,"right",FALSE,48,TRUE,FALSE,FALSE,"left","middle",FALSE,FALSE,TRUE,"right","left",FALSE
"6321d9c78e8e3c04f82a0ea0","Camera",1,"Squirrel",5,"Stove",5,"right",FALSE,"middle",FALSE,48,TRUE,FALSE,FALSE,"right","left",FALSE,FALSE,TRUE,"middle","right",FALSE
"632d189d6b8f03d0d3db4c48","Chair",2,"Suitcase",1,"Sandals",1,"middle",FALSE,"left",FALSE,48,TRUE,FALSE,FALSE,"middle","right",FALSE,FALSE,TRUE,"left","middle",TRUE
"63b3377ca1ccdfc7cc567503","Goal",4,"Snow",2,"Soup",2,"middle",FALSE,"right",FALSE,48,FALSE,TRUE,FALSE,"left","left",FALSE,FALSE,TRUE,"right","middle",TRUE
"6678813aec86d687a654dedb","Stairs",2,"Cake",3,"Octopus",3,"right",FALSE,"middle",FALSE,48,TRUE,FALSE,FALSE,"right","left",FALSE,FALSE,TRUE,"middle","right",FALSE
"55cce6ea34e90600058d1e6d","Bacon",3,"Hammer",4,"Butter",4,"left",FALSE,"left",FALSE,48,FALSE,FALSE,TRUE,"right","middle",TRUE,FALSE,FALSE,"left","left",FALSE
"6658bba1a51a037d25bb677e","Necklace",1,"Window",3,"Rabbit",3,"right",FALSE,"right",TRUE,48,TRUE,FALSE,FALSE,"right","left",TRUE,FALSE,FALSE,"right","right",TRUE
"60f5df9db9380d875c320307","Airplane",3,"Purse",3,"Hanger",3,"middle",FALSE,"middle",FALSE,48,FALSE,FALSE,TRUE,"right","left",TRUE,FALSE,FALSE,"middle","middle",FALSE
"63d5b810f3dbbd11e7e65870","Soda",2,"Paper",4,"Mirror",4,"right",FALSE,"right",FALSE,48,FALSE,FALSE,TRUE,"left","middle",TRUE,FALSE,FALSE,"right","right",FALSE
"66d1fdd400acfdbc181f41e0","Shirt",4,"Kangaroo",5,"Chopsticks",5,"left",FALSE,"middle",TRUE,48,FALSE,TRUE,FALSE,"middle","middle",FALSE,TRUE,FALSE,"middle","left",FALSE
"67b636c4ea38855cbb08ffe3","Refrigerator",3,"Window",3,"Duck",3,"right",FALSE,"left",TRUE,48,FALSE,FALSE,TRUE,"left","middle",FALSE,FALSE,TRUE,"left","right",FALSE
"5e1b795dc799223a3b447ada","Bow",5,"Sand",4,"Eggs",4,"right",FALSE,"middle",FALSE,48,TRUE,FALSE,FALSE,"right","left",FALSE,FALSE,TRUE,"middle","right",FALSE
"5c5cad3e4ee81200018eafe2","Towels",3,"Tree",4,"Hair",4,"left",FALSE,"right",TRUE,48,FALSE,FALSE,TRUE,"right","middle",FALSE,FALSE,TRUE,"right","left",FALSE
"5bc5be2572df5f00014479f9","Water",5,"Broom",5,"Pie",5,"right",FALSE,"left",FALSE,48,FALSE,FALSE,TRUE,"middle","left",FALSE,TRUE,FALSE,"left","right",FALSE
"5f8f436e4676a71879786b95","Yo-yo",5,"Ghost",1,"Whistle",1,"left",FALSE,"middle",TRUE,48,FALSE,FALSE,TRUE,"middle","right",FALSE,FALSE,TRUE,"middle","left",FALSE
"669053bbebafdd430e770142","Net",3,"Bow",1,"Goal",1,"right",FALSE,"left",TRUE,48,FALSE,TRUE,FALSE,"left","left",FALSE,TRUE,FALSE,"left","right",FALSE
"677419f93048c66d62d2bf87","Vacuum",5,"Bag",1,"Broom",1,"left",FALSE,"left",TRUE,48,TRUE,FALSE,FALSE,"left","middle",TRUE,FALSE,FALSE,"left","left",FALSE
"574aff1b5bef980007af2745","Toes",4,"Net",1,"Shampoo",1,"right",FALSE,"left",TRUE,48,FALSE,FALSE,TRUE,"left","middle",FALSE,FALSE,TRUE,"left","right",FALSE
"58404fd8ad98e40001ce915f","Hat",3,"Glasses",2,"Bow",2,"middle",FALSE,"left",TRUE,48,FALSE,TRUE,FALSE,"left","left",FALSE,TRUE,FALSE,"left","middle",FALSE
"5de8887aa2db898017debf1a","Water",4,"Pig",5,"Shovel",5,"middle",FALSE,"middle",TRUE,48,TRUE,FALSE,FALSE,"middle","right",TRUE,FALSE,FALSE,"middle","middle",FALSE
"59d949cf8fd07a000184247e","Snake",5,"Stairs",3,"Keys",3,"right",FALSE,"left",FALSE,48,TRUE,FALSE,FALSE,"right","middle",FALSE,FALSE,TRUE,"left","right",FALSE
"662945728093113a43ab8077","Table",1,"Hat",2,"Flower",2,"right",FALSE,"middle",TRUE,48,FALSE,FALSE,TRUE,"middle","left",FALSE,FALSE,TRUE,"middle","right",TRUE
"676058418c08c71e4bb7cbd1","Crackers",5,"Leg",4,"Head",4,"right",FALSE,"right",TRUE,48,TRUE,FALSE,FALSE,"right","middle",TRUE,FALSE,FALSE,"right","right",TRUE
"6643d22289210a4edf21e84d","Arm",3,"Feet",1,"Socks",1,"left",FALSE,"right",TRUE,48,FALSE,FALSE,TRUE,"right","middle",FALSE,FALSE,TRUE,"right","left",FALSE
"58954e2dc88c680001dd4b7e","Shirt",4,"Carrots",1,"Gorilla",1,"right",FALSE,"left",TRUE,48,FALSE,FALSE,TRUE,"left","middle",FALSE,FALSE,TRUE,"left","right",TRUE
"5b757a03976ecb0001b1168f","Potatoes",2,"Carrots",5,"Snow",5,"left",FALSE,"middle",TRUE,48,FALSE,TRUE,FALSE,"middle","middle",FALSE,TRUE,FALSE,"middle","left",FALSE
"681b781064a5701a5ceee3bc","Bean",1,"Mouse",1,"Tummy",1,"left",FALSE,"right",TRUE,48,FALSE,FALSE,TRUE,"right","middle",FALSE,FALSE,TRUE,"right","left",TRUE
"6716c6700f376dc7f534af9d","Dolphin",3,"Bucket",5,"Zipper",5,"left",FALSE,"left",TRUE,48,TRUE,FALSE,FALSE,"left","middle",TRUE,FALSE,FALSE,"left","left",FALSE
"671a3ac3dada5efe6d439698","Toothpaste",5,"Video Tape",1,"Ant",1,"left",FALSE,"left",TRUE,48,TRUE,FALSE,FALSE,"left","middle",TRUE,FALSE,FALSE,"left","left",FALSE
"676b89007874c8eace113276","Hanger",5,"Swimsuit",2,"Arm",2,"left",FALSE,"left",TRUE,48,TRUE,FALSE,FALSE,"left","middle",TRUE,FALSE,FALSE,"left","left",FALSE
"6825af939111d286546fdde6","Strawberries",2,"Envelope",1,"Squirrel",1,"left",TRUE,"left",TRUE,48,TRUE,FALSE,FALSE,"left","right",TRUE,FALSE,FALSE,"left","left",FALSE
"67164c92298409e37c670b3d","Princess",2,"Potatoes",5,"Jump rope",5,"middle",FALSE,"middle",TRUE,48,TRUE,FALSE,FALSE,"middle","left",TRUE,FALSE,FALSE,"middle","middle",FALSE
"682b3f63d0e2c4eff64fe664","Keys",1,"Feet",2,"Magazine",2,"middle",FALSE,"middle",TRUE,48,TRUE,FALSE,FALSE,"middle","left",TRUE,FALSE,FALSE,"middle","middle",TRUE
"5d3695969749cc00165c222f","Toilet",4,"Fingernail",1,"Toy",1,"left",FALSE,"left",TRUE,48,TRUE,FALSE,FALSE,"left","right",TRUE,FALSE,FALSE,"left","left",TRUE
"664521e03117b782ed4fff45","Kangaroo",3,"Pizza",3,"Sheep",3,"middle",FALSE,"middle",TRUE,48,TRUE,FALSE,FALSE,"middle","left",TRUE,FALSE,FALSE,"middle","middle",FALSE
"5f0db498f5e4e102c0f65b67","Meat",2,"Towels",2,"Hammer",2,"right",FALSE,"middle",TRUE,44,FALSE,FALSE,TRUE,"middle","left",FALSE,FALSE,TRUE,"middle","right",FALSE
"6773dea609f77d473900997a","Tiger",3,"Bridge",5,"Jacket",5,"left",FALSE,"left",FALSE,48,FALSE,FALSE,TRUE,"right","middle",TRUE,FALSE,FALSE,"left","left",TRUE
"637fcee60a8378c1c3a65898","Princess",2,"Curtain",3,"Purse",3,"left",FALSE,"right",TRUE,48,FALSE,FALSE,TRUE,"right","middle",FALSE,FALSE,TRUE,"right","left",FALSE
"63f77a5dde1ea03305e119e0","Pan",2,"Ant",3,"Zipper",3,"middle",FALSE,"right",TRUE,48,FALSE,TRUE,FALSE,"right","right",FALSE,TRUE,FALSE,"right","middle",FALSE
"5fbf90f025a567296d943c7e","Spoon",2,"Rainbow",5,"Clock",5,"left",FALSE,"right",TRUE,48,FALSE,FALSE,TRUE,"right","middle",FALSE,FALSE,TRUE,"right","left",FALSE
"636d6ce3fb3683ff33f9e514","Arm",1,"Dress",2,"Tummy",2,"left",FALSE,"right",TRUE,48,FALSE,FALSE,TRUE,"right","middle",FALSE,FALSE,TRUE,"right","left",FALSE
"5af2a03697a14300017d2ba4","Jump rope",1,"Baby",4,"Puppets",4,"right",FALSE,"right",TRUE,48,TRUE,FALSE,FALSE,"right","middle",TRUE,FALSE,FALSE,"right","right",FALSE
"60e3a25e8be835f754795d93","Milk",2,"Stool",1,"Balloons",1,"right",FALSE,"right",TRUE,48,TRUE,FALSE,FALSE,"right","left",TRUE,FALSE,FALSE,"right","right",TRUE
"66b5172c8f0bd3b23ce66c22","Candy",1,"Knee",3,"Turtle",3,"middle",FALSE,"right",TRUE,49,FALSE,TRUE,FALSE,"right","right",FALSE,TRUE,FALSE,"right","middle",FALSE
"5ba60abd9629a90001b36fdc","Fingers",1,"Tiger",4,"Sun",4,"middle",FALSE,"middle",TRUE,49,TRUE,FALSE,FALSE,"middle","left",TRUE,FALSE,FALSE,"middle","middle",FALSE
"65dc99d0191a135ab835bf69","Princess",4,"Butter",5,"Pot",5,"middle",FALSE,"middle",TRUE,49,TRUE,FALSE,FALSE,"middle","right",TRUE,FALSE,FALSE,"middle","middle",FALSE
"60fe7bf61c7567f5cca9ade6","Necklace",4,"Hose",2,"Cheese",2,"middle",FALSE,"left",TRUE,49,FALSE,FALSE,TRUE,"left","right",FALSE,FALSE,TRUE,"left","middle",TRUE
"5c9d88bb2b3c77001744ec1c","Straw",1,"Fries",3,"Princess",3,"left",FALSE,"middle",FALSE,49,FALSE,FALSE,TRUE,"right","middle",FALSE,TRUE,FALSE,"middle","left",FALSE
"5e283f576dbb560114ac7714","Fire truck",3,"Balloons",1,"Bridge",1,"middle",FALSE,"left",FALSE,49,FALSE,FALSE,TRUE,"right","left",FALSE,TRUE,FALSE,"left","middle",FALSE
"62e02b1ed5b0fbc1b1dc09e7","Pizza",3,"Bag",3,"Bone",3,"middle",FALSE,"left",TRUE,49,FALSE,FALSE,TRUE,"left","right",FALSE,FALSE,TRUE,"left","middle",FALSE
"5ecf9b46617a9b3dd56b3fe3","Box",2,"Stairs",3,"Pan",3,"middle",FALSE,"middle",TRUE,49,TRUE,FALSE,FALSE,"middle","right",TRUE,FALSE,FALSE,"middle","middle",TRUE
"590b3401182caf0001ab5801","Dolphin",3,"Soup",3,"Skateboard",3,"middle",FALSE,"left",FALSE,49,TRUE,FALSE,FALSE,"middle","left",FALSE,TRUE,FALSE,"left","middle",FALSE
"65c11389b0d2ba8e63cb8b22","Head",1,"Barn",4,"Sun",4,"right",FALSE,"middle",FALSE,49,TRUE,FALSE,FALSE,"right","left",FALSE,FALSE,TRUE,"middle","right",FALSE
"5d15160539eeea001683830c","Bird",1,"Tree",1,"Pants",1,"middle",FALSE,"right",TRUE,49,FALSE,FALSE,TRUE,"right","left",FALSE,FALSE,TRUE,"right","middle",FALSE
"6620b6a209127dafd5b2dfb9","Bananas",1,"Bottle",5,"Carrots",5,"left",TRUE,"middle",TRUE,49,FALSE,TRUE,FALSE,"middle","middle",FALSE,TRUE,FALSE,"middle","left",FALSE
"56c65a5a305eaa0005f2a634","Moon",1,"Washcloth",4,"Slinky",4,"left",FALSE,"middle",FALSE,49,FALSE,FALSE,TRUE,"right","middle",FALSE,TRUE,FALSE,"middle","left",FALSE
"59fb1518b47dfc0001b6659b","Ear",1,"Chalk",1,"Fingers",1,"right",FALSE,"left",TRUE,49,FALSE,FALSE,TRUE,"left","middle",FALSE,FALSE,TRUE,"left","right",FALSE
"602c0fc2eff74b4748e9b41e","Balloons",4,"Duck",4,"Bean",4,"right",FALSE,"left",FALSE,49,FALSE,FALSE,TRUE,"middle","left",FALSE,TRUE,FALSE,"left","right",FALSE
"5bcc98d1db645700015222b5","Tape",5,"Mouth",4,"Jacket",4,"left",FALSE,"middle",TRUE,49,FALSE,FALSE,TRUE,"middle","right",FALSE,FALSE,TRUE,"middle","left",FALSE
"6773e6e6b205d22a2e097735","Phone",4,"Boat",5,"Stamps",5,"middle",FALSE,"middle",FALSE,49,FALSE,TRUE,FALSE,"left","left",TRUE,FALSE,FALSE,"middle","middle",FALSE
"67505c42a18c872bab88ed42","Video Tape",4,"Shampoo",4,"Swing",4,"middle",FALSE,"middle",TRUE,49,TRUE,FALSE,FALSE,"middle","left",TRUE,FALSE,FALSE,"middle","middle",FALSE
"62a1e021702679d27813a3e2","Candle",3,"Leaf",1,"Glove",1,"middle",FALSE,"middle",FALSE,49,FALSE,TRUE,FALSE,"left","left",TRUE,FALSE,FALSE,"middle","middle",FALSE
"639f294882a3797f77a3dd81","Flashlight",4,"Chips",4,"Drum",4,"middle",FALSE,"middle",TRUE,49,TRUE,FALSE,FALSE,"middle","left",TRUE,FALSE,FALSE,"middle","middle",FALSE
"654bc148c95bca00d541ec33","Bee",4,"Fingernail",2,"Yo-yo",2,"middle",FALSE,"left",TRUE,49,FALSE,TRUE,FALSE,"left","left",FALSE,TRUE,FALSE,"left","middle",TRUE
"5d23460ad4c57900192b129c","Fingers",4,"Sandwich",3,"Pretzel",3,"right",FALSE,"right",TRUE,49,TRUE,FALSE,FALSE,"right","left",TRUE,FALSE,FALSE,"right","right",FALSE
"67673cda94b4d0cf1a6a7382","Rabbit",5,"Swing",4,"Waffle",4,"left",FALSE,"left",FALSE,49,FALSE,FALSE,TRUE,"right","middle",TRUE,FALSE,FALSE,"left","left",FALSE
"5c4f5967aac8be0001716a65","Drum",1,"Toothpaste",4,"Fingernail",4,"middle",FALSE,"middle",TRUE,49,TRUE,FALSE,FALSE,"middle","left",TRUE,FALSE,FALSE,"middle","middle",FALSE
"67758c9a30d6819221153393","Swing",5,"Table",2,"Elbow",2,"left",FALSE,"left",TRUE,49,TRUE,FALSE,FALSE,"left","right",TRUE,FALSE,FALSE,"left","left",FALSE
"66b37344796f45313433abc8","Lion",3,"Chicken",3,"Swing",3,"right",FALSE,"middle",TRUE,49,FALSE,TRUE,FALSE,"middle","middle",FALSE,TRUE,FALSE,"middle","right",FALSE
"632096b5574155e8727c50cc","Toilet",4,"Tricycle",2,"Bee",2,"left",FALSE,"left",TRUE,49,TRUE,FALSE,FALSE,"left","right",TRUE,FALSE,FALSE,"left","left",FALSE
"66dcc0e54f44ccecf2730c76","Umbrella",1,"Lamp",2,"Shampoo",2,"right",FALSE,"middle",TRUE,49,FALSE,FALSE,TRUE,"middle","left",FALSE,FALSE,TRUE,"middle","right",TRUE
"60fac7ec133b6bf250d6d668","Bow",3,"Feet",2,"Candle",2,"left",FALSE,"left",TRUE,49,TRUE,FALSE,FALSE,"left","right",TRUE,FALSE,FALSE,"left","left",FALSE
"5e459f61418f610891628564","Mailbox",1,"Stool",4,"Pillow",4,"middle",FALSE,"middle",TRUE,49,TRUE,FALSE,FALSE,"middle","right",TRUE,FALSE,FALSE,"middle","middle",FALSE
"5e89ec793c01b3685a00bb12","Glasses",5,"Rainbow",3,"Crackers",3,"middle",FALSE,"left",FALSE,49,TRUE,FALSE,FALSE,"middle","left",FALSE,TRUE,FALSE,"left","middle",FALSE
"631d197eba06364cbea7fab2","Movie",1,"Elbow",3,"Bird",3,"left",FALSE,"left",FALSE,49,FALSE,FALSE,TRUE,"right","middle",TRUE,FALSE,FALSE,"left","left",TRUE
"61656042f505fd7fa53e8628","Bagel",3,"Shorts",3,"Toes",3,"middle",FALSE,"middle",TRUE,45,TRUE,FALSE,FALSE,"middle","left",TRUE,FALSE,FALSE,"middle","middle",FALSE
"66fd3f6c93c24ecc119be354","Suitcase",1,"Bat",1,"Bean",1,"right",FALSE,"right",TRUE,49,TRUE,FALSE,FALSE,"right","left",TRUE,FALSE,FALSE,"right","right",TRUE
"5af1a4bc6e136b0001411714","Oranges",5,"Battery",3,"Tricycle",3,"left",TRUE,"left",TRUE,49,TRUE,FALSE,FALSE,"left","middle",TRUE,FALSE,FALSE,"left","left",FALSE
"60ed501279c68ea1a313d0aa","Water",4,"Tricycle",3,"Bead",3,"middle",FALSE,"middle",TRUE,49,TRUE,FALSE,FALSE,"middle","right",TRUE,FALSE,FALSE,"middle","middle",FALSE
"5bf2f728bd9f150001f6cc42","Stairs",4,"Moon",4,"Pool",4,"right",FALSE,"middle",TRUE,49,FALSE,TRUE,FALSE,"middle","middle",FALSE,TRUE,FALSE,"middle","right",FALSE
"59a734ce0c87a000017481ed","Toy",1,"Teeth",5,"Sofa",5,"left",FALSE,"middle",FALSE,49,FALSE,TRUE,FALSE,"right","right",FALSE,FALSE,TRUE,"middle","left",FALSE
"615e420a23219efe3427a367","Pants",2,"Tissue",2,"Bat",2,"left",FALSE,"left",TRUE,49,TRUE,FALSE,FALSE,"left","right",TRUE,FALSE,FALSE,"left","left",FALSE
"66b244a2f436437d3e109bbe","Owl",5,"Bike",4,"Soda",4,"middle",FALSE,"middle",TRUE,49,TRUE,FALSE,FALSE,"middle","right",TRUE,FALSE,FALSE,"middle","middle",TRUE
"5f1b05a8703c380d1393bb27","Juice",4,"Puzzles",4,"Rainbow",4,"middle",FALSE,"left",TRUE,49,FALSE,FALSE,TRUE,"left","right",FALSE,FALSE,TRUE,"left","middle",FALSE
"6684497541f835bd67a199b2","Camera",4,"Corn",2,"Zipper",2,"right",FALSE,"right",TRUE,49,TRUE,FALSE,FALSE,"right","left",TRUE,FALSE,FALSE,"right","right",FALSE
"5eeddefa177a7322144cbc5e","Cupcake",2,"Rice",1,"Video Tape",1,"left",FALSE,"middle",TRUE,49,FALSE,TRUE,FALSE,"middle","middle",FALSE,TRUE,FALSE,"middle","left",FALSE
"63ee9abfa262bea95766dd9c","Pancakes",3,"Window",4,"Bucket",4,"middle",FALSE,"right",FALSE,49,TRUE,FALSE,FALSE,"middle","left",FALSE,FALSE,TRUE,"right","middle",TRUE
"66cfab152c56aa0472529001","Brush",1,"TV",1,"Pencil",1,"left",FALSE,"right",TRUE,49,FALSE,FALSE,TRUE,"right","middle",FALSE,FALSE,TRUE,"right","left",TRUE
"6571fd9d691befe21fa61d18","Knee",2,"Bow",1,"Movie",1,"right",FALSE,"right",TRUE,49,TRUE,FALSE,FALSE,"right","left",TRUE,FALSE,FALSE,"right","right",FALSE
"66312361cf5d4099e1330532","Leg",3,"Triangle",2,"Bike",2,"left",FALSE,"right",TRUE,49,FALSE,TRUE,FALSE,"right","right",FALSE,TRUE,FALSE,"right","left",FALSE
"6722ea20fb84b196f0a649b6","Giraffe",4,"Sheep",2,"Motorcycle",2,"right",FALSE,"right",TRUE,49,TRUE,FALSE,FALSE,"right","left",TRUE,FALSE,FALSE,"right","right",FALSE
"5ddce9f0f85b50c4fc1515a4","Pants",1,"Pencil",2,"Puppets",2,"left",FALSE,"right",TRUE,49,FALSE,TRUE,FALSE,"right","right",FALSE,TRUE,FALSE,"right","left",FALSE
"5c3bdbf548ad2900017fac31","Books",5,"Juice",2,"Bike",2,"left",FALSE,"left",TRUE,49,TRUE,FALSE,FALSE,"left","middle",TRUE,FALSE,FALSE,"left","left",FALSE
"6844a1b95271dfc560af4709","Mouth",4,"Bone",1,"Owl",1,"middle",FALSE,"middle",FALSE,49,FALSE,TRUE,FALSE,"left","left",TRUE,FALSE,FALSE,"middle","middle",FALSE
"5e121701dc79bd8a1a22ca99","Train",2,"Goal",5,"Puppets",5,"middle",FALSE,"middle",FALSE,45,FALSE,FALSE,TRUE,"right","left",TRUE,FALSE,FALSE,"middle","middle",FALSE
"616ef680ab8ca318a227f5ec","Gorilla",5,"Stick",1,"Elephant",1,"right",FALSE,"right",TRUE,49,TRUE,FALSE,FALSE,"right","middle",TRUE,FALSE,FALSE,"right","right",FALSE
"66d9cd06e207a93377f7820e","Duck",1,"Rope",3,"Cereal",3,"right",FALSE,"right",FALSE,49,FALSE,FALSE,TRUE,"middle","left",TRUE,FALSE,FALSE,"right","right",TRUE
"5962a5b29955ee00015bce98","Scissors",3,"Ankle",3,"Sunglasses",3,"right",FALSE,"left",FALSE,49,TRUE,FALSE,FALSE,"right","middle",FALSE,FALSE,TRUE,"left","right",TRUE
"641384b3dffcf39ec42d3c23","Stool",5,"Fingernail",3,"Bracelet",3,"middle",FALSE,"left",TRUE,49,FALSE,FALSE,TRUE,"left","right",FALSE,FALSE,TRUE,"left","middle",FALSE
"59692d61355b45000106c592","Feet",3,"Knee",3,"Microphone",3,"right",FALSE,"left",FALSE,49,TRUE,FALSE,FALSE,"right","middle",FALSE,FALSE,TRUE,"left","right",FALSE
"5dd05d80b2204f1487f7812c","Hands",2,"Slinky",2,"Shoulders",2,"right",FALSE,"left",FALSE,49,TRUE,FALSE,FALSE,"right","middle",FALSE,FALSE,TRUE,"left","right",FALSE
"6321d9c78e8e3c04f82a0ea0","Spaghetti",2,"Backpack",5,"Car",5,"right",FALSE,"right",FALSE,49,FALSE,FALSE,TRUE,"middle","left",TRUE,FALSE,FALSE,"right","right",FALSE
"632d189d6b8f03d0d3db4c48","Turtle",2,"Iron",4,"Rope",4,"middle",FALSE,"middle",TRUE,49,TRUE,FALSE,FALSE,"middle","right",TRUE,FALSE,FALSE,"middle","middle",TRUE
"63b3377ca1ccdfc7cc567503","Pretzel",3,"Stairs",4,"Play dough",4,"middle",FALSE,"left",TRUE,49,FALSE,TRUE,FALSE,"left","left",FALSE,TRUE,FALSE,"left","middle",TRUE
"6678813aec86d687a654dedb","Nest",4,"Chair",2,"Radio",2,"right",FALSE,"right",FALSE,49,FALSE,TRUE,FALSE,"left","left",TRUE,FALSE,FALSE,"right","right",FALSE
"55cce6ea34e90600058d1e6d","Iron",2,"Lizard",2,"Duck",2,"right",FALSE,"right",TRUE,49,TRUE,FALSE,FALSE,"right","middle",TRUE,FALSE,FALSE,"right","right",FALSE
"6658bba1a51a037d25bb677e","Pudding",5,"Clock",1,"Wing",1,"middle",FALSE,"right",FALSE,49,TRUE,FALSE,FALSE,"middle","left",FALSE,FALSE,TRUE,"right","middle",TRUE
"60f5df9db9380d875c320307","Crown",1,"Fly",5,"Arm",5,"middle",FALSE,"middle",TRUE,49,TRUE,FALSE,FALSE,"middle","left",TRUE,FALSE,FALSE,"middle","middle",FALSE
"63d5b810f3dbbd11e7e65870","Tissue",2,"Leg",1,"Microphone",1,"left",FALSE,"left",TRUE,49,TRUE,FALSE,FALSE,"left","middle",TRUE,FALSE,FALSE,"left","left",FALSE
"66d1fdd400acfdbc181f41e0","Cat",3,"Ankle",2,"Sink",2,"right",FALSE,"left",TRUE,49,FALSE,FALSE,TRUE,"left","middle",FALSE,FALSE,TRUE,"left","right",FALSE
"67b636c4ea38855cbb08ffe3","Cat",3,"Tissue",1,"Bug",1,"right",FALSE,"left",FALSE,49,TRUE,FALSE,FALSE,"right","middle",FALSE,FALSE,TRUE,"left","right",FALSE
"5e1b795dc799223a3b447ada","Spider",1,"Baby",2,"Cheese",2,"middle",FALSE,"left",TRUE,49,FALSE,TRUE,FALSE,"left","left",FALSE,TRUE,FALSE,"left","middle",FALSE
"5c5cad3e4ee81200018eafe2","Monkey",5,"Battery",5,"Hanger",5,"right",FALSE,"left",TRUE,49,FALSE,FALSE,TRUE,"left","middle",FALSE,FALSE,TRUE,"left","right",FALSE
"5bc5be2572df5f00014479f9","Cloud",2,"Stairs",3,"Dresser",3,"right",FALSE,"middle",FALSE,49,FALSE,TRUE,FALSE,"left","left",FALSE,FALSE,TRUE,"middle","right",FALSE
"5f8f436e4676a71879786b95","Bucket",1,"Turtle",3,"Corn",3,"middle",FALSE,"middle",TRUE,49,TRUE,FALSE,FALSE,"middle","right",TRUE,FALSE,FALSE,"middle","middle",FALSE
"669053bbebafdd430e770142","Radio",4,"Lunch",5,"Tricycle",5,"middle",FALSE,"middle",FALSE,49,FALSE,FALSE,TRUE,"right","left",TRUE,FALSE,FALSE,"middle","middle",FALSE
"677419f93048c66d62d2bf87","Cable",2,"Soap",3,"Tape",3,"left",FALSE,"right",TRUE,49,FALSE,FALSE,TRUE,"right","middle",FALSE,FALSE,TRUE,"right","left",FALSE
"574aff1b5bef980007af2745","Sofa",3,"Necklace",3,"Grapes",3,"right",TRUE,"left",FALSE,49,TRUE,FALSE,FALSE,"right","middle",FALSE,FALSE,TRUE,"left","right",FALSE
"58404fd8ad98e40001ce915f","Straw",5,"Marker",5,"Feet",5,"middle",FALSE,"right",TRUE,49,FALSE,FALSE,TRUE,"right","left",FALSE,FALSE,TRUE,"right","middle",FALSE
"5de8887aa2db898017debf1a","Gorilla",1,"Movie",4,"Leg",4,"middle",FALSE,"right",FALSE,49,TRUE,FALSE,FALSE,"middle","right",FALSE,TRUE,FALSE,"right","middle",FALSE
"59d949cf8fd07a000184247e","Ear",2,"Hoop",4,"Sofa",4,"left",FALSE,"middle",TRUE,49,FALSE,TRUE,FALSE,"middle","middle",FALSE,TRUE,FALSE,"middle","left",FALSE
"662945728093113a43ab8077","Ear",5,"Yogurt",3,"Books",3,"middle",FALSE,"middle",FALSE,49,FALSE,FALSE,TRUE,"right","left",TRUE,FALSE,FALSE,"middle","middle",TRUE
"676058418c08c71e4bb7cbd1","Arm",2,"Corn",4,"Tie",4,"left",FALSE,"left",FALSE,49,FALSE,FALSE,TRUE,"right","middle",TRUE,FALSE,FALSE,"left","left",TRUE
"6643d22289210a4edf21e84d","Pool",4,"Fire",5,"Movie",5,"right",FALSE,"middle",TRUE,49,FALSE,TRUE,FALSE,"middle","middle",FALSE,TRUE,FALSE,"middle","right",FALSE
"58954e2dc88c680001dd4b7e","Cheese",4,"Crackers",3,"Strawberries",3,"right",TRUE,"right",TRUE,49,TRUE,FALSE,FALSE,"right","middle",TRUE,FALSE,FALSE,"right","right",TRUE
"5b757a03976ecb0001b1168f","Drum",2,"Blocks",5,"Newspaper",5,"left",FALSE,"right",TRUE,49,FALSE,FALSE,TRUE,"right","middle",FALSE,FALSE,TRUE,"right","left",FALSE
"681b781064a5701a5ceee3bc","CD",2,"Leaf",5,"Bandaid",5,"right",FALSE,"middle",FALSE,49,TRUE,FALSE,FALSE,"right","middle",FALSE,TRUE,FALSE,"middle","right",TRUE
"6716c6700f376dc7f534af9d","Tape",4,"Head",3,"Candle",3,"left",FALSE,"left",TRUE,49,TRUE,FALSE,FALSE,"left","middle",TRUE,FALSE,FALSE,"left","left",FALSE
"671a3ac3dada5efe6d439698","Carrots",2,"Sink",3,"Toothbrush",3,"right",FALSE,"left",FALSE,49,FALSE,TRUE,FALSE,"middle","middle",FALSE,FALSE,TRUE,"left","right",FALSE
"676b89007874c8eace113276","Yo-yo",5,"Tiger",4,"Monkey",4,"left",FALSE,"left",FALSE,49,FALSE,TRUE,FALSE,"middle","middle",TRUE,FALSE,FALSE,"left","left",FALSE
"6825af939111d286546fdde6","Teapot",1,"Spiderweb",2,"Train",2,"middle",FALSE,"middle",FALSE,49,FALSE,FALSE,TRUE,"left","right",TRUE,FALSE,FALSE,"middle","middle",FALSE
"67164c92298409e37c670b3d","Cheese",4,"Newspaper",1,"Boots",1,"right",FALSE,"left",TRUE,49,FALSE,TRUE,FALSE,"left","left",FALSE,TRUE,FALSE,"left","right",FALSE
"682b3f63d0e2c4eff64fe664","Cow",5,"Chips",1,"Pear",1,"right",TRUE,"middle",FALSE,49,TRUE,FALSE,FALSE,"right","left",FALSE,FALSE,TRUE,"middle","right",TRUE
"5d3695969749cc00165c222f","Butterfly",1,"Stairs",2,"Teddy Bear",2,"middle",FALSE,"right",TRUE,49,FALSE,TRUE,FALSE,"right","right",FALSE,TRUE,FALSE,"right","middle",TRUE
"664521e03117b782ed4fff45","Bird",1,"Can",1,"Box",1,"right",FALSE,"right",TRUE,49,TRUE,FALSE,FALSE,"right","left",TRUE,FALSE,FALSE,"right","right",FALSE
"5f0db498f5e4e102c0f65b67","Tractor",2,"Spider",5,"Rabbit",5,"middle",FALSE,"left",FALSE,45,FALSE,FALSE,TRUE,"right","left",FALSE,TRUE,FALSE,"left","middle",FALSE
"6773dea609f77d473900997a","Mouth",1,"Can",3,"Clown",3,"left",FALSE,"right",TRUE,49,FALSE,FALSE,TRUE,"right","middle",FALSE,FALSE,TRUE,"right","left",TRUE
"637fcee60a8378c1c3a65898","Spaghetti",1,"Soda",1,"Swing",1,"left",FALSE,"right",TRUE,49,FALSE,FALSE,TRUE,"right","middle",FALSE,FALSE,TRUE,"right","left",FALSE
"63f77a5dde1ea03305e119e0","Tricycle",2,"Sunglasses",3,"Tractor",3,"left",FALSE,"left",FALSE,49,FALSE,TRUE,FALSE,"right","right",TRUE,FALSE,FALSE,"left","left",FALSE
"5fbf90f025a567296d943c7e","Zebra",2,"Leaf",1,"Shoes",1,"left",FALSE,"left",TRUE,49,TRUE,FALSE,FALSE,"left","middle",TRUE,FALSE,FALSE,"left","left",FALSE
"636d6ce3fb3683ff33f9e514","Play dough",3,"Flashlight",3,"Backpack",3,"left",FALSE,"right",FALSE,49,FALSE,TRUE,FALSE,"middle","middle",FALSE,FALSE,TRUE,"right","left",FALSE
"5af2a03697a14300017d2ba4","Boots",2,"Button",3,"Chalk",3,"right",FALSE,"right",TRUE,49,TRUE,FALSE,FALSE,"right","middle",TRUE,FALSE,FALSE,"right","right",FALSE
"60e3a25e8be835f754795d93","Wagon",5,"Shovel",3,"Plate",3,"right",FALSE,"left",TRUE,49,FALSE,TRUE,FALSE,"left","left",FALSE,TRUE,FALSE,"left","right",TRUE
"66b5172c8f0bd3b23ce66c22","Pool",3,"Bathtub",5,"Slide",5,"middle",FALSE,"middle",TRUE,50,TRUE,FALSE,FALSE,"middle","right",TRUE,FALSE,FALSE,"middle","middle",FALSE
"5ba60abd9629a90001b36fdc","Rain",2,"Pancakes",5,"Frog",5,"middle",FALSE,"middle",TRUE,50,TRUE,FALSE,FALSE,"middle","left",TRUE,FALSE,FALSE,"middle","middle",FALSE
"65dc99d0191a135ab835bf69","Milk",1,"House",5,"Dinosaur",5,"middle",FALSE,"middle",TRUE,50,TRUE,FALSE,FALSE,"middle","right",TRUE,FALSE,FALSE,"middle","middle",FALSE
"60fe7bf61c7567f5cca9ade6","Candle",1,"Toothbrush",5,"Bee",5,"left",FALSE,"left",TRUE,50,TRUE,FALSE,FALSE,"left","right",TRUE,FALSE,FALSE,"left","left",TRUE
"5c9d88bb2b3c77001744ec1c","Bed",4,"Teeth",2,"Shoes",2,"left",FALSE,"left",TRUE,50,TRUE,FALSE,FALSE,"left","middle",TRUE,FALSE,FALSE,"left","left",FALSE
"5e283f576dbb560114ac7714","Bat",1,"Gorilla",1,"Fingers",1,"middle",FALSE,"right",TRUE,50,FALSE,FALSE,TRUE,"right","left",FALSE,FALSE,TRUE,"right","middle",FALSE
"62e02b1ed5b0fbc1b1dc09e7","Nest",3,"Keys",4,"Radio",4,"left",FALSE,"left",TRUE,50,TRUE,FALSE,FALSE,"left","right",TRUE,FALSE,FALSE,"left","left",FALSE
"5ecf9b46617a9b3dd56b3fe3","Microphone",2,"Ankle",2,"Notebook",2,"middle",FALSE,"middle",TRUE,50,TRUE,FALSE,FALSE,"middle","right",TRUE,FALSE,FALSE,"middle","middle",TRUE
"590b3401182caf0001ab5801","Drum",3,"Hose",2,"Slinky",2,"right",FALSE,"right",TRUE,50,TRUE,FALSE,FALSE,"right","left",TRUE,FALSE,FALSE,"right","right",FALSE
"65c11389b0d2ba8e63cb8b22","Bone",3,"Bread",1,"Notebook",1,"right",FALSE,"right",FALSE,50,FALSE,TRUE,FALSE,"left","left",TRUE,FALSE,FALSE,"right","right",FALSE
"5d15160539eeea001683830c","Octopus",3,"Tricycle",3,"Necklace",3,"middle",FALSE,"right",TRUE,50,FALSE,FALSE,TRUE,"right","left",FALSE,FALSE,TRUE,"right","middle",FALSE
"6620b6a209127dafd5b2dfb9","Toothpaste",4,"Notebook",4,"Marker",4,"left",FALSE,"left",FALSE,50,FALSE,TRUE,FALSE,"middle","middle",TRUE,FALSE,FALSE,"left","left",FALSE
"56c65a5a305eaa0005f2a634","Tractor",2,"Puzzles",4,"Battery",4,"right",FALSE,"middle",FALSE,50,FALSE,FALSE,TRUE,"left","middle",FALSE,TRUE,FALSE,"middle","right",FALSE
"59fb1518b47dfc0001b6659b","Flower",3,"Belt",5,"Octopus",5,"left",FALSE,"left",FALSE,50,FALSE,FALSE,TRUE,"right","middle",TRUE,FALSE,FALSE,"left","left",FALSE
"602c0fc2eff74b4748e9b41e","Milk",3,"Nose",1,"Corn",1,"right",FALSE,"left",TRUE,50,FALSE,TRUE,FALSE,"left","left",FALSE,TRUE,FALSE,"left","right",FALSE
"5bcc98d1db645700015222b5","Hot Dog",4,"Lizard",3,"Cookies",3,"middle",FALSE,"left",TRUE,50,FALSE,FALSE,TRUE,"left","right",FALSE,FALSE,TRUE,"left","middle",FALSE
"6773e6e6b205d22a2e097735","Stick",5,"Cereal",1,"Socks",1,"right",FALSE,"middle",FALSE,50,TRUE,FALSE,FALSE,"right","left",FALSE,FALSE,TRUE,"middle","right",FALSE
"67505c42a18c872bab88ed42","CD",1,"Sticker",2,"Strawberries",2,"right",TRUE,"right",TRUE,50,TRUE,FALSE,FALSE,"right","left",TRUE,FALSE,FALSE,"right","right",FALSE
"62a1e021702679d27813a3e2","Giraffe",4,"Sandals",3,"Stairs",3,"right",FALSE,"right",TRUE,50,TRUE,FALSE,FALSE,"right","left",TRUE,FALSE,FALSE,"right","right",FALSE
"639f294882a3797f77a3dd81","TV",1,"Sticker",1,"Envelope",1,"right",FALSE,"right",TRUE,50,TRUE,FALSE,FALSE,"right","left",TRUE,FALSE,FALSE,"right","right",FALSE
"654bc148c95bca00d541ec33","Bag",1,"Bandaid",3,"Belt",3,"right",FALSE,"right",TRUE,50,TRUE,FALSE,FALSE,"right","left",TRUE,FALSE,FALSE,"right","right",TRUE
"5d23460ad4c57900192b129c","Fries",3,"Battery",3,"Cereal",3,"right",FALSE,"left",TRUE,50,FALSE,TRUE,FALSE,"left","left",FALSE,TRUE,FALSE,"left","right",FALSE
"67673cda94b4d0cf1a6a7382","Net",5,"Movie",5,"Soap",5,"right",FALSE,"middle",TRUE,50,FALSE,TRUE,FALSE,"middle","middle",FALSE,TRUE,FALSE,"middle","right",FALSE
"5c4f5967aac8be0001716a65","Baby",3,"Bow",4,"Hat",4,"middle",FALSE,"left",TRUE,50,FALSE,TRUE,FALSE,"left","left",FALSE,TRUE,FALSE,"left","middle",FALSE
"67758c9a30d6819221153393","Jacket",3,"Tummy",5,"Blocks",5,"left",FALSE,"middle",TRUE,50,FALSE,FALSE,TRUE,"middle","right",FALSE,FALSE,TRUE,"middle","left",FALSE
"66b37344796f45313433abc8","Sink",1,"Pizza",3,"Sun",3,"right",FALSE,"left",FALSE,50,TRUE,FALSE,FALSE,"right","middle",FALSE,FALSE,TRUE,"left","right",FALSE
"632096b5574155e8727c50cc","Refrigerator",3,"Play dough",2,"Vacuum",2,"middle",FALSE,"right",FALSE,50,FALSE,FALSE,TRUE,"left","right",FALSE,TRUE,FALSE,"right","middle",FALSE
"66dcc0e54f44ccecf2730c76","Shirt",1,"Giraffe",2,"Marker",2,"middle",FALSE,"right",TRUE,50,FALSE,FALSE,TRUE,"right","left",FALSE,FALSE,TRUE,"right","middle",TRUE
"60fac7ec133b6bf250d6d668","Barn",3,"Shorts",4,"Dolphin",4,"middle",FALSE,"middle",FALSE,50,FALSE,TRUE,FALSE,"right","right",TRUE,FALSE,FALSE,"middle","middle",FALSE
"5e459f61418f610891628564","Candy",2,"Button",3,"Play dough",3,"middle",FALSE,"right",FALSE,50,FALSE,FALSE,TRUE,"left","right",FALSE,TRUE,FALSE,"right","middle",FALSE
"5e89ec793c01b3685a00bb12","Eggs",2,"Ice Cream",1,"Rain",1,"right",FALSE,"left",FALSE,50,FALSE,FALSE,TRUE,"middle","left",FALSE,TRUE,FALSE,"left","right",FALSE
"631d197eba06364cbea7fab2","Wheel",2,"Sandwich",1,"Chicken",1,"left",FALSE,"left",FALSE,50,FALSE,FALSE,TRUE,"right","middle",TRUE,FALSE,FALSE,"left","left",TRUE
"61656042f505fd7fa53e8628","Yo-yo",3,"Mouth",1,"Barn",1,"right",FALSE,"middle",TRUE,46,FALSE,FALSE,TRUE,"middle","left",FALSE,FALSE,TRUE,"middle","right",FALSE
"66fd3f6c93c24ecc119be354","Iron",1,"Chips",5,"Rope",5,"middle",FALSE,"middle",TRUE,50,TRUE,FALSE,FALSE,"middle","left",TRUE,FALSE,FALSE,"middle","middle",TRUE
"5af1a4bc6e136b0001411714","Books",4,"Teeth",3,"Fly",3,"left",FALSE,"left",TRUE,50,TRUE,FALSE,FALSE,"left","middle",TRUE,FALSE,FALSE,"left","left",FALSE
"60ed501279c68ea1a313d0aa","Stove",5,"Leaf",4,"Mailbox",4,"middle",FALSE,"right",FALSE,50,TRUE,FALSE,FALSE,"middle","right",FALSE,TRUE,FALSE,"right","middle",FALSE
"5bf2f728bd9f150001f6cc42","Sandwich",4,"Clown",3,"Fire",3,"right",FALSE,"left",TRUE,50,FALSE,FALSE,TRUE,"left","middle",FALSE,FALSE,TRUE,"left","right",FALSE
"59a734ce0c87a000017481ed","Moon",1,"Fork",3,"Pillow",3,"left",FALSE,"right",FALSE,50,FALSE,FALSE,TRUE,"middle","right",FALSE,TRUE,FALSE,"right","left",FALSE
"615e420a23219efe3427a367","Stamps",3,"Candy",1,"Tie",1,"middle",FALSE,"middle",FALSE,50,FALSE,FALSE,TRUE,"left","right",TRUE,FALSE,FALSE,"middle","middle",FALSE
"66b244a2f436437d3e109bbe","Bubbles",5,"Toy",4,"Sun",4,"left",FALSE,"left",FALSE,50,FALSE,FALSE,TRUE,"middle","right",TRUE,FALSE,FALSE,"left","left",TRUE
"5f1b05a8703c380d1393bb27","Lamp",1,"Watch",1,"Fire",1,"middle",FALSE,"right",TRUE,50,FALSE,TRUE,FALSE,"right","right",FALSE,TRUE,FALSE,"right","middle",FALSE
"6684497541f835bd67a199b2","Lizard",5,"Balls",3,"Blanket",3,"right",FALSE,"right",TRUE,50,TRUE,FALSE,FALSE,"right","left",TRUE,FALSE,FALSE,"right","right",FALSE
"5eeddefa177a7322144cbc5e","Baby",5,"Hat",5,"Hose",5,"right",FALSE,"right",FALSE,50,FALSE,FALSE,TRUE,"left","middle",TRUE,FALSE,FALSE,"right","right",FALSE
"63ee9abfa262bea95766dd9c","Microphone",3,"Triangle",2,"Bananas",2,"right",TRUE,"right",FALSE,50,FALSE,FALSE,TRUE,"middle","left",TRUE,FALSE,FALSE,"right","right",TRUE
"66cfab152c56aa0472529001","Hoop",5,"Swimsuit",2,"Chips",2,"left",FALSE,"left",TRUE,50,TRUE,FALSE,FALSE,"left","middle",TRUE,FALSE,FALSE,"left","left",TRUE
"6571fd9d691befe21fa61d18","Potatoes",5,"Snow",3,"Chips",3,"middle",FALSE,"left",TRUE,50,FALSE,TRUE,FALSE,"left","left",FALSE,TRUE,FALSE,"left","middle",FALSE
"66312361cf5d4099e1330532","Feather",1,"Shoulders",5,"Curtain",5,"middle",FALSE,"middle",TRUE,50,TRUE,FALSE,FALSE,"middle","right",TRUE,FALSE,FALSE,"middle","middle",FALSE
"6722ea20fb84b196f0a649b6","Owl",4,"Rabbit",5,"Sun",5,"middle",FALSE,"right",TRUE,50,FALSE,FALSE,TRUE,"right","left",FALSE,FALSE,TRUE,"right","middle",FALSE
"5ddce9f0f85b50c4fc1515a4","Bean",5,"House",3,"CD",3,"left",FALSE,"left",TRUE,50,TRUE,FALSE,FALSE,"left","right",TRUE,FALSE,FALSE,"left","left",FALSE
"5c3bdbf548ad2900017fac31","Slinky",3,"Straw",1,"Sandals",1,"left",FALSE,"left",TRUE,50,TRUE,FALSE,FALSE,"left","middle",TRUE,FALSE,FALSE,"left","left",FALSE
"6844a1b95271dfc560af4709","Balloons",1,"Hamburger",4,"Dresser",4,"right",FALSE,"left",FALSE,50,FALSE,FALSE,TRUE,"middle","left",FALSE,TRUE,FALSE,"left","right",FALSE
"5e121701dc79bd8a1a22ca99","Shovel",2,"Bow",4,"Giraffe",4,"middle",FALSE,"middle",FALSE,46,FALSE,FALSE,TRUE,"right","left",TRUE,FALSE,FALSE,"middle","middle",FALSE
"616ef680ab8ca318a227f5ec","Notebook",3,"Waffle",1,"Bell",1,"left",FALSE,"right",FALSE,50,FALSE,TRUE,FALSE,"middle","middle",FALSE,FALSE,TRUE,"right","left",FALSE
"66d9cd06e207a93377f7820e","Knee",1,"Ostrich",4,"Rain",4,"right",FALSE,"middle",TRUE,50,FALSE,FALSE,TRUE,"middle","left",FALSE,FALSE,TRUE,"middle","right",TRUE
"5962a5b29955ee00015bce98","Straw",3,"Pajamas",2,"Camera",2,"right",FALSE,"middle",FALSE,50,FALSE,FALSE,TRUE,"left","middle",FALSE,TRUE,FALSE,"middle","right",TRUE
"641384b3dffcf39ec42d3c23","Cat",3,"Knife",1,"Tree",1,"middle",FALSE,"left",TRUE,50,FALSE,FALSE,TRUE,"left","right",FALSE,FALSE,TRUE,"left","middle",FALSE
"59692d61355b45000106c592","Head",2,"Whistle",4,"Glasses",4,"right",FALSE,"middle",FALSE,50,FALSE,FALSE,TRUE,"left","middle",FALSE,TRUE,FALSE,"middle","right",FALSE
"5dd05d80b2204f1487f7812c","Potatoes",1,"Tape",2,"Yogurt",2,"right",FALSE,"right",TRUE,50,TRUE,FALSE,FALSE,"right","middle",TRUE,FALSE,FALSE,"right","right",FALSE
"6321d9c78e8e3c04f82a0ea0","Monkey",1,"Jump rope",1,"Wheel",1,"right",FALSE,"right",TRUE,50,TRUE,FALSE,FALSE,"right","left",TRUE,FALSE,FALSE,"right","right",FALSE
"632d189d6b8f03d0d3db4c48","Microphone",5,"Blanket",2,"Bird",2,"left",FALSE,"left",TRUE,50,TRUE,FALSE,FALSE,"left","right",TRUE,FALSE,FALSE,"left","left",TRUE
"63b3377ca1ccdfc7cc567503","Truck",4,"Bird",3,"Ring",3,"right",FALSE,"right",TRUE,50,TRUE,FALSE,FALSE,"right","left",TRUE,FALSE,FALSE,"right","right",TRUE
"6678813aec86d687a654dedb","Pie",5,"Truck",4,"Newspaper",4,"middle",FALSE,"left",FALSE,50,TRUE,FALSE,FALSE,"middle","left",FALSE,TRUE,FALSE,"left","middle",FALSE
"55cce6ea34e90600058d1e6d","Shovel",1,"Wheel",2,"Toothpaste",2,"left",FALSE,"left",TRUE,50,TRUE,FALSE,FALSE,"left","middle",TRUE,FALSE,FALSE,"left","left",FALSE
"6658bba1a51a037d25bb677e","Water",4,"Turtle",3,"Broom",3,"middle",FALSE,"middle",FALSE,50,FALSE,FALSE,TRUE,"right","left",TRUE,FALSE,FALSE,"middle","middle",TRUE
"60f5df9db9380d875c320307","Drum",2,"Bacon",2,"Sunglasses",2,"middle",FALSE,"right",TRUE,50,FALSE,FALSE,TRUE,"right","left",FALSE,FALSE,TRUE,"right","middle",FALSE
"63d5b810f3dbbd11e7e65870","Hot Dog",1,"Nose",5,"Flashlight",5,"right",FALSE,"left",TRUE,50,FALSE,FALSE,TRUE,"left","middle",FALSE,FALSE,TRUE,"left","right",FALSE
"66d1fdd400acfdbc181f41e0","Zebra",2,"Flashlight",2,"Sofa",2,"right",FALSE,"right",TRUE,50,TRUE,FALSE,FALSE,"right","middle",TRUE,FALSE,FALSE,"right","right",FALSE
"67b636c4ea38855cbb08ffe3","Bean",3,"Bubbles",1,"Sweater",1,"right",FALSE,"right",FALSE,50,FALSE,FALSE,TRUE,"left","middle",TRUE,FALSE,FALSE,"right","right",FALSE
"5e1b795dc799223a3b447ada","Pants",1,"Lunch",3,"Lion",3,"middle",FALSE,"middle",TRUE,50,TRUE,FALSE,FALSE,"middle","left",TRUE,FALSE,FALSE,"middle","middle",FALSE
"5c5cad3e4ee81200018eafe2","Snow",5,"Phone",4,"Popsicle",4,"right",FALSE,"right",TRUE,50,TRUE,FALSE,FALSE,"right","middle",TRUE,FALSE,FALSE,"right","right",FALSE
"5bc5be2572df5f00014479f9","Belt",1,"Pencil",1,"Oranges",1,"right",TRUE,"right",TRUE,50,TRUE,FALSE,FALSE,"right","left",TRUE,FALSE,FALSE,"right","right",FALSE
"5f8f436e4676a71879786b95","Knee",1,"Mouse",3,"Dress",3,"middle",FALSE,"right",TRUE,50,FALSE,TRUE,FALSE,"right","right",FALSE,TRUE,FALSE,"right","middle",FALSE
"669053bbebafdd430e770142","House",1,"Frog",5,"Dinosaur",5,"middle",FALSE,"middle",FALSE,50,FALSE,FALSE,TRUE,"right","left",TRUE,FALSE,FALSE,"middle","middle",FALSE
"677419f93048c66d62d2bf87","Magazine",3,"Meat",1,"Stick",1,"left",FALSE,"right",TRUE,50,FALSE,FALSE,TRUE,"right","middle",FALSE,FALSE,TRUE,"right","left",FALSE
"574aff1b5bef980007af2745","Straw",2,"Movie",1,"Video Tape",1,"left",FALSE,"left",TRUE,50,TRUE,FALSE,FALSE,"left","middle",TRUE,FALSE,FALSE,"left","left",FALSE
"58404fd8ad98e40001ce915f","Napkin",2,"Owl",5,"Butter",5,"middle",FALSE,"right",TRUE,50,FALSE,FALSE,TRUE,"right","left",FALSE,FALSE,TRUE,"right","middle",FALSE
"5de8887aa2db898017debf1a","Chair",1,"Elephant",4,"Candy",4,"left",FALSE,"right",TRUE,50,FALSE,TRUE,FALSE,"right","right",FALSE,TRUE,FALSE,"right","left",FALSE
"59d949cf8fd07a000184247e","Scooter",4,"Feet",3,"Sun",3,"right",FALSE,"right",TRUE,50,TRUE,FALSE,FALSE,"right","middle",TRUE,FALSE,FALSE,"right","right",FALSE
"662945728093113a43ab8077","Pizza",4,"Straw",4,"Backpack",4,"middle",FALSE,"right",TRUE,50,FALSE,FALSE,TRUE,"right","left",FALSE,FALSE,TRUE,"right","middle",TRUE
"676058418c08c71e4bb7cbd1","Eyes",5,"Paper",5,"Glue",5,"right",FALSE,"right",TRUE,50,TRUE,FALSE,FALSE,"right","middle",TRUE,FALSE,FALSE,"right","right",TRUE
"6643d22289210a4edf21e84d","Oranges",1,"Soap",1,"Envelope",1,"left",TRUE,"right",FALSE,50,TRUE,FALSE,FALSE,"left","middle",FALSE,FALSE,TRUE,"right","left",FALSE
"58954e2dc88c680001dd4b7e","Waffle",3,"Toy",4,"Cat",4,"right",FALSE,"right",TRUE,50,TRUE,FALSE,FALSE,"right","middle",TRUE,FALSE,FALSE,"right","right",TRUE
"5b757a03976ecb0001b1168f","Necklace",1,"Ostrich",2,"Puppets",2,"left",FALSE,"right",TRUE,50,FALSE,FALSE,TRUE,"right","middle",FALSE,FALSE,TRUE,"right","left",FALSE
"681b781064a5701a5ceee3bc","Slide",2,"TV",4,"Corn",4,"right",FALSE,"right",TRUE,50,TRUE,FALSE,FALSE,"right","middle",TRUE,FALSE,FALSE,"right","right",TRUE
"6716c6700f376dc7f534af9d","Duck",3,"Washcloth",1,"Drum",1,"right",FALSE,"right",FALSE,50,FALSE,FALSE,TRUE,"left","middle",TRUE,FALSE,FALSE,"right","right",FALSE
"671a3ac3dada5efe6d439698","Bell",1,"Knife",2,"Camera",2,"left",FALSE,"right",TRUE,50,FALSE,FALSE,TRUE,"right","middle",FALSE,FALSE,TRUE,"right","left",FALSE
"676b89007874c8eace113276","Crackers",4,"Sunglasses",4,"Underwear",4,"left",FALSE,"middle",FALSE,50,TRUE,FALSE,FALSE,"left","middle",FALSE,TRUE,FALSE,"middle","left",FALSE
"6825af939111d286546fdde6","Rope",5,"Waffle",4,"Cookies",4,"left",FALSE,"right",TRUE,50,FALSE,TRUE,FALSE,"right","right",FALSE,TRUE,FALSE,"right","left",FALSE
"67164c92298409e37c670b3d","Dresser",4,"Cup",2,"Ankle",2,"right",FALSE,"left",FALSE,50,TRUE,FALSE,FALSE,"right","left",FALSE,TRUE,FALSE,"left","right",FALSE
"682b3f63d0e2c4eff64fe664","Meat",2,"Hair",3,"Sun",3,"right",FALSE,"middle",TRUE,50,FALSE,FALSE,TRUE,"middle","left",FALSE,FALSE,TRUE,"middle","right",TRUE
"5d3695969749cc00165c222f","Knife",5,"Napkin",1,"Vacuum",1,"left",FALSE,"right",TRUE,50,FALSE,TRUE,FALSE,"right","right",FALSE,TRUE,FALSE,"right","left",TRUE
"664521e03117b782ed4fff45","Iron",5,"Umbrella",1,"Necklace",1,"right",FALSE,"right",TRUE,50,TRUE,FALSE,FALSE,"right","left",TRUE,FALSE,FALSE,"right","right",FALSE
"5f0db498f5e4e102c0f65b67","Dolphin",1,"Money",3,"Frog",3,"middle",FALSE,"middle",TRUE,46,TRUE,FALSE,FALSE,"middle","left",TRUE,FALSE,FALSE,"middle","middle",FALSE
"6773dea609f77d473900997a","Money",4,"Eggs",1,"Whistle",1,"left",FALSE,"left",TRUE,50,TRUE,FALSE,FALSE,"left","middle",TRUE,FALSE,FALSE,"left","left",TRUE
"637fcee60a8378c1c3a65898","Strawberries",2,"Can",5,"Broom",5,"left",TRUE,"left",TRUE,50,TRUE,FALSE,FALSE,"left","middle",TRUE,FALSE,FALSE,"left","left",FALSE
"63f77a5dde1ea03305e119e0","Frog",3,"Candle",1,"Swing",1,"left",FALSE,"left",TRUE,50,TRUE,FALSE,FALSE,"left","right",TRUE,FALSE,FALSE,"left","left",FALSE
"5fbf90f025a567296d943c7e","Taco",1,"Squirrel",3,"Brush",3,"left",FALSE,"right",FALSE,50,FALSE,TRUE,FALSE,"middle","middle",FALSE,FALSE,TRUE,"right","left",FALSE
"636d6ce3fb3683ff33f9e514","Hammer",2,"Microphone",3,"Paints",3,"left",FALSE,"middle",TRUE,50,FALSE,TRUE,FALSE,"middle","middle",FALSE,TRUE,FALSE,"middle","left",FALSE
"5af2a03697a14300017d2ba4","Scooter",2,"Dolls",3,"Butter",3,"left",FALSE,"right",TRUE,50,FALSE,FALSE,TRUE,"right","middle",FALSE,FALSE,TRUE,"right","left",FALSE
"60e3a25e8be835f754795d93","Circle",4,"Sunglasses",5,"Pen",5,"right",FALSE,"left",FALSE,50,FALSE,FALSE,TRUE,"middle","left",FALSE,TRUE,FALSE,"left","right",TRUE
"66b5172c8f0bd3b23ce66c22","Skateboard",2,"Jump rope",2,"Bus",2,"left",FALSE,"middle",FALSE,51,TRUE,FALSE,FALSE,"left","right",FALSE,FALSE,TRUE,"middle","left",FALSE
"5ba60abd9629a90001b36fdc","Earring",3,"Spaghetti",4,"Curtain",4,"right",FALSE,"middle",TRUE,51,FALSE,FALSE,TRUE,"middle","left",FALSE,FALSE,TRUE,"middle","right",FALSE
"65dc99d0191a135ab835bf69","Candle",4,"Bagel",3,"Waffle",3,"middle",FALSE,"left",FALSE,51,FALSE,TRUE,FALSE,"right","right",FALSE,FALSE,TRUE,"left","middle",FALSE
"60fe7bf61c7567f5cca9ade6","Vacuum",2,"Sandals",2,"Boat",2,"middle",FALSE,"left",TRUE,51,FALSE,FALSE,TRUE,"left","right",FALSE,FALSE,TRUE,"left","middle",TRUE
"5c9d88bb2b3c77001744ec1c","Microphone",2,"Dolls",4,"Hamburger",4,"left",FALSE,"right",TRUE,51,FALSE,FALSE,TRUE,"right","middle",FALSE,FALSE,TRUE,"right","left",FALSE
"5e283f576dbb560114ac7714","Rabbit",3,"Fly",1,"Barn",1,"right",FALSE,"left",FALSE,51,TRUE,FALSE,FALSE,"right","left",FALSE,TRUE,FALSE,"left","right",FALSE
"62e02b1ed5b0fbc1b1dc09e7","Bridge",2,"Rice",1,"Pretzel",1,"left",FALSE,"middle",TRUE,51,FALSE,FALSE,TRUE,"middle","right",FALSE,FALSE,TRUE,"middle","left",FALSE
"5ecf9b46617a9b3dd56b3fe3","Rope",3,"Octopus",3,"Ant",3,"middle",FALSE,"middle",FALSE,51,FALSE,FALSE,TRUE,"left","right",TRUE,FALSE,FALSE,"middle","middle",TRUE
"590b3401182caf0001ab5801","Pants",2,"Pool",2,"Window",2,"middle",FALSE,"middle",TRUE,51,TRUE,FALSE,FALSE,"middle","left",TRUE,FALSE,FALSE,"middle","middle",FALSE
"65c11389b0d2ba8e63cb8b22","Leg",1,"Drum",2,"Skateboard",2,"right",FALSE,"right",TRUE,51,TRUE,FALSE,FALSE,"right","left",TRUE,FALSE,FALSE,"right","right",FALSE
"5d15160539eeea001683830c","Stove",5,"Bathtub",2,"Knife",2,"middle",FALSE,"left",TRUE,51,FALSE,TRUE,FALSE,"left","left",FALSE,TRUE,FALSE,"left","middle",FALSE
"6620b6a209127dafd5b2dfb9","Dinosaur",1,"Flower",4,"Sandwich",4,"right",FALSE,"middle",FALSE,51,TRUE,FALSE,FALSE,"right","middle",FALSE,TRUE,FALSE,"middle","right",FALSE
"56c65a5a305eaa0005f2a634","Tissue",2,"Nose",2,"Knee",2,"right",FALSE,"left",FALSE,51,FALSE,TRUE,FALSE,"middle","middle",FALSE,FALSE,TRUE,"left","right",FALSE
"59fb1518b47dfc0001b6659b","Rabbit",3,"Fries",3,"Refrigerator",3,"right",FALSE,"right",FALSE,51,FALSE,TRUE,FALSE,"middle","middle",TRUE,FALSE,FALSE,"right","right",FALSE
"602c0fc2eff74b4748e9b41e","Cat",4,"Elephant",3,"Balls",3,"middle",FALSE,"middle",FALSE,51,FALSE,TRUE,FALSE,"left","left",TRUE,FALSE,FALSE,"middle","middle",FALSE
"5bcc98d1db645700015222b5","Suitcase",5,"Bag",3,"Gorilla",3,"left",FALSE,"right",TRUE,51,FALSE,TRUE,FALSE,"right","right",FALSE,TRUE,FALSE,"right","left",FALSE
"6773e6e6b205d22a2e097735","Hoop",5,"Pan",3,"Lamp",3,"middle",FALSE,"middle",FALSE,51,FALSE,TRUE,FALSE,"left","left",TRUE,FALSE,FALSE,"middle","middle",FALSE
"67505c42a18c872bab88ed42","Bread",4,"Boots",4,"Scissors",4,"right",FALSE,"left",TRUE,51,FALSE,TRUE,FALSE,"left","left",FALSE,TRUE,FALSE,"left","right",FALSE
"62a1e021702679d27813a3e2","Bridge",4,"Bike",3,"TV",3,"middle",FALSE,"left",TRUE,51,FALSE,TRUE,FALSE,"left","left",FALSE,TRUE,FALSE,"left","middle",FALSE
"639f294882a3797f77a3dd81","Truck",1,"Video Tape",2,"Pig",2,"right",FALSE,"right",TRUE,51,TRUE,FALSE,FALSE,"right","left",TRUE,FALSE,FALSE,"right","right",FALSE
"654bc148c95bca00d541ec33","Princess",3,"Heart",3,"Marker",3,"middle",FALSE,"right",TRUE,51,FALSE,FALSE,TRUE,"right","left",FALSE,FALSE,TRUE,"right","middle",TRUE
"5d23460ad4c57900192b129c","Mailbox",2,"Vacuum",1,"Ostrich",1,"middle",FALSE,"left",TRUE,51,FALSE,TRUE,FALSE,"left","left",FALSE,TRUE,FALSE,"left","middle",FALSE
"67673cda94b4d0cf1a6a7382","Butter",1,"Computer",2,"Carrots",2,"right",FALSE,"right",TRUE,51,TRUE,FALSE,FALSE,"right","middle",TRUE,FALSE,FALSE,"right","right",FALSE
"5c4f5967aac8be0001716a65","Window",5,"Pan",1,"Bat",1,"right",FALSE,"right",FALSE,51,FALSE,TRUE,FALSE,"left","left",TRUE,FALSE,FALSE,"right","right",FALSE
"67758c9a30d6819221153393","Turtle",5,"Shovel",3,"Cupcake",3,"middle",FALSE,"left",TRUE,51,FALSE,FALSE,TRUE,"left","right",FALSE,FALSE,TRUE,"left","middle",FALSE
"66b37344796f45313433abc8","Bathtub",2,"Bead",4,"Bee",4,"left",FALSE,"left",FALSE,51,FALSE,TRUE,FALSE,"middle","middle",TRUE,FALSE,FALSE,"left","left",FALSE
"632096b5574155e8727c50cc","Phone",3,"Boat",3,"Ostrich",3,"left",FALSE,"right",TRUE,51,FALSE,TRUE,FALSE,"right","right",FALSE,TRUE,FALSE,"right","left",FALSE
"66dcc0e54f44ccecf2730c76","Chalk",5,"Net",2,"Toothpaste",2,"right",FALSE,"middle",FALSE,51,TRUE,FALSE,FALSE,"right","left",FALSE,FALSE,TRUE,"middle","right",TRUE
"60fac7ec133b6bf250d6d668","Rope",3,"Feather",5,"Puppets",5,"middle",FALSE,"middle",TRUE,51,TRUE,FALSE,FALSE,"middle","right",TRUE,FALSE,FALSE,"middle","middle",FALSE
"5e459f61418f610891628564","Plate",1,"Watch",1,"Butterfly",1,"middle",FALSE,"left",FALSE,51,FALSE,TRUE,FALSE,"right","right",FALSE,FALSE,TRUE,"left","middle",FALSE
"5e89ec793c01b3685a00bb12","Truck",1,"Taco",2,"Underwear",2,"middle",FALSE,"middle",TRUE,51,TRUE,FALSE,FALSE,"middle","left",TRUE,FALSE,FALSE,"middle","middle",FALSE
"631d197eba06364cbea7fab2","Cupcake",3,"Teddy Bear",4,"Hammer",4,"left",FALSE,"left",TRUE,51,TRUE,FALSE,FALSE,"left","middle",TRUE,FALSE,FALSE,"left","left",TRUE
"61656042f505fd7fa53e8628","Popsicle",4,"Balls",3,"Bee",3,"right",FALSE,"middle",TRUE,47,FALSE,FALSE,TRUE,"middle","left",FALSE,FALSE,TRUE,"middle","right",FALSE
"66fd3f6c93c24ecc119be354","Cereal",5,"Hot Dog",4,"Fries",4,"middle",FALSE,"middle",FALSE,51,FALSE,FALSE,TRUE,"right","left",TRUE,FALSE,FALSE,"middle","middle",TRUE
"5af1a4bc6e136b0001411714","Bone",2,"Microphone",1,"Iron",1,"right",FALSE,"left",TRUE,51,FALSE,FALSE,TRUE,"left","middle",FALSE,FALSE,TRUE,"left","right",FALSE
"60ed501279c68ea1a313d0aa","Sink",5,"Toy",4,"Teapot",4,"middle",FALSE,"right",FALSE,51,TRUE,FALSE,FALSE,"middle","right",FALSE,TRUE,FALSE,"right","middle",FALSE
"5bf2f728bd9f150001f6cc42","Iron",4,"Toy",5,"Puzzles",5,"right",FALSE,"left",TRUE,51,FALSE,FALSE,TRUE,"left","middle",FALSE,FALSE,TRUE,"left","right",FALSE
"59a734ce0c87a000017481ed","Hanger",3,"Chopsticks",3,"Glasses",3,"middle",FALSE,"middle",TRUE,51,TRUE,FALSE,FALSE,"middle","right",TRUE,FALSE,FALSE,"middle","middle",FALSE
"615e420a23219efe3427a367","Head",4,"Door",2,"Pig",2,"middle",FALSE,"middle",FALSE,51,FALSE,TRUE,FALSE,"right","right",TRUE,FALSE,FALSE,"middle","middle",FALSE
"66b244a2f436437d3e109bbe","Door",2,"Crown",2,"Bucket",2,"middle",FALSE,"middle",TRUE,51,TRUE,FALSE,FALSE,"middle","right",TRUE,FALSE,FALSE,"middle","middle",TRUE
"5f1b05a8703c380d1393bb27","Bubbles",5,"Button",5,"Waffle",5,"middle",FALSE,"right",TRUE,51,FALSE,TRUE,FALSE,"right","right",FALSE,TRUE,FALSE,"right","middle",FALSE
"6684497541f835bd67a199b2","Sandwich",5,"Flower",4,"Squirrel",4,"middle",FALSE,"middle",FALSE,51,FALSE,FALSE,TRUE,"right","left",TRUE,FALSE,FALSE,"middle","middle",FALSE
"5eeddefa177a7322144cbc5e","Socks",4,"Fries",2,"Princess",2,"left",FALSE,"right",FALSE,51,FALSE,TRUE,FALSE,"middle","middle",FALSE,FALSE,TRUE,"right","left",FALSE
"63ee9abfa262bea95766dd9c","Sofa",2,"Sunglasses",1,"Glue",1,"middle",FALSE,"right",TRUE,51,FALSE,FALSE,TRUE,"right","left",FALSE,FALSE,TRUE,"right","middle",TRUE
"66cfab152c56aa0472529001","Square",4,"Play dough",5,"Pear",5,"right",TRUE,"left",TRUE,51,FALSE,FALSE,TRUE,"left","middle",FALSE,FALSE,TRUE,"left","right",TRUE
"6571fd9d691befe21fa61d18","Nest",1,"Straw",5,"Flower",5,"middle",FALSE,"middle",TRUE,51,TRUE,FALSE,FALSE,"middle","left",TRUE,FALSE,FALSE,"middle","middle",FALSE
"66312361cf5d4099e1330532","Hose",1,"Bird",1,"Dolls",1,"middle",FALSE,"left",FALSE,51,FALSE,TRUE,FALSE,"right","right",FALSE,FALSE,TRUE,"left","middle",FALSE
"6722ea20fb84b196f0a649b6","Pen",4,"Train",5,"Bridge",5,"middle",FALSE,"middle",TRUE,51,TRUE,FALSE,FALSE,"middle","left",TRUE,FALSE,FALSE,"middle","middle",FALSE
"5ddce9f0f85b50c4fc1515a4","Spaghetti",1,"Belt",3,"Bathtub",3,"left",FALSE,"middle",TRUE,51,FALSE,FALSE,TRUE,"middle","right",FALSE,FALSE,TRUE,"middle","left",FALSE
"5c3bdbf548ad2900017fac31","Hanger",2,"Dolls",3,"Suitcase",3,"left",FALSE,"middle",TRUE,51,FALSE,TRUE,FALSE,"middle","middle",FALSE,TRUE,FALSE,"middle","left",FALSE
"6844a1b95271dfc560af4709","Washcloth",2,"Ghost",4,"Pirate",4,"middle",FALSE,"middle",TRUE,51,TRUE,FALSE,FALSE,"middle","left",TRUE,FALSE,FALSE,"middle","middle",FALSE
"5e121701dc79bd8a1a22ca99","Pretzel",5,"Swimsuit",5,"Tummy",5,"middle",FALSE,"middle",TRUE,47,TRUE,FALSE,FALSE,"middle","left",TRUE,FALSE,FALSE,"middle","middle",FALSE
"616ef680ab8ca318a227f5ec","Cable",3,"Cookies",3,"Microphone",3,"left",FALSE,"left",TRUE,51,TRUE,FALSE,FALSE,"left","middle",TRUE,FALSE,FALSE,"left","left",FALSE
"66d9cd06e207a93377f7820e","Sweater",5,"Tummy",4,"Flower",4,"middle",FALSE,"middle",TRUE,51,TRUE,FALSE,FALSE,"middle","left",TRUE,FALSE,FALSE,"middle","middle",TRUE
"5962a5b29955ee00015bce98","Nest",3,"Bead",3,"Moon",3,"right",FALSE,"left",TRUE,51,FALSE,FALSE,TRUE,"left","middle",FALSE,FALSE,TRUE,"left","right",TRUE
"641384b3dffcf39ec42d3c23","Jump rope",4,"Crackers",3,"Brush",3,"left",FALSE,"right",TRUE,51,FALSE,TRUE,FALSE,"right","right",FALSE,TRUE,FALSE,"right","left",FALSE
"59692d61355b45000106c592","Fence",5,"Barn",3,"Pretzel",3,"right",FALSE,"left",TRUE,51,FALSE,FALSE,TRUE,"left","middle",FALSE,FALSE,TRUE,"left","right",FALSE
"5dd05d80b2204f1487f7812c","Rainbow",3,"Pan",3,"Table",3,"left",FALSE,"middle",FALSE,51,TRUE,FALSE,FALSE,"left","middle",FALSE,TRUE,FALSE,"middle","left",FALSE
"6321d9c78e8e3c04f82a0ea0","Video Tape",2,"TV",2,"Dress",2,"right",FALSE,"left",TRUE,51,FALSE,TRUE,FALSE,"left","left",FALSE,TRUE,FALSE,"left","right",FALSE
"632d189d6b8f03d0d3db4c48","Glasses",5,"Mouse",1,"Stick",1,"left",FALSE,"left",TRUE,51,TRUE,FALSE,FALSE,"left","right",TRUE,FALSE,FALSE,"left","left",TRUE
"63b3377ca1ccdfc7cc567503","Refrigerator",2,"Lamp",4,"Scooter",4,"middle",FALSE,"middle",TRUE,51,TRUE,FALSE,FALSE,"middle","left",TRUE,FALSE,FALSE,"middle","middle",TRUE
"6678813aec86d687a654dedb","Marker",2,"Pencil",3,"Spiderweb",3,"right",FALSE,"right",TRUE,51,TRUE,FALSE,FALSE,"right","left",TRUE,FALSE,FALSE,"right","right",FALSE
"55cce6ea34e90600058d1e6d","Tractor",2,"Dolls",2,"Ghost",2,"left",FALSE,"middle",TRUE,51,FALSE,TRUE,FALSE,"middle","middle",FALSE,TRUE,FALSE,"middle","left",FALSE
"6658bba1a51a037d25bb677e","Goal",5,"Rainbow",5,"Magazine",5,"right",FALSE,"middle",FALSE,51,TRUE,FALSE,FALSE,"right","left",FALSE,FALSE,TRUE,"middle","right",TRUE
"60f5df9db9380d875c320307","Can",1,"Feet",4,"Taco",4,"middle",FALSE,"middle",FALSE,51,FALSE,FALSE,TRUE,"right","left",TRUE,FALSE,FALSE,"middle","middle",FALSE
"63d5b810f3dbbd11e7e65870","Skateboard",1,"Marker",2,"Lizard",2,"left",FALSE,"right",TRUE,51,FALSE,FALSE,TRUE,"right","middle",FALSE,FALSE,TRUE,"right","left",FALSE
"66d1fdd400acfdbc181f41e0","Fish",5,"Money",3,"Video Tape",3,"left",FALSE,"left",TRUE,51,TRUE,FALSE,FALSE,"left","middle",TRUE,FALSE,FALSE,"left","left",FALSE
"67b636c4ea38855cbb08ffe3","Cake",5,"Paints",3,"Play dough",3,"left",FALSE,"left",FALSE,51,FALSE,FALSE,TRUE,"right","middle",TRUE,FALSE,FALSE,"left","left",FALSE
"5e1b795dc799223a3b447ada","Soup",3,"Snow",4,"String",4,"right",FALSE,"middle",FALSE,51,TRUE,FALSE,FALSE,"right","left",FALSE,FALSE,TRUE,"middle","right",FALSE
"5c5cad3e4ee81200018eafe2","Fly",3,"Tricycle",4,"Grapes",4,"right",TRUE,"right",TRUE,51,TRUE,FALSE,FALSE,"right","middle",TRUE,FALSE,FALSE,"right","right",FALSE
"5bc5be2572df5f00014479f9","Pirate",5,"Pudding",3,"Refrigerator",3,"right",FALSE,"middle",TRUE,51,FALSE,FALSE,TRUE,"middle","left",FALSE,FALSE,TRUE,"middle","right",FALSE
"5f8f436e4676a71879786b95","Hoop",1,"Ankle",4,"Duck",4,"middle",FALSE,"middle",TRUE,51,TRUE,FALSE,FALSE,"middle","right",TRUE,FALSE,FALSE,"middle","middle",FALSE
"669053bbebafdd430e770142","Nose",1,"Knee",2,"Waffle",2,"middle",FALSE,"middle",FALSE,51,FALSE,FALSE,TRUE,"right","left",TRUE,FALSE,FALSE,"middle","middle",FALSE
"677419f93048c66d62d2bf87","Stool",1,"Baby",1,"Sweater",1,"right",FALSE,"middle",TRUE,51,FALSE,TRUE,FALSE,"middle","middle",FALSE,TRUE,FALSE,"middle","right",FALSE
"574aff1b5bef980007af2745","Chalk",4,"Whistle",2,"Paper",2,"left",FALSE,"left",FALSE,51,FALSE,FALSE,TRUE,"right","middle",TRUE,FALSE,FALSE,"left","left",FALSE
"58404fd8ad98e40001ce915f","Train",1,"Bacon",5,"Bike",5,"right",FALSE,"middle",TRUE,51,FALSE,FALSE,TRUE,"middle","left",FALSE,FALSE,TRUE,"middle","right",FALSE
"5de8887aa2db898017debf1a","Diaper",5,"Crackers",4,"Nose",4,"left",FALSE,"middle",FALSE,51,TRUE,FALSE,FALSE,"left","right",FALSE,FALSE,TRUE,"middle","left",FALSE
"59d949cf8fd07a000184247e","Grass",1,"Teapot",4,"Pirate",4,"right",FALSE,"middle",FALSE,51,FALSE,FALSE,TRUE,"left","middle",FALSE,TRUE,FALSE,"middle","right",FALSE
"662945728093113a43ab8077","Pan",3,"Napkin",4,"Bird",4,"right",FALSE,"middle",FALSE,51,TRUE,FALSE,FALSE,"right","left",FALSE,FALSE,TRUE,"middle","right",TRUE
"676058418c08c71e4bb7cbd1","Toy",2,"Swing",5,"Knife",5,"left",FALSE,"right",FALSE,51,TRUE,FALSE,FALSE,"left","middle",FALSE,FALSE,TRUE,"right","left",TRUE
"6643d22289210a4edf21e84d","Flashlight",2,"Vacuum",3,"Eggs",3,"left",FALSE,"right",TRUE,51,FALSE,FALSE,TRUE,"right","middle",FALSE,FALSE,TRUE,"right","left",FALSE
"58954e2dc88c680001dd4b7e","Bucket",1,"Bike",2,"Lion",2,"left",FALSE,"middle",FALSE,51,TRUE,FALSE,FALSE,"left","middle",FALSE,TRUE,FALSE,"middle","left",TRUE
"5b757a03976ecb0001b1168f","Button",1,"Toes",1,"House",1,"right",FALSE,"middle",TRUE,51,FALSE,TRUE,FALSE,"middle","middle",FALSE,TRUE,FALSE,"middle","right",FALSE
"681b781064a5701a5ceee3bc","Potatoes",4,"Play dough",3,"Chopsticks",3,"left",FALSE,"left",TRUE,51,TRUE,FALSE,FALSE,"left","middle",TRUE,FALSE,FALSE,"left","left",TRUE
"6716c6700f376dc7f534af9d","Bear",2,"Bell",5,"Pancakes",5,"right",FALSE,"right",FALSE,51,FALSE,FALSE,TRUE,"left","middle",TRUE,FALSE,FALSE,"right","right",FALSE
"671a3ac3dada5efe6d439698","Sandwich",2,"Net",5,"Table",5,"left",FALSE,"left",FALSE,51,FALSE,TRUE,FALSE,"middle","middle",TRUE,FALSE,FALSE,"left","left",FALSE
"676b89007874c8eace113276","TV",4,"Mailbox",1,"Truck",1,"left",FALSE,"left",TRUE,51,TRUE,FALSE,FALSE,"left","middle",TRUE,FALSE,FALSE,"left","left",FALSE
"6825af939111d286546fdde6","Corn",4,"Juice",2,"Toy",2,"left",FALSE,"middle",FALSE,51,TRUE,FALSE,FALSE,"left","right",FALSE,FALSE,TRUE,"middle","left",FALSE
"67164c92298409e37c670b3d","Lunch",4,"Bread",5,"Stool",5,"middle",FALSE,"middle",TRUE,51,TRUE,FALSE,FALSE,"middle","left",TRUE,FALSE,FALSE,"middle","middle",FALSE
"682b3f63d0e2c4eff64fe664","Envelope",3,"Jacket",1,"Pirate",1,"right",FALSE,"middle",FALSE,51,TRUE,FALSE,FALSE,"right","left",FALSE,FALSE,TRUE,"middle","right",TRUE
"5d3695969749cc00165c222f","Blanket",5,"Balls",2,"Envelope",2,"left",FALSE,"left",TRUE,51,TRUE,FALSE,FALSE,"left","right",TRUE,FALSE,FALSE,"left","left",TRUE
"664521e03117b782ed4fff45","Books",3,"Elephant",1,"Earring",1,"right",FALSE,"right",TRUE,51,TRUE,FALSE,FALSE,"right","left",TRUE,FALSE,FALSE,"right","right",FALSE
"5f0db498f5e4e102c0f65b67","Wheel",4,"Ice Cream",1,"Suitcase",1,"right",FALSE,"right",TRUE,47,TRUE,FALSE,FALSE,"right","left",TRUE,FALSE,FALSE,"right","right",FALSE
"6773dea609f77d473900997a","Fish",2,"Sand",5,"Chicken",5,"left",FALSE,"right",TRUE,51,FALSE,FALSE,TRUE,"right","middle",FALSE,FALSE,TRUE,"right","left",TRUE
"637fcee60a8378c1c3a65898","Knife",1,"Microphone",5,"Juice",5,"right",FALSE,"right",TRUE,51,TRUE,FALSE,FALSE,"right","middle",TRUE,FALSE,FALSE,"right","right",FALSE
"63f77a5dde1ea03305e119e0","Hoop",1,"Hamburger",5,"Eggs",5,"middle",FALSE,"right",TRUE,51,FALSE,TRUE,FALSE,"right","right",FALSE,TRUE,FALSE,"right","middle",FALSE
"5fbf90f025a567296d943c7e","Octopus",4,"Meat",5,"Puppets",5,"left",FALSE,"middle",TRUE,51,FALSE,TRUE,FALSE,"middle","middle",FALSE,TRUE,FALSE,"middle","left",FALSE
"636d6ce3fb3683ff33f9e514","Lunch",3,"Butterfly",2,"Bubbles",2,"right",FALSE,"right",FALSE,51,FALSE,FALSE,TRUE,"left","middle",TRUE,FALSE,FALSE,"right","right",FALSE
"5af2a03697a14300017d2ba4","Swimsuit",1,"Shoulders",4,"Juice",4,"right",FALSE,"right",TRUE,51,TRUE,FALSE,FALSE,"right","middle",TRUE,FALSE,FALSE,"right","right",FALSE
"60e3a25e8be835f754795d93","Toes",1,"Tricycle",4,"Sweater",4,"middle",FALSE,"right",TRUE,51,FALSE,FALSE,TRUE,"right","left",FALSE,FALSE,TRUE,"right","middle",TRUE
"66b5172c8f0bd3b23ce66c22","Crayons",3,"Tiger",1,"Puppets",1,"middle",FALSE,"left",FALSE,52,TRUE,FALSE,FALSE,"middle","right",FALSE,FALSE,TRUE,"left","middle",FALSE
"5ba60abd9629a90001b36fdc","Teeth",2,"Pajamas",5,"Bacon",5,"right",FALSE,"right",TRUE,52,TRUE,FALSE,FALSE,"right","left",TRUE,FALSE,FALSE,"right","right",FALSE
"65dc99d0191a135ab835bf69","Popcorn",1,"Pancakes",4,"Camera",4,"middle",FALSE,"middle",TRUE,52,TRUE,FALSE,FALSE,"middle","right",TRUE,FALSE,FALSE,"middle","middle",FALSE
"60fe7bf61c7567f5cca9ade6","Soap",1,"Ear",3,"Gorilla",3,"middle",FALSE,"left",TRUE,52,FALSE,FALSE,TRUE,"left","right",FALSE,FALSE,TRUE,"left","middle",TRUE
"5c9d88bb2b3c77001744ec1c","Boots",2,"Dress",1,"Cupcake",1,"right",FALSE,"right",TRUE,52,TRUE,FALSE,FALSE,"right","middle",TRUE,FALSE,FALSE,"right","right",FALSE
"5e283f576dbb560114ac7714","Soap",5,"Pot",5,"Slinky",5,"right",FALSE,"left",FALSE,52,FALSE,FALSE,TRUE,"middle","left",FALSE,TRUE,FALSE,"left","right",FALSE
"62e02b1ed5b0fbc1b1dc09e7","Stars",4,"Spider",3,"Pie",3,"left",FALSE,"right",TRUE,52,FALSE,TRUE,FALSE,"right","right",FALSE,TRUE,FALSE,"right","left",FALSE
"5ecf9b46617a9b3dd56b3fe3","Shampoo",3,"Soup",4,"Toilet",4,"left",FALSE,"left",TRUE,52,TRUE,FALSE,FALSE,"left","right",TRUE,FALSE,FALSE,"left","left",TRUE
"590b3401182caf0001ab5801","Bug",2,"Puzzles",3,"Turtle",3,"middle",FALSE,"middle",TRUE,52,TRUE,FALSE,FALSE,"middle","left",TRUE,FALSE,FALSE,"middle","middle",FALSE
"65c11389b0d2ba8e63cb8b22","Bus",5,"Popcorn",5,"Play dough",5,"right",FALSE,"middle",FALSE,52,TRUE,FALSE,FALSE,"right","left",FALSE,FALSE,TRUE,"middle","right",FALSE
"5d15160539eeea001683830c","Soda",5,"Popsicle",1,"Napkin",1,"right",FALSE,"left",TRUE,52,FALSE,TRUE,FALSE,"left","left",FALSE,TRUE,FALSE,"left","right",FALSE
"6620b6a209127dafd5b2dfb9","Rainbow",1,"Slide",4,"Cookies",4,"left",FALSE,"right",TRUE,52,FALSE,FALSE,TRUE,"right","middle",FALSE,FALSE,TRUE,"right","left",FALSE
"56c65a5a305eaa0005f2a634","Giraffe",2,"Cup",3,"Coloring Book",3,"left",FALSE,"middle",TRUE,52,FALSE,TRUE,FALSE,"middle","middle",FALSE,TRUE,FALSE,"middle","left",FALSE
"59fb1518b47dfc0001b6659b","Ring",2,"Window",2,"Candle",2,"left",FALSE,"left",TRUE,52,TRUE,FALSE,FALSE,"left","middle",TRUE,FALSE,FALSE,"left","left",FALSE
"602c0fc2eff74b4748e9b41e","Toilet",1,"Cake",5,"Bone",5,"right",FALSE,"middle",TRUE,52,FALSE,FALSE,TRUE,"middle","left",FALSE,FALSE,TRUE,"middle","right",FALSE
"5bcc98d1db645700015222b5","Napkin",3,"Potatoes",5,"TV",5,"middle",FALSE,"right",TRUE,52,FALSE,TRUE,FALSE,"right","right",FALSE,TRUE,FALSE,"right","middle",FALSE
"6773e6e6b205d22a2e097735","Tissue",3,"Yo-yo",4,"Spider",4,"right",FALSE,"right",TRUE,52,TRUE,FALSE,FALSE,"right","left",TRUE,FALSE,FALSE,"right","right",FALSE
"67505c42a18c872bab88ed42","Stick",2,"Hammer",5,"Yo-yo",5,"middle",FALSE,"middle",TRUE,52,TRUE,FALSE,FALSE,"middle","left",TRUE,FALSE,FALSE,"middle","middle",FALSE
"62a1e021702679d27813a3e2","Washcloth",4,"Sandwich",1,"Truck",1,"middle",FALSE,"left",TRUE,52,FALSE,TRUE,FALSE,"left","left",FALSE,TRUE,FALSE,"left","middle",FALSE
"639f294882a3797f77a3dd81","Fire",3,"Brush",1,"Pizza",1,"right",FALSE,"left",FALSE,52,TRUE,FALSE,FALSE,"right","left",FALSE,TRUE,FALSE,"left","right",FALSE
"654bc148c95bca00d541ec33","Meat",3,"Chicken",2,"Baby",2,"right",FALSE,"right",TRUE,52,TRUE,FALSE,FALSE,"right","left",TRUE,FALSE,FALSE,"right","right",TRUE
"5d23460ad4c57900192b129c","Snow",3,"TV",5,"Pants",5,"middle",FALSE,"right",TRUE,52,FALSE,FALSE,TRUE,"right","left",FALSE,FALSE,TRUE,"right","middle",FALSE
"67673cda94b4d0cf1a6a7382","Sun",3,"Bathtub",2,"Shorts",2,"left",FALSE,"middle",TRUE,52,FALSE,TRUE,FALSE,"middle","middle",FALSE,TRUE,FALSE,"middle","left",FALSE
"5c4f5967aac8be0001716a65","Butterfly",4,"Iron",4,"Spoon",4,"right",FALSE,"middle",FALSE,52,FALSE,TRUE,FALSE,"left","left",FALSE,FALSE,TRUE,"middle","right",FALSE
"67758c9a30d6819221153393","Tissue",1,"Toothbrush",2,"Baby",2,"middle",FALSE,"right",TRUE,52,FALSE,TRUE,FALSE,"right","right",FALSE,TRUE,FALSE,"right","middle",FALSE
"66b37344796f45313433abc8","Clown",4,"Hands",1,"Magazine",1,"left",FALSE,"left",TRUE,52,TRUE,FALSE,FALSE,"left","middle",TRUE,FALSE,FALSE,"left","left",FALSE
"632096b5574155e8727c50cc","Sunglasses",4,"Window",3,"Drum",3,"middle",FALSE,"left",FALSE,52,TRUE,FALSE,FALSE,"middle","right",FALSE,FALSE,TRUE,"left","middle",FALSE
"66dcc0e54f44ccecf2730c76","Cookies",2,"Dress",3,"House",3,"right",FALSE,"middle",TRUE,52,FALSE,FALSE,TRUE,"middle","left",FALSE,FALSE,TRUE,"middle","right",TRUE
"60fac7ec133b6bf250d6d668","Nest",1,"Owl",2,"Snake",2,"left",FALSE,"right",FALSE,52,FALSE,FALSE,TRUE,"middle","right",FALSE,TRUE,FALSE,"right","left",FALSE
"5e459f61418f610891628564","Car",4,"Toothpaste",5,"Soup",5,"middle",FALSE,"middle",FALSE,52,FALSE,FALSE,TRUE,"left","right",TRUE,FALSE,FALSE,"middle","middle",FALSE
"5e89ec793c01b3685a00bb12","Shampoo",1,"Potatoes",3,"Tongue",3,"right",FALSE,"right",TRUE,52,TRUE,FALSE,FALSE,"right","left",TRUE,FALSE,FALSE,"right","right",FALSE
"631d197eba06364cbea7fab2","Kangaroo",3,"Bowl",1,"Phone",1,"left",FALSE,"left",TRUE,52,TRUE,FALSE,FALSE,"left","middle",TRUE,FALSE,FALSE,"left","left",TRUE
"61656042f505fd7fa53e8628","Flashlight",4,"Rock",2,"Toothpaste",2,"middle",FALSE,"middle",TRUE,48,TRUE,FALSE,FALSE,"middle","left",TRUE,FALSE,FALSE,"middle","middle",FALSE
"66fd3f6c93c24ecc119be354","Pie",2,"Box",5,"Plate",5,"middle",FALSE,"middle",TRUE,52,TRUE,FALSE,FALSE,"middle","left",TRUE,FALSE,FALSE,"middle","middle",TRUE
"5af1a4bc6e136b0001411714","Flashlight",3,"Bell",3,"Snake",3,"right",FALSE,"left",TRUE,52,FALSE,FALSE,TRUE,"left","middle",FALSE,FALSE,TRUE,"left","right",FALSE
"60ed501279c68ea1a313d0aa","Train",2,"Notebook",4,"Toothpaste",4,"left",FALSE,"middle",TRUE,52,FALSE,FALSE,TRUE,"middle","right",FALSE,FALSE,TRUE,"middle","left",FALSE
"5bf2f728bd9f150001f6cc42","Airplane",5,"Candle",5,"Refrigerator",5,"left",FALSE,"middle",TRUE,52,FALSE,TRUE,FALSE,"middle","middle",FALSE,TRUE,FALSE,"middle","left",FALSE
"59a734ce0c87a000017481ed","Fries",1,"Magazine",5,"Swing",5,"middle",FALSE,"left",TRUE,52,FALSE,FALSE,TRUE,"left","right",FALSE,FALSE,TRUE,"left","middle",FALSE
"615e420a23219efe3427a367","Magazine",2,"Tummy",1,"Mouse",1,"left",FALSE,"middle",FALSE,52,TRUE,FALSE,FALSE,"left","right",FALSE,FALSE,TRUE,"middle","left",FALSE
"66b244a2f436437d3e109bbe","Pear",5,"Pan",5,"Comb",5,"left",TRUE,"left",TRUE,52,TRUE,FALSE,FALSE,"left","right",TRUE,FALSE,FALSE,"left","left",TRUE
"5f1b05a8703c380d1393bb27","Swimsuit",2,"Newspaper",2,"Toothpaste",2,"middle",FALSE,"left",TRUE,52,FALSE,FALSE,TRUE,"left","right",FALSE,FALSE,TRUE,"left","middle",FALSE
"6684497541f835bd67a199b2","Crown",2,"Bracelet",3,"Chalk",3,"middle",FALSE,"right",TRUE,52,FALSE,FALSE,TRUE,"right","left",FALSE,FALSE,TRUE,"right","middle",FALSE
"5eeddefa177a7322144cbc5e","Pajamas",2,"Monkey",5,"Button",5,"right",FALSE,"left",FALSE,52,FALSE,TRUE,FALSE,"middle","middle",FALSE,FALSE,TRUE,"left","right",FALSE
"63ee9abfa262bea95766dd9c","Box",2,"Marker",1,"Nest",1,"right",FALSE,"right",TRUE,52,TRUE,FALSE,FALSE,"right","left",TRUE,FALSE,FALSE,"right","right",TRUE
"66cfab152c56aa0472529001","Rock",1,"Helicopter",4,"Fries",4,"right",FALSE,"right",TRUE,52,TRUE,FALSE,FALSE,"right","middle",TRUE,FALSE,FALSE,"right","right",TRUE
"6571fd9d691befe21fa61d18","Rain",4,"Pillow",4,"Triangle",4,"middle",FALSE,"left",TRUE,52,FALSE,TRUE,FALSE,"left","left",FALSE,TRUE,FALSE,"left","middle",FALSE
"66312361cf5d4099e1330532","Tractor",5,"Suitcase",5,"Pot",5,"left",FALSE,"right",TRUE,52,FALSE,TRUE,FALSE,"right","right",FALSE,TRUE,FALSE,"right","left",FALSE
"6722ea20fb84b196f0a649b6","Chalk",5,"Carrots",1,"Bee",1,"right",FALSE,"left",TRUE,52,FALSE,TRUE,FALSE,"left","left",FALSE,TRUE,FALSE,"left","right",FALSE
"5ddce9f0f85b50c4fc1515a4","Chair",1,"Bag",5,"Box",5,"middle",FALSE,"middle",TRUE,52,TRUE,FALSE,FALSE,"middle","right",TRUE,FALSE,FALSE,"middle","middle",FALSE
"5c3bdbf548ad2900017fac31","Lion",3,"Cup",5,"Snow",5,"left",FALSE,"middle",TRUE,52,FALSE,TRUE,FALSE,"middle","middle",FALSE,TRUE,FALSE,"middle","left",FALSE
"6844a1b95271dfc560af4709","Brush",3,"Bug",3,"Hose",3,"middle",FALSE,"middle",TRUE,52,TRUE,FALSE,FALSE,"middle","left",TRUE,FALSE,FALSE,"middle","middle",FALSE
"5e121701dc79bd8a1a22ca99","Balloons",3,"Crown",3,"Elephant",3,"middle",FALSE,"middle",FALSE,48,FALSE,FALSE,TRUE,"right","left",TRUE,FALSE,FALSE,"middle","middle",FALSE
"616ef680ab8ca318a227f5ec","CD",4,"Cereal",2,"Brush",2,"left",FALSE,"middle",TRUE,52,FALSE,TRUE,FALSE,"middle","middle",FALSE,TRUE,FALSE,"middle","left",FALSE
"66d9cd06e207a93377f7820e","Hoop",1,"Meat",2,"Bone",2,"right",FALSE,"middle",TRUE,52,FALSE,FALSE,TRUE,"middle","left",FALSE,FALSE,TRUE,"middle","right",TRUE
"5962a5b29955ee00015bce98","Toothbrush",3,"Curtain",3,"Elbow",3,"left",FALSE,"left",FALSE,52,FALSE,FALSE,TRUE,"right","middle",TRUE,FALSE,FALSE,"left","left",TRUE
"641384b3dffcf39ec42d3c23","Queen",2,"Ant",1,"Monkey",1,"middle",FALSE,"left",TRUE,52,FALSE,FALSE,TRUE,"left","right",FALSE,FALSE,TRUE,"left","middle",FALSE
"59692d61355b45000106c592","Peas",4,"Bee",3,"Stove",3,"right",FALSE,"left",TRUE,52,FALSE,FALSE,TRUE,"left","middle",FALSE,FALSE,TRUE,"left","right",FALSE
"5dd05d80b2204f1487f7812c","Ghost",3,"Money",1,"Bean",1,"right",FALSE,"right",TRUE,52,TRUE,FALSE,FALSE,"right","middle",TRUE,FALSE,FALSE,"right","right",FALSE
"6321d9c78e8e3c04f82a0ea0","Flashlight",2,"Plate",2,"Sandals",2,"right",FALSE,"middle",TRUE,52,FALSE,FALSE,TRUE,"middle","left",FALSE,FALSE,TRUE,"middle","right",FALSE
"632d189d6b8f03d0d3db4c48","Marker",3,"Newspaper",1,"Keys",1,"middle",FALSE,"left",TRUE,52,FALSE,FALSE,TRUE,"left","right",FALSE,FALSE,TRUE,"left","middle",TRUE
"63b3377ca1ccdfc7cc567503","Computer",2,"Coloring Book",3,"Tiger",3,"right",FALSE,"middle",TRUE,52,FALSE,FALSE,TRUE,"middle","left",FALSE,FALSE,TRUE,"middle","right",TRUE
"6678813aec86d687a654dedb","Phone",3,"Hair",4,"Zipper",4,"middle",FALSE,"middle",FALSE,52,FALSE,FALSE,TRUE,"right","left",TRUE,FALSE,FALSE,"middle","middle",FALSE
"55cce6ea34e90600058d1e6d","Tricycle",1,"Giraffe",3,"Bone",3,"left",FALSE,"left",FALSE,52,FALSE,TRUE,FALSE,"middle","middle",TRUE,FALSE,FALSE,"left","left",FALSE
"6658bba1a51a037d25bb677e","Tape",2,"Spaghetti",3,"Crown",3,"middle",FALSE,"right",FALSE,52,TRUE,FALSE,FALSE,"middle","left",FALSE,FALSE,TRUE,"right","middle",TRUE
"60f5df9db9380d875c320307","Chair",2,"Bracelet",5,"Potatoes",5,"right",FALSE,"middle",TRUE,52,FALSE,FALSE,TRUE,"middle","left",FALSE,FALSE,TRUE,"middle","right",FALSE
"63d5b810f3dbbd11e7e65870","Heart",2,"Candle",4,"Airplane",4,"right",FALSE,"left",TRUE,52,FALSE,FALSE,TRUE,"left","middle",FALSE,FALSE,TRUE,"left","right",FALSE
"66d1fdd400acfdbc181f41e0","Baby",1,"Comb",5,"Potatoes",5,"left",FALSE,"right",TRUE,52,FALSE,FALSE,TRUE,"right","middle",FALSE,FALSE,TRUE,"right","left",FALSE
"67b636c4ea38855cbb08ffe3","Wagon",5,"Carrots",5,"Ostrich",5,"left",FALSE,"middle",FALSE,52,TRUE,FALSE,FALSE,"left","middle",FALSE,TRUE,FALSE,"middle","left",FALSE
"5e1b795dc799223a3b447ada","Sheep",4,"Owl",3,"Taco",3,"middle",FALSE,"left",TRUE,52,FALSE,TRUE,FALSE,"left","left",FALSE,TRUE,FALSE,"left","middle",FALSE
"5c5cad3e4ee81200018eafe2","Wagon",1,"Lamp",1,"Shorts",1,"right",FALSE,"right",TRUE,52,TRUE,FALSE,FALSE,"right","middle",TRUE,FALSE,FALSE,"right","right",FALSE
"5bc5be2572df5f00014479f9","Pants",1,"Crown",2,"Peas",2,"middle",FALSE,"right",TRUE,52,FALSE,FALSE,TRUE,"right","left",FALSE,FALSE,TRUE,"right","middle",FALSE
"5f8f436e4676a71879786b95","Toes",2,"Marker",5,"Balls",5,"left",FALSE,"middle",TRUE,52,FALSE,FALSE,TRUE,"middle","right",FALSE,FALSE,TRUE,"middle","left",FALSE
"669053bbebafdd430e770142","Milk",4,"Vacuum",1,"Hair",1,"middle",FALSE,"left",FALSE,52,TRUE,FALSE,FALSE,"middle","left",FALSE,TRUE,FALSE,"left","middle",FALSE
"677419f93048c66d62d2bf87","Candy",5,"Bat",2,"Jacket",2,"left",FALSE,"right",TRUE,52,FALSE,FALSE,TRUE,"right","middle",FALSE,FALSE,TRUE,"right","left",FALSE
"574aff1b5bef980007af2745","Dinosaur",5,"Earring",3,"Blanket",3,"right",FALSE,"right",TRUE,52,TRUE,FALSE,FALSE,"right","middle",TRUE,FALSE,FALSE,"right","right",FALSE
"58404fd8ad98e40001ce915f","Cheese",3,"Earring",1,"Knee",1,"middle",FALSE,"left",TRUE,52,FALSE,TRUE,FALSE,"left","left",FALSE,TRUE,FALSE,"left","middle",FALSE
"5de8887aa2db898017debf1a","Can",1,"Hands",5,"Car",5,"middle",FALSE,"middle",TRUE,52,TRUE,FALSE,FALSE,"middle","right",TRUE,FALSE,FALSE,"middle","middle",FALSE
"59d949cf8fd07a000184247e","Chips",5,"Pillow",3,"Taco",3,"left",FALSE,"left",TRUE,52,TRUE,FALSE,FALSE,"left","middle",TRUE,FALSE,FALSE,"left","left",FALSE
"662945728093113a43ab8077","Bathtub",1,"Money",4,"Pear",4,"right",TRUE,"right",TRUE,52,TRUE,FALSE,FALSE,"right","left",TRUE,FALSE,FALSE,"right","right",TRUE
"676058418c08c71e4bb7cbd1","Puppets",2,"Toothpaste",1,"Circle",1,"left",FALSE,"left",FALSE,52,FALSE,FALSE,TRUE,"right","middle",TRUE,FALSE,FALSE,"left","left",TRUE
"6643d22289210a4edf21e84d","Glasses",2,"Ghost",4,"Stove",4,"right",FALSE,"middle",TRUE,52,FALSE,TRUE,FALSE,"middle","middle",FALSE,TRUE,FALSE,"middle","right",FALSE
"58954e2dc88c680001dd4b7e","Popcorn",5,"Bird",1,"Mailbox",1,"left",FALSE,"middle",FALSE,52,FALSE,FALSE,TRUE,"right","middle",FALSE,TRUE,FALSE,"middle","left",TRUE
"5b757a03976ecb0001b1168f","Clock",2,"Curtain",4,"Teapot",4,"left",FALSE,"middle",FALSE,52,FALSE,FALSE,TRUE,"right","middle",FALSE,TRUE,FALSE,"middle","left",FALSE
"681b781064a5701a5ceee3bc","Baby",2,"Head",3,"Pear",3,"right",TRUE,"right",TRUE,52,TRUE,FALSE,FALSE,"right","middle",TRUE,FALSE,FALSE,"right","right",TRUE
"6716c6700f376dc7f534af9d","Stairs",2,"Bubbles",3,"Car",3,"left",FALSE,"left",TRUE,52,TRUE,FALSE,FALSE,"left","middle",TRUE,FALSE,FALSE,"left","left",FALSE
"671a3ac3dada5efe6d439698","Zebra",4,"Drum",3,"Hat",3,"right",FALSE,"middle",TRUE,52,FALSE,TRUE,FALSE,"middle","middle",FALSE,TRUE,FALSE,"middle","right",FALSE
"676b89007874c8eace113276","Taco",2,"Hands",4,"Zipper",4,"right",FALSE,"middle",TRUE,52,FALSE,TRUE,FALSE,"middle","middle",FALSE,TRUE,FALSE,"middle","right",FALSE
"6825af939111d286546fdde6","Tie",1,"Tummy",5,"Circle",5,"middle",FALSE,"left",FALSE,52,TRUE,FALSE,FALSE,"middle","right",FALSE,FALSE,TRUE,"left","middle",FALSE
"67164c92298409e37c670b3d","Books",1,"Chalk",5,"Fingers",5,"middle",FALSE,"middle",TRUE,52,TRUE,FALSE,FALSE,"middle","left",TRUE,FALSE,FALSE,"middle","middle",FALSE
"682b3f63d0e2c4eff64fe664","Sheep",3,"Cookies",5,"Bandaid",5,"right",FALSE,"middle",TRUE,52,FALSE,FALSE,TRUE,"middle","left",FALSE,FALSE,TRUE,"middle","right",TRUE
"5d3695969749cc00165c222f","Hat",4,"Candle",5,"Barn",5,"left",FALSE,"middle",TRUE,52,FALSE,FALSE,TRUE,"middle","right",FALSE,FALSE,TRUE,"middle","left",TRUE
"664521e03117b782ed4fff45","Doughnut",4,"Nose",2,"Bowl",2,"middle",FALSE,"left",TRUE,52,FALSE,TRUE,FALSE,"left","left",FALSE,TRUE,FALSE,"left","middle",FALSE
"5f0db498f5e4e102c0f65b67","Pajamas",1,"Microphone",2,"Hoop",2,"middle",FALSE,"middle",FALSE,48,FALSE,FALSE,TRUE,"right","left",TRUE,FALSE,FALSE,"middle","middle",FALSE
"6773dea609f77d473900997a","Chips",3,"Tricycle",4,"Pencil",4,"right",FALSE,"left",FALSE,52,TRUE,FALSE,FALSE,"right","middle",FALSE,FALSE,TRUE,"left","right",TRUE
"637fcee60a8378c1c3a65898","Bead",2,"Slinky",3,"Button",3,"left",FALSE,"middle",FALSE,52,TRUE,FALSE,FALSE,"left","middle",FALSE,TRUE,FALSE,"middle","left",FALSE
"63f77a5dde1ea03305e119e0","Dolphin",5,"Fork",5,"Nest",5,"middle",FALSE,"left",TRUE,52,FALSE,FALSE,TRUE,"left","right",FALSE,FALSE,TRUE,"left","middle",FALSE
"5fbf90f025a567296d943c7e","Elbow",3,"Fire truck",4,"Hose",4,"right",FALSE,"left",TRUE,52,FALSE,FALSE,TRUE,"left","middle",FALSE,FALSE,TRUE,"left","right",FALSE
"636d6ce3fb3683ff33f9e514","Pig",1,"Pretzel",1,"Tape",1,"left",FALSE,"right",TRUE,52,FALSE,FALSE,TRUE,"right","middle",FALSE,FALSE,TRUE,"right","left",FALSE
"5af2a03697a14300017d2ba4","Pancakes",2,"Mirror",4,"Doughnut",4,"right",FALSE,"middle",TRUE,52,FALSE,TRUE,FALSE,"middle","middle",FALSE,TRUE,FALSE,"middle","right",FALSE
"60e3a25e8be835f754795d93","Spoon",5,"Shoes",3,"Tummy",3,"right",FALSE,"left",TRUE,52,FALSE,TRUE,FALSE,"left","left",FALSE,TRUE,FALSE,"left","right",TRUE
"66b5172c8f0bd3b23ce66c22","Toes",2,"Stove",3,"Shorts",3,"left",FALSE,"right",FALSE,53,TRUE,FALSE,FALSE,"left","right",FALSE,TRUE,FALSE,"right","left",FALSE
"5ba60abd9629a90001b36fdc","Tractor",3,"Princess",1,"Bananas",1,"right",TRUE,"right",TRUE,53,TRUE,FALSE,FALSE,"right","left",TRUE,FALSE,FALSE,"right","right",FALSE
"65dc99d0191a135ab835bf69","Umbrella",5,"Chopsticks",2,"Bug",2,"middle",FALSE,"left",TRUE,53,FALSE,FALSE,TRUE,"left","right",FALSE,FALSE,TRUE,"left","middle",FALSE
"60fe7bf61c7567f5cca9ade6","Underwear",3,"Fries",1,"Toilet",1,"middle",FALSE,"left",TRUE,53,FALSE,FALSE,TRUE,"left","right",FALSE,FALSE,TRUE,"left","middle",TRUE
"5c9d88bb2b3c77001744ec1c","Taco",4,"Stars",5,"Corn",5,"right",FALSE,"left",FALSE,53,FALSE,TRUE,FALSE,"middle","middle",FALSE,FALSE,TRUE,"left","right",FALSE
"5e283f576dbb560114ac7714","Shampoo",5,"Peas",5,"Motorcycle",5,"right",FALSE,"middle",TRUE,53,FALSE,FALSE,TRUE,"middle","left",FALSE,FALSE,TRUE,"middle","right",FALSE
"62e02b1ed5b0fbc1b1dc09e7","Pillow",2,"Tree",4,"Pen",4,"middle",FALSE,"left",FALSE,53,TRUE,FALSE,FALSE,"middle","right",FALSE,FALSE,TRUE,"left","middle",FALSE
"5ecf9b46617a9b3dd56b3fe3","Pants",5,"Train",3,"Candle",3,"left",FALSE,"middle",FALSE,53,TRUE,FALSE,FALSE,"left","right",FALSE,FALSE,TRUE,"middle","left",TRUE
"590b3401182caf0001ab5801","Comb",3,"Wheel",3,"Watch",3,"right",FALSE,"middle",TRUE,53,FALSE,FALSE,TRUE,"middle","left",FALSE,FALSE,TRUE,"middle","right",FALSE
"65c11389b0d2ba8e63cb8b22","Hanger",5,"Broom",5,"Puzzles",5,"right",FALSE,"right",FALSE,53,FALSE,TRUE,FALSE,"left","left",TRUE,FALSE,FALSE,"right","right",FALSE
"5d15160539eeea001683830c","Shovel",4,"Bridge",5,"Lamp",5,"right",FALSE,"middle",TRUE,53,FALSE,FALSE,TRUE,"middle","left",FALSE,FALSE,TRUE,"middle","right",FALSE
"6620b6a209127dafd5b2dfb9","Mirror",2,"Square",4,"Flashlight",4,"right",FALSE,"right",FALSE,53,FALSE,TRUE,FALSE,"middle","middle",TRUE,FALSE,FALSE,"right","right",FALSE
"56c65a5a305eaa0005f2a634","Crayons",5,"Head",3,"Skateboard",3,"right",FALSE,"right",FALSE,53,FALSE,FALSE,TRUE,"left","middle",TRUE,FALSE,FALSE,"right","right",FALSE
"59fb1518b47dfc0001b6659b","Net",1,"Sweater",3,"Tummy",3,"left",FALSE,"left",FALSE,53,FALSE,FALSE,TRUE,"right","middle",TRUE,FALSE,FALSE,"left","left",FALSE
"602c0fc2eff74b4748e9b41e","Sandals",1,"Hat",2,"Goal",2,"right",FALSE,"right",FALSE,53,FALSE,FALSE,TRUE,"middle","left",TRUE,FALSE,FALSE,"right","right",FALSE
"5bcc98d1db645700015222b5","Pan",1,"Newspaper",2,"Battery",2,"left",FALSE,"middle",TRUE,53,FALSE,FALSE,TRUE,"middle","right",FALSE,FALSE,TRUE,"middle","left",FALSE
"6773e6e6b205d22a2e097735","Baby",1,"Keys",5,"Stool",5,"right",FALSE,"middle",TRUE,53,FALSE,FALSE,TRUE,"middle","left",FALSE,FALSE,TRUE,"middle","right",FALSE
"67505c42a18c872bab88ed42","Mirror",3,"Rock",5,"Feather",5,"middle",FALSE,"middle",TRUE,53,TRUE,FALSE,FALSE,"middle","left",TRUE,FALSE,FALSE,"middle","middle",FALSE
"62a1e021702679d27813a3e2","Towels",2,"Window",1,"Bottle",1,"middle",FALSE,"right",TRUE,53,FALSE,FALSE,TRUE,"right","left",FALSE,FALSE,TRUE,"right","middle",FALSE
"639f294882a3797f77a3dd81","Marker",4,"Potatoes",2,"Sandals",2,"middle",FALSE,"left",FALSE,53,TRUE,FALSE,FALSE,"middle","left",FALSE,TRUE,FALSE,"left","middle",FALSE
"654bc148c95bca00d541ec33","Chair",2,"Toes",1,"Refrigerator",1,"middle",FALSE,"right",TRUE,53,FALSE,FALSE,TRUE,"right","left",FALSE,FALSE,TRUE,"right","middle",TRUE
"5d23460ad4c57900192b129c","Ladder",4,"Blanket",2,"Bat",2,"right",FALSE,"left",TRUE,53,FALSE,TRUE,FALSE,"left","left",FALSE,TRUE,FALSE,"left","right",FALSE
"67673cda94b4d0cf1a6a7382","Radio",3,"Washcloth",2,"Rope",2,"right",FALSE,"middle",FALSE,53,TRUE,FALSE,FALSE,"right","middle",FALSE,TRUE,FALSE,"middle","right",FALSE
"5c4f5967aac8be0001716a65","Frog",2,"Video Tape",5,"Cable",5,"middle",FALSE,"middle",TRUE,53,TRUE,FALSE,FALSE,"middle","left",TRUE,FALSE,FALSE,"middle","middle",FALSE
"67758c9a30d6819221153393","Truck",1,"Queen",3,"Glasses",3,"middle",FALSE,"middle",TRUE,53,TRUE,FALSE,FALSE,"middle","right",TRUE,FALSE,FALSE,"middle","middle",FALSE
"66b37344796f45313433abc8","Whistle",2,"Potatoes",1,"Ant",1,"right",FALSE,"middle",TRUE,53,FALSE,TRUE,FALSE,"middle","middle",FALSE,TRUE,FALSE,"middle","right",FALSE
"632096b5574155e8727c50cc","Lunch",2,"Pen",2,"TV",2,"left",FALSE,"left",FALSE,53,FALSE,FALSE,TRUE,"middle","right",TRUE,FALSE,FALSE,"left","left",FALSE
"66dcc0e54f44ccecf2730c76","Sticker",1,"Baby",4,"Horse",4,"right",FALSE,"right",TRUE,53,TRUE,FALSE,FALSE,"right","left",TRUE,FALSE,FALSE,"right","right",TRUE
"60fac7ec133b6bf250d6d668","Circle",5,"Net",3,"Pencil",3,"left",FALSE,"left",TRUE,53,TRUE,FALSE,FALSE,"left","right",TRUE,FALSE,FALSE,"left","left",FALSE
"5e459f61418f610891628564","Teapot",1,"Bean",1,"Blanket",1,"left",FALSE,"right",TRUE,53,FALSE,TRUE,FALSE,"right","right",FALSE,TRUE,FALSE,"right","left",FALSE
"5e89ec793c01b3685a00bb12","Tiger",1,"Hot Dog",3,"Pirate",3,"middle",FALSE,"middle",FALSE,53,FALSE,FALSE,TRUE,"right","left",TRUE,FALSE,FALSE,"middle","middle",FALSE
"631d197eba06364cbea7fab2","Toothpaste",1,"Snow",4,"Bead",4,"left",FALSE,"left",FALSE,53,FALSE,FALSE,TRUE,"right","middle",TRUE,FALSE,FALSE,"left","left",TRUE
"61656042f505fd7fa53e8628","Swimsuit",5,"Dresser",3,"Train",3,"middle",FALSE,"middle",TRUE,49,TRUE,FALSE,FALSE,"middle","left",TRUE,FALSE,FALSE,"middle","middle",FALSE
"66fd3f6c93c24ecc119be354","Bell",1,"Oranges",5,"Button",5,"middle",TRUE,"middle",TRUE,53,TRUE,FALSE,FALSE,"middle","left",TRUE,FALSE,FALSE,"middle","middle",TRUE
"5af1a4bc6e136b0001411714","Toes",2,"Jump rope",1,"Sunglasses",1,"right",FALSE,"left",TRUE,53,FALSE,FALSE,TRUE,"left","middle",FALSE,FALSE,TRUE,"left","right",FALSE
"60ed501279c68ea1a313d0aa","Sofa",1,"Puzzles",2,"Curtain",2,"middle",FALSE,"left",TRUE,53,FALSE,FALSE,TRUE,"left","right",FALSE,FALSE,TRUE,"left","middle",FALSE
"5bf2f728bd9f150001f6cc42","Bucket",1,"Clock",2,"Potatoes",2,"left",FALSE,"right",TRUE,53,FALSE,FALSE,TRUE,"right","middle",FALSE,FALSE,TRUE,"right","left",FALSE
"59a734ce0c87a000017481ed","Backpack",1,"Swimsuit",3,"Ear",3,"middle",FALSE,"middle",FALSE,53,FALSE,TRUE,FALSE,"right","right",TRUE,FALSE,FALSE,"middle","middle",FALSE
"615e420a23219efe3427a367","Pancakes",3,"Leaf",1,"Spoon",1,"left",FALSE,"left",TRUE,53,TRUE,FALSE,FALSE,"left","right",TRUE,FALSE,FALSE,"left","left",FALSE
"66b244a2f436437d3e109bbe","Popsicle",4,"Backpack",4,"Pizza",4,"left",FALSE,"middle",TRUE,53,FALSE,FALSE,TRUE,"middle","right",FALSE,FALSE,TRUE,"middle","left",TRUE
"5f1b05a8703c380d1393bb27","Rain",4,"Ant",4,"Crayons",4,"middle",FALSE,"right",FALSE,53,FALSE,FALSE,TRUE,"left","right",FALSE,TRUE,FALSE,"right","middle",FALSE
"6684497541f835bd67a199b2","Fingernail",1,"Bacon",3,"Pen",3,"right",FALSE,"right",TRUE,53,TRUE,FALSE,FALSE,"right","left",TRUE,FALSE,FALSE,"right","right",FALSE
"5eeddefa177a7322144cbc5e","Sticker",3,"Pan",1,"Tongue",1,"left",FALSE,"left",FALSE,53,FALSE,FALSE,TRUE,"right","middle",TRUE,FALSE,FALSE,"left","left",FALSE
"63ee9abfa262bea95766dd9c","Sticker",4,"Ostrich",4,"Shovel",4,"middle",FALSE,"right",TRUE,53,FALSE,FALSE,TRUE,"right","left",FALSE,FALSE,TRUE,"right","middle",TRUE
"66cfab152c56aa0472529001","Eggs",1,"Stars",3,"Fork",3,"right",FALSE,"middle",FALSE,53,TRUE,FALSE,FALSE,"right","middle",FALSE,TRUE,FALSE,"middle","right",TRUE
"6571fd9d691befe21fa61d18","Hammer",4,"Slinky",1,"Hot Dog",1,"middle",FALSE,"right",TRUE,53,FALSE,FALSE,TRUE,"right","left",FALSE,FALSE,TRUE,"right","middle",FALSE
"66312361cf5d4099e1330532","Napkin",1,"Glasses",1,"Plate",1,"left",FALSE,"right",TRUE,53,FALSE,TRUE,FALSE,"right","right",FALSE,TRUE,FALSE,"right","left",FALSE
"6722ea20fb84b196f0a649b6","Waffle",4,"Popcorn",2,"Goal",2,"right",FALSE,"left",TRUE,53,FALSE,TRUE,FALSE,"left","left",FALSE,TRUE,FALSE,"left","right",FALSE
"5ddce9f0f85b50c4fc1515a4","Spider",1,"Zebra",5,"Giraffe",5,"middle",FALSE,"middle",TRUE,53,TRUE,FALSE,FALSE,"middle","right",TRUE,FALSE,FALSE,"middle","middle",FALSE
"5c3bdbf548ad2900017fac31","Bag",2,"Wagon",2,"Yo-yo",2,"right",FALSE,"left",TRUE,53,FALSE,FALSE,TRUE,"left","middle",FALSE,FALSE,TRUE,"left","right",FALSE
"6844a1b95271dfc560af4709","Stamps",4,"Chips",5,"Bandaid",5,"middle",FALSE,"right",FALSE,53,TRUE,FALSE,FALSE,"middle","left",FALSE,FALSE,TRUE,"right","middle",FALSE
"5e121701dc79bd8a1a22ca99","Water",1,"Barn",5,"Butter",5,"right",FALSE,"middle",TRUE,49,FALSE,FALSE,TRUE,"middle","left",FALSE,FALSE,TRUE,"middle","right",FALSE
"616ef680ab8ca318a227f5ec","Rock",3,"Motorcycle",3,"Bagel",3,"left",FALSE,"left",TRUE,53,TRUE,FALSE,FALSE,"left","middle",TRUE,FALSE,FALSE,"left","left",FALSE
"66d9cd06e207a93377f7820e","Toilet",3,"Boots",4,"Shampoo",4,"right",FALSE,"right",FALSE,53,FALSE,FALSE,TRUE,"middle","left",TRUE,FALSE,FALSE,"right","right",TRUE
"5962a5b29955ee00015bce98","Iron",1,"Bandaid",3,"Lunch",3,"right",FALSE,"left",FALSE,53,TRUE,FALSE,FALSE,"right","middle",FALSE,FALSE,TRUE,"left","right",TRUE
"641384b3dffcf39ec42d3c23","Stamps",4,"Flashlight",1,"Skateboard",1,"middle",FALSE,"left",TRUE,53,FALSE,FALSE,TRUE,"left","right",FALSE,FALSE,TRUE,"left","middle",FALSE
"59692d61355b45000106c592","Window",3,"Potatoes",4,"Purse",4,"right",FALSE,"middle",TRUE,53,FALSE,TRUE,FALSE,"middle","middle",FALSE,TRUE,FALSE,"middle","right",FALSE
"5dd05d80b2204f1487f7812c","Box",3,"Cheese",5,"Rabbit",5,"right",FALSE,"middle",TRUE,53,FALSE,TRUE,FALSE,"middle","middle",FALSE,TRUE,FALSE,"middle","right",FALSE
"6321d9c78e8e3c04f82a0ea0","Clock",4,"Hamburger",2,"Movie",2,"middle",FALSE,"right",TRUE,53,FALSE,FALSE,TRUE,"right","left",FALSE,FALSE,TRUE,"right","middle",FALSE
"632d189d6b8f03d0d3db4c48","Soda",2,"Chicken",3,"Horse",3,"middle",FALSE,"middle",TRUE,53,TRUE,FALSE,FALSE,"middle","right",TRUE,FALSE,FALSE,"middle","middle",TRUE
"63b3377ca1ccdfc7cc567503","Rice",2,"Rain",1,"Scissors",1,"right",FALSE,"right",FALSE,53,FALSE,TRUE,FALSE,"left","left",TRUE,FALSE,FALSE,"right","right",TRUE
"6678813aec86d687a654dedb","Stool",2,"Pajamas",3,"Mouth",3,"middle",FALSE,"right",FALSE,53,FALSE,TRUE,FALSE,"left","left",FALSE,FALSE,TRUE,"right","middle",FALSE
"55cce6ea34e90600058d1e6d","Hips",5,"Cup",1,"Whistle",1,"right",FALSE,"right",FALSE,53,FALSE,TRUE,FALSE,"middle","middle",TRUE,FALSE,FALSE,"right","right",FALSE
"6658bba1a51a037d25bb677e","Coloring Book",3,"Bed",4,"Toy",4,"middle",FALSE,"right",TRUE,53,FALSE,FALSE,TRUE,"right","left",FALSE,FALSE,TRUE,"right","middle",TRUE
"60f5df9db9380d875c320307","Sofa",4,"Pajamas",2,"Iron",2,"middle",FALSE,"middle",FALSE,53,FALSE,FALSE,TRUE,"right","left",TRUE,FALSE,FALSE,"middle","middle",FALSE
"63d5b810f3dbbd11e7e65870","Pie",4,"Stick",2,"Balloons",2,"left",FALSE,"right",TRUE,53,FALSE,FALSE,TRUE,"right","middle",FALSE,FALSE,TRUE,"right","left",FALSE
"66d1fdd400acfdbc181f41e0","Rain",2,"Watch",4,"Curtain",4,"left",FALSE,"right",TRUE,53,FALSE,FALSE,TRUE,"right","middle",FALSE,FALSE,TRUE,"right","left",FALSE
"67b636c4ea38855cbb08ffe3","Necklace",5,"Cupcake",1,"Pie",1,"left",FALSE,"left",FALSE,53,FALSE,FALSE,TRUE,"right","middle",TRUE,FALSE,FALSE,"left","left",FALSE
"5e1b795dc799223a3b447ada","Shovel",3,"Balloons",5,"Brush",5,"middle",FALSE,"right",FALSE,53,TRUE,FALSE,FALSE,"middle","left",FALSE,FALSE,TRUE,"right","middle",FALSE
"5c5cad3e4ee81200018eafe2","Turtle",2,"Fork",3,"Cable",3,"right",FALSE,"right",TRUE,53,TRUE,FALSE,FALSE,"right","middle",TRUE,FALSE,FALSE,"right","right",FALSE
"5bc5be2572df5f00014479f9","Skateboard",5,"Owl",3,"Mailbox",3,"middle",FALSE,"right",FALSE,53,TRUE,FALSE,FALSE,"middle","left",FALSE,FALSE,TRUE,"right","middle",FALSE
"5f8f436e4676a71879786b95","Shovel",2,"Shorts",2,"Meat",2,"middle",FALSE,"right",FALSE,53,FALSE,FALSE,TRUE,"left","right",FALSE,TRUE,FALSE,"right","middle",FALSE
"669053bbebafdd430e770142","Car",4,"Rock",1,"CD",1,"right",FALSE,"middle",TRUE,53,FALSE,FALSE,TRUE,"middle","left",FALSE,FALSE,TRUE,"middle","right",FALSE
"677419f93048c66d62d2bf87","Hanger",5,"Horse",4,"Tiger",4,"left",FALSE,"left",TRUE,53,TRUE,FALSE,FALSE,"left","middle",TRUE,FALSE,FALSE,"left","left",FALSE
"574aff1b5bef980007af2745","Fence",5,"Curtain",3,"Meat",3,"right",FALSE,"left",TRUE,53,FALSE,FALSE,TRUE,"left","middle",FALSE,FALSE,TRUE,"left","right",FALSE
"58404fd8ad98e40001ce915f","Pool",4,"Pizza",4,"Cherry",4,"right",TRUE,"right",TRUE,53,TRUE,FALSE,FALSE,"right","left",TRUE,FALSE,FALSE,"right","right",FALSE
"5de8887aa2db898017debf1a","Sofa",5,"Keys",1,"Duck",1,"middle",FALSE,"left",TRUE,53,FALSE,FALSE,TRUE,"left","right",FALSE,FALSE,TRUE,"left","middle",FALSE
"59d949cf8fd07a000184247e","Lunch",2,"Bracelet",3,"Pie",3,"right",FALSE,"middle",TRUE,53,FALSE,TRUE,FALSE,"middle","middle",FALSE,TRUE,FALSE,"middle","right",FALSE
"662945728093113a43ab8077","Bagel",4,"Sand",4,"Dolphin",4,"middle",FALSE,"right",FALSE,53,TRUE,FALSE,FALSE,"middle","left",FALSE,FALSE,TRUE,"right","middle",TRUE
"676058418c08c71e4bb7cbd1","Motorcycle",3,"Stove",4,"Hammer",4,"right",FALSE,"right",TRUE,53,TRUE,FALSE,FALSE,"right","middle",TRUE,FALSE,FALSE,"right","right",TRUE
"6643d22289210a4edf21e84d","House",4,"Fingernail",1,"Money",1,"right",FALSE,"left",TRUE,53,FALSE,FALSE,TRUE,"left","middle",FALSE,FALSE,TRUE,"left","right",FALSE
"58954e2dc88c680001dd4b7e","Bag",5,"Pajamas",5,"Fingers",5,"right",FALSE,"left",TRUE,53,FALSE,FALSE,TRUE,"left","middle",FALSE,FALSE,TRUE,"left","right",TRUE
"5b757a03976ecb0001b1168f","Wagon",1,"Snake",4,"Airplane",4,"left",FALSE,"left",TRUE,53,TRUE,FALSE,FALSE,"left","middle",TRUE,FALSE,FALSE,"left","left",FALSE
"681b781064a5701a5ceee3bc","Knee",3,"Pajamas",1,"Fence",1,"right",FALSE,"left",TRUE,53,FALSE,FALSE,TRUE,"left","middle",FALSE,FALSE,TRUE,"left","right",TRUE
"6716c6700f376dc7f534af9d","Bagel",4,"Boat",1,"Rock",1,"right",FALSE,"right",FALSE,53,FALSE,FALSE,TRUE,"left","middle",TRUE,FALSE,FALSE,"right","right",FALSE
"671a3ac3dada5efe6d439698","Wing",2,"Bread",4,"Earring",4,"right",FALSE,"right",TRUE,53,TRUE,FALSE,FALSE,"right","middle",TRUE,FALSE,FALSE,"right","right",FALSE
"676b89007874c8eace113276","Teeth",5,"Pan",3,"Newspaper",3,"left",FALSE,"left",TRUE,53,TRUE,FALSE,FALSE,"left","middle",TRUE,FALSE,FALSE,"left","left",FALSE
"6825af939111d286546fdde6","Elbow",5,"Pancakes",5,"Pig",5,"left",FALSE,"middle",TRUE,53,FALSE,FALSE,TRUE,"middle","right",FALSE,FALSE,TRUE,"middle","left",FALSE
"67164c92298409e37c670b3d","Wheel",1,"Grass",4,"Toy",4,"middle",FALSE,"right",TRUE,53,FALSE,FALSE,TRUE,"right","left",FALSE,FALSE,TRUE,"right","middle",FALSE
"682b3f63d0e2c4eff64fe664","Circle",4,"Bottle",1,"Pants",1,"middle",FALSE,"middle",FALSE,53,FALSE,FALSE,TRUE,"right","left",TRUE,FALSE,FALSE,"middle","middle",TRUE
"5d3695969749cc00165c222f","Pancakes",2,"Circle",3,"Doughnut",3,"middle",FALSE,"right",TRUE,53,FALSE,TRUE,FALSE,"right","right",FALSE,TRUE,FALSE,"right","middle",TRUE
"664521e03117b782ed4fff45","Pants",3,"Cupcake",5,"Bus",5,"middle",FALSE,"middle",TRUE,53,TRUE,FALSE,FALSE,"middle","left",TRUE,FALSE,FALSE,"middle","middle",FALSE
"5f0db498f5e4e102c0f65b67","Pot",4,"Blocks",3,"Spoon",3,"middle",FALSE,"left",FALSE,49,TRUE,FALSE,FALSE,"middle","left",FALSE,TRUE,FALSE,"left","middle",FALSE
"6773dea609f77d473900997a","Hose",5,"Arm",2,"Pillow",2,"right",FALSE,"left",TRUE,53,FALSE,FALSE,TRUE,"left","middle",FALSE,FALSE,TRUE,"left","right",TRUE
"637fcee60a8378c1c3a65898","Fire",2,"Hammer",4,"Popcorn",4,"right",FALSE,"middle",FALSE,53,FALSE,FALSE,TRUE,"left","middle",FALSE,TRUE,FALSE,"middle","right",FALSE
"63f77a5dde1ea03305e119e0","Bike",2,"Gorilla",4,"Doughnut",4,"left",FALSE,"middle",TRUE,53,FALSE,FALSE,TRUE,"middle","right",FALSE,FALSE,TRUE,"middle","left",FALSE
"5fbf90f025a567296d943c7e","Bee",3,"Hips",1,"Cupcake",1,"left",FALSE,"left",FALSE,53,FALSE,FALSE,TRUE,"right","middle",TRUE,FALSE,FALSE,"left","left",FALSE
"636d6ce3fb3683ff33f9e514","Newspaper",5,"Wagon",1,"TV",1,"left",FALSE,"left",FALSE,53,FALSE,FALSE,TRUE,"right","middle",TRUE,FALSE,FALSE,"left","left",FALSE
"5af2a03697a14300017d2ba4","Tractor",1,"Milk",5,"Keys",5,"right",FALSE,"middle",TRUE,53,FALSE,TRUE,FALSE,"middle","middle",FALSE,TRUE,FALSE,"middle","right",FALSE
"60e3a25e8be835f754795d93","Hoop",4,"Truck",3,"Fly",3,"right",FALSE,"left",FALSE,53,TRUE,FALSE,FALSE,"right","left",FALSE,TRUE,FALSE,"left","right",TRUE
"66b5172c8f0bd3b23ce66c22","Spaghetti",2,"Knife",2,"Crackers",2,"left",FALSE,"middle",TRUE,54,FALSE,FALSE,TRUE,"middle","right",FALSE,FALSE,TRUE,"middle","left",FALSE
"5ba60abd9629a90001b36fdc","Crayons",5,"Cheese",4,"Drum",4,"right",FALSE,"middle",FALSE,54,TRUE,FALSE,FALSE,"right","left",FALSE,FALSE,TRUE,"middle","right",FALSE
"65dc99d0191a135ab835bf69","Video Tape",3,"Owl",5,"Bridge",5,"middle",FALSE,"middle",TRUE,54,TRUE,FALSE,FALSE,"middle","right",TRUE,FALSE,FALSE,"middle","middle",FALSE
"60fe7bf61c7567f5cca9ade6","Bandaid",1,"Sunglasses",3,"Radio",3,"left",FALSE,"left",TRUE,54,TRUE,FALSE,FALSE,"left","right",TRUE,FALSE,FALSE,"left","left",TRUE
"5c9d88bb2b3c77001744ec1c","Fly",2,"Tree",4,"Horse",4,"right",FALSE,"middle",TRUE,54,FALSE,TRUE,FALSE,"middle","middle",FALSE,TRUE,FALSE,"middle","right",FALSE
"5e283f576dbb560114ac7714","Computer",2,"Cat",3,"Stars",3,"right",FALSE,"middle",FALSE,54,FALSE,TRUE,FALSE,"left","left",FALSE,FALSE,TRUE,"middle","right",FALSE
"62e02b1ed5b0fbc1b1dc09e7","Lunch",1,"Chair",3,"Butterfly",3,"left",FALSE,"middle",FALSE,54,TRUE,FALSE,FALSE,"left","right",FALSE,FALSE,TRUE,"middle","left",FALSE
"5ecf9b46617a9b3dd56b3fe3","Sink",2,"Fingers",3,"Ladder",3,"left",FALSE,"middle",TRUE,54,FALSE,FALSE,TRUE,"middle","right",FALSE,FALSE,TRUE,"middle","left",TRUE
"590b3401182caf0001ab5801","Cat",4,"Envelope",1,"Cake",1,"middle",FALSE,"right",TRUE,54,FALSE,FALSE,TRUE,"right","left",FALSE,FALSE,TRUE,"right","middle",FALSE
"65c11389b0d2ba8e63cb8b22","Fly",1,"Fries",4,"Stove",4,"right",FALSE,"right",TRUE,54,TRUE,FALSE,FALSE,"right","left",TRUE,FALSE,FALSE,"right","right",FALSE
"5d15160539eeea001683830c","Washcloth",4,"Yogurt",2,"Truck",2,"middle",FALSE,"right",TRUE,54,FALSE,FALSE,TRUE,"right","left",FALSE,FALSE,TRUE,"right","middle",FALSE
"6620b6a209127dafd5b2dfb9","Helicopter",2,"Rabbit",2,"Ostrich",2,"left",FALSE,"right",TRUE,54,FALSE,FALSE,TRUE,"right","middle",FALSE,FALSE,TRUE,"right","left",FALSE
"56c65a5a305eaa0005f2a634","Plate",2,"Pancakes",2,"TV",2,"right",FALSE,"middle",FALSE,54,TRUE,FALSE,FALSE,"right","middle",FALSE,TRUE,FALSE,"middle","right",FALSE
"59fb1518b47dfc0001b6659b","Tie",2,"Toothbrush",2,"Zipper",2,"right",FALSE,"middle",TRUE,54,FALSE,TRUE,FALSE,"middle","middle",FALSE,TRUE,FALSE,"middle","right",FALSE
"602c0fc2eff74b4748e9b41e","Bucket",1,"Wheel",5,"Flower",5,"right",FALSE,"middle",FALSE,54,TRUE,FALSE,FALSE,"right","left",FALSE,FALSE,TRUE,"middle","right",FALSE
"5bcc98d1db645700015222b5","Car",2,"Duck",3,"Pillow",3,"left",FALSE,"middle",TRUE,54,FALSE,FALSE,TRUE,"middle","right",FALSE,FALSE,TRUE,"middle","left",FALSE
"6773e6e6b205d22a2e097735","Flower",1,"Train",4,"Grass",4,"right",FALSE,"middle",TRUE,54,FALSE,FALSE,TRUE,"middle","left",FALSE,FALSE,TRUE,"middle","right",FALSE
"67505c42a18c872bab88ed42","Bed",3,"Soap",3,"Belt",3,"right",FALSE,"left",FALSE,54,FALSE,FALSE,TRUE,"middle","left",FALSE,TRUE,FALSE,"left","right",FALSE
"62a1e021702679d27813a3e2","Scissors",4,"Lizard",5,"Bear",5,"middle",FALSE,"middle",TRUE,54,TRUE,FALSE,FALSE,"middle","left",TRUE,FALSE,FALSE,"middle","middle",FALSE
"639f294882a3797f77a3dd81","Crayons",3,"Ankle",5,"Pretzel",5,"middle",FALSE,"middle",FALSE,54,FALSE,FALSE,TRUE,"right","left",TRUE,FALSE,FALSE,"middle","middle",FALSE
"654bc148c95bca00d541ec33","Elephant",4,"Puzzles",2,"Cupcake",2,"right",FALSE,"right",TRUE,54,TRUE,FALSE,FALSE,"right","left",TRUE,FALSE,FALSE,"right","right",TRUE
"5d23460ad4c57900192b129c","Bridge",1,"CD",3,"Bread",3,"middle",FALSE,"middle",TRUE,54,TRUE,FALSE,FALSE,"middle","left",TRUE,FALSE,FALSE,"middle","middle",FALSE
"67673cda94b4d0cf1a6a7382","TV",1,"Hat",1,"Horse",1,"left",FALSE,"middle",FALSE,54,TRUE,FALSE,FALSE,"left","middle",FALSE,TRUE,FALSE,"middle","left",FALSE
"5c4f5967aac8be0001716a65","Teddy Bear",4,"Arm",4,"Moon",4,"middle",FALSE,"left",TRUE,54,FALSE,TRUE,FALSE,"left","left",FALSE,TRUE,FALSE,"left","middle",FALSE
"67758c9a30d6819221153393","Eyes",4,"Water",5,"Computer",5,"middle",FALSE,"middle",TRUE,54,TRUE,FALSE,FALSE,"middle","right",TRUE,FALSE,FALSE,"middle","middle",FALSE
"66b37344796f45313433abc8","Grapes",1,"Shoulders",2,"Pancakes",2,"left",TRUE,"left",TRUE,54,TRUE,FALSE,FALSE,"left","middle",TRUE,FALSE,FALSE,"left","left",FALSE
"632096b5574155e8727c50cc","Fingers",4,"Ghost",4,"Bear",4,"middle",FALSE,"middle",TRUE,54,TRUE,FALSE,FALSE,"middle","right",TRUE,FALSE,FALSE,"middle","middle",FALSE
"66dcc0e54f44ccecf2730c76","Video Tape",1,"Leaf",5,"Bus",5,"middle",FALSE,"right",FALSE,54,TRUE,FALSE,FALSE,"middle","left",FALSE,FALSE,TRUE,"right","middle",TRUE
"60fac7ec133b6bf250d6d668","Heart",4,"Monkey",1,"Bat",1,"left",FALSE,"left",TRUE,54,TRUE,FALSE,FALSE,"left","right",TRUE,FALSE,FALSE,"left","left",FALSE
"5e459f61418f610891628564","Fish",1,"Curtain",4,"Pirate",4,"middle",FALSE,"right",FALSE,54,TRUE,FALSE,FALSE,"middle","right",FALSE,TRUE,FALSE,"right","middle",FALSE
"5e89ec793c01b3685a00bb12","Pretzel",4,"Bell",2,"Computer",2,"right",FALSE,"left",FALSE,54,TRUE,FALSE,FALSE,"right","left",FALSE,TRUE,FALSE,"left","right",FALSE
"631d197eba06364cbea7fab2","Squirrel",3,"Socks",5,"Bed",5,"right",FALSE,"right",FALSE,54,FALSE,FALSE,TRUE,"left","middle",TRUE,FALSE,FALSE,"right","right",TRUE
"61656042f505fd7fa53e8628","Necklace",2,"Elbow",5,"Earring",5,"right",FALSE,"middle",TRUE,50,FALSE,FALSE,TRUE,"middle","left",FALSE,FALSE,TRUE,"middle","right",FALSE
"66fd3f6c93c24ecc119be354","Spiderweb",4,"Umbrella",3,"Coloring Book",3,"middle",FALSE,"right",TRUE,54,FALSE,FALSE,TRUE,"right","left",FALSE,FALSE,TRUE,"right","middle",TRUE
"5af1a4bc6e136b0001411714","Money",4,"Cow",4,"Spoon",4,"left",FALSE,"left",TRUE,54,TRUE,FALSE,FALSE,"left","middle",TRUE,FALSE,FALSE,"left","left",FALSE
"60ed501279c68ea1a313d0aa","Toilet",3,"Octopus",1,"Waffle",1,"left",FALSE,"middle",TRUE,54,FALSE,FALSE,TRUE,"middle","right",FALSE,FALSE,TRUE,"middle","left",FALSE
"5bf2f728bd9f150001f6cc42","Hips",5,"Keys",2,"Bottle",2,"left",FALSE,"left",TRUE,54,TRUE,FALSE,FALSE,"left","middle",TRUE,FALSE,FALSE,"left","left",FALSE
"59a734ce0c87a000017481ed","Mouth",2,"Fly",2,"Bubbles",2,"middle",FALSE,"right",FALSE,54,TRUE,FALSE,FALSE,"middle","right",FALSE,TRUE,FALSE,"right","middle",FALSE
"615e420a23219efe3427a367","Spaghetti",4,"Lunch",4,"Rice",4,"left",FALSE,"middle",FALSE,54,FALSE,TRUE,FALSE,"right","right",FALSE,FALSE,TRUE,"middle","left",FALSE
"66b244a2f436437d3e109bbe","Ankle",1,"Teeth",2,"Turtle",2,"left",FALSE,"middle",TRUE,54,FALSE,FALSE,TRUE,"middle","right",FALSE,FALSE,TRUE,"middle","left",TRUE
"5f1b05a8703c380d1393bb27","Iron",5,"Bead",2,"Tricycle",2,"middle",FALSE,"middle",TRUE,54,TRUE,FALSE,FALSE,"middle","right",TRUE,FALSE,FALSE,"middle","middle",FALSE
"6684497541f835bd67a199b2","Car",4,"Cereal",3,"Barn",3,"middle",FALSE,"right",TRUE,54,FALSE,FALSE,TRUE,"right","left",FALSE,FALSE,TRUE,"right","middle",FALSE
"5eeddefa177a7322144cbc5e","Frog",2,"Window",4,"Owl",4,"right",FALSE,"right",TRUE,54,TRUE,FALSE,FALSE,"right","middle",TRUE,FALSE,FALSE,"right","right",FALSE
"63ee9abfa262bea95766dd9c","Button",3,"Princess",5,"Crown",5,"middle",FALSE,"right",FALSE,54,TRUE,FALSE,FALSE,"middle","left",FALSE,FALSE,TRUE,"right","middle",TRUE
"66cfab152c56aa0472529001","Button",1,"Bus",3,"Owl",3,"left",FALSE,"right",TRUE,54,FALSE,FALSE,TRUE,"right","middle",FALSE,FALSE,TRUE,"right","left",TRUE
"6571fd9d691befe21fa61d18","Squirrel",5,"Popsicle",5,"Computer",5,"middle",FALSE,"middle",TRUE,54,TRUE,FALSE,FALSE,"middle","left",TRUE,FALSE,FALSE,"middle","middle",FALSE
"66312361cf5d4099e1330532","Bear",4,"Train",1,"Crayons",1,"middle",FALSE,"left",TRUE,54,FALSE,FALSE,TRUE,"left","right",FALSE,FALSE,TRUE,"left","middle",FALSE
"6722ea20fb84b196f0a649b6","Battery",3,"Flashlight",4,"Soap",4,"middle",FALSE,"middle",FALSE,54,FALSE,FALSE,TRUE,"right","left",TRUE,FALSE,FALSE,"middle","middle",FALSE
"5ddce9f0f85b50c4fc1515a4","Cherry",1,"Net",1,"Shorts",1,"left",TRUE,"left",TRUE,54,TRUE,FALSE,FALSE,"left","right",TRUE,FALSE,FALSE,"left","left",FALSE
"5c3bdbf548ad2900017fac31","Puppets",3,"Bathtub",4,"Leg",4,"left",FALSE,"middle",TRUE,54,FALSE,TRUE,FALSE,"middle","middle",FALSE,TRUE,FALSE,"middle","left",FALSE
"6844a1b95271dfc560af4709","Glasses",5,"Sun",3,"Crown",3,"middle",FALSE,"middle",FALSE,54,FALSE,TRUE,FALSE,"left","left",TRUE,FALSE,FALSE,"middle","middle",FALSE
"5e121701dc79bd8a1a22ca99","Lizard",3,"Rope",1,"Bridge",1,"right",FALSE,"right",TRUE,50,TRUE,FALSE,FALSE,"right","left",TRUE,FALSE,FALSE,"right","right",FALSE
"616ef680ab8ca318a227f5ec","Magazine",1,"Mirror",5,"Sheep",5,"left",FALSE,"right",TRUE,54,FALSE,FALSE,TRUE,"right","middle",FALSE,FALSE,TRUE,"right","left",FALSE
"66d9cd06e207a93377f7820e","Bubbles",4,"Soap",3,"Hammer",3,"middle",FALSE,"middle",TRUE,54,TRUE,FALSE,FALSE,"middle","left",TRUE,FALSE,FALSE,"middle","middle",TRUE
"5962a5b29955ee00015bce98","Wagon",3,"Bagel",3,"Pillow",3,"left",FALSE,"right",FALSE,54,FALSE,TRUE,FALSE,"middle","middle",FALSE,FALSE,TRUE,"right","left",TRUE
"641384b3dffcf39ec42d3c23","Mountain",1,"Hair",3,"Fire",3,"left",FALSE,"left",TRUE,54,TRUE,FALSE,FALSE,"left","right",TRUE,FALSE,FALSE,"left","left",FALSE
"59692d61355b45000106c592","Soda",5,"Squirrel",3,"Gorilla",3,"right",FALSE,"left",TRUE,54,FALSE,FALSE,TRUE,"left","middle",FALSE,FALSE,TRUE,"left","right",FALSE
"5dd05d80b2204f1487f7812c","Octopus",4,"Bottle",4,"Tongue",4,"left",FALSE,"left",TRUE,54,TRUE,FALSE,FALSE,"left","middle",TRUE,FALSE,FALSE,"left","left",FALSE
"6321d9c78e8e3c04f82a0ea0","Bike",2,"Tree",3,"Spider",3,"middle",FALSE,"right",TRUE,54,FALSE,FALSE,TRUE,"right","left",FALSE,FALSE,TRUE,"right","middle",FALSE
"632d189d6b8f03d0d3db4c48","Tiger",5,"Pool",1,"Candy",1,"middle",FALSE,"left",TRUE,54,FALSE,FALSE,TRUE,"left","right",FALSE,FALSE,TRUE,"left","middle",TRUE
"63b3377ca1ccdfc7cc567503","Lion",2,"Window",1,"Mirror",1,"right",FALSE,"middle",FALSE,54,FALSE,TRUE,FALSE,"left","left",FALSE,FALSE,TRUE,"middle","right",TRUE
"6678813aec86d687a654dedb","Glue",3,"Necklace",1,"Crackers",1,"right",FALSE,"left",FALSE,54,TRUE,FALSE,FALSE,"right","left",FALSE,TRUE,FALSE,"left","right",FALSE
"55cce6ea34e90600058d1e6d","Cereal",1,"Hair",1,"Glue",1,"right",FALSE,"left",FALSE,54,TRUE,FALSE,FALSE,"right","middle",FALSE,FALSE,TRUE,"left","right",FALSE
"6658bba1a51a037d25bb677e","Pancakes",1,"Plate",4,"Pear",4,"right",TRUE,"right",TRUE,54,TRUE,FALSE,FALSE,"right","left",TRUE,FALSE,FALSE,"right","right",TRUE
"60f5df9db9380d875c320307","Corn",4,"Button",5,"Shoes",5,"middle",FALSE,"right",FALSE,54,TRUE,FALSE,FALSE,"middle","left",FALSE,FALSE,TRUE,"right","middle",FALSE
"63d5b810f3dbbd11e7e65870","Pool",5,"Computer",5,"Candy",5,"left",FALSE,"right",FALSE,54,TRUE,FALSE,FALSE,"left","middle",FALSE,FALSE,TRUE,"right","left",FALSE
"66d1fdd400acfdbc181f41e0","Cookies",3,"Barn",1,"Ear",1,"left",FALSE,"left",TRUE,54,TRUE,FALSE,FALSE,"left","middle",TRUE,FALSE,FALSE,"left","left",FALSE
"67b636c4ea38855cbb08ffe3","Battery",1,"Ant",2,"Monkey",2,"right",FALSE,"right",FALSE,54,FALSE,FALSE,TRUE,"left","middle",TRUE,FALSE,FALSE,"right","right",FALSE
"5e1b795dc799223a3b447ada","Tongue",2,"Princess",5,"Butterfly",5,"middle",FALSE,"middle",FALSE,54,FALSE,FALSE,TRUE,"right","left",TRUE,FALSE,FALSE,"middle","middle",FALSE
"5c5cad3e4ee81200018eafe2","Vacuum",2,"Swimsuit",4,"Giraffe",4,"left",FALSE,"middle",TRUE,54,FALSE,TRUE,FALSE,"middle","middle",FALSE,TRUE,FALSE,"middle","left",FALSE
"5bc5be2572df5f00014479f9","Shorts",2,"Drum",3,"Goal",3,"right",FALSE,"middle",FALSE,54,TRUE,FALSE,FALSE,"right","left",FALSE,FALSE,TRUE,"middle","right",FALSE
"5f8f436e4676a71879786b95","Knife",2,"Bean",3,"Cow",3,"middle",FALSE,"middle",TRUE,54,TRUE,FALSE,FALSE,"middle","right",TRUE,FALSE,FALSE,"middle","middle",FALSE
"669053bbebafdd430e770142","Clown",2,"Crayons",1,"Underwear",1,"middle",FALSE,"right",TRUE,54,FALSE,FALSE,TRUE,"right","left",FALSE,FALSE,TRUE,"right","middle",FALSE
"677419f93048c66d62d2bf87","Wagon",3,"Mailbox",5,"Can",5,"right",FALSE,"middle",TRUE,54,FALSE,TRUE,FALSE,"middle","middle",FALSE,TRUE,FALSE,"middle","right",FALSE
"574aff1b5bef980007af2745","Dress",4,"Rock",1,"Bean",1,"right",FALSE,"left",TRUE,54,FALSE,FALSE,TRUE,"left","middle",FALSE,FALSE,TRUE,"left","right",FALSE
"58404fd8ad98e40001ce915f","Pot",1,"Magazine",5,"Doughnut",5,"right",FALSE,"right",TRUE,54,TRUE,FALSE,FALSE,"right","left",TRUE,FALSE,FALSE,"right","right",FALSE
"5de8887aa2db898017debf1a","Bug",4,"Fire truck",4,"Refrigerator",4,"left",FALSE,"middle",TRUE,54,FALSE,FALSE,TRUE,"middle","right",FALSE,FALSE,TRUE,"middle","left",FALSE
"59d949cf8fd07a000184247e","Fence",1,"Curtain",3,"Barn",3,"left",FALSE,"middle",TRUE,54,FALSE,TRUE,FALSE,"middle","middle",FALSE,TRUE,FALSE,"middle","left",FALSE
"662945728093113a43ab8077","Dog",5,"Refrigerator",5,"Corn",5,"middle",FALSE,"right",FALSE,54,TRUE,FALSE,FALSE,"middle","left",FALSE,FALSE,TRUE,"right","middle",TRUE
"676058418c08c71e4bb7cbd1","Bacon",4,"Jacket",5,"Lion",5,"left",FALSE,"right",TRUE,54,FALSE,FALSE,TRUE,"right","middle",FALSE,FALSE,TRUE,"right","left",TRUE
"6643d22289210a4edf21e84d","Hoop",1,"Pillow",4,"Pen",4,"right",FALSE,"middle",TRUE,54,FALSE,TRUE,FALSE,"middle","middle",FALSE,TRUE,FALSE,"middle","right",FALSE
"58954e2dc88c680001dd4b7e","Bracelet",5,"Zipper",3,"Motorcycle",3,"left",FALSE,"left",FALSE,54,FALSE,FALSE,TRUE,"right","middle",TRUE,FALSE,FALSE,"left","left",TRUE
"5b757a03976ecb0001b1168f","Rainbow",5,"Envelope",5,"Ankle",5,"left",FALSE,"left",FALSE,54,FALSE,FALSE,TRUE,"right","middle",TRUE,FALSE,FALSE,"left","left",FALSE
"681b781064a5701a5ceee3bc","Feet",2,"Owl",4,"Bone",4,"right",FALSE,"right",TRUE,54,TRUE,FALSE,FALSE,"right","middle",TRUE,FALSE,FALSE,"right","right",TRUE
"6716c6700f376dc7f534af9d","Butterfly",4,"Soap",2,"Doughnut",2,"right",FALSE,"right",TRUE,54,TRUE,FALSE,FALSE,"right","middle",TRUE,FALSE,FALSE,"right","right",FALSE
"671a3ac3dada5efe6d439698","Hose",5,"Bag",4,"Sticker",4,"right",FALSE,"right",FALSE,54,FALSE,TRUE,FALSE,"middle","middle",TRUE,FALSE,FALSE,"right","right",FALSE
"676b89007874c8eace113276","Stairs",3,"Keys",3,"Pirate",3,"left",FALSE,"right",TRUE,54,FALSE,FALSE,TRUE,"right","middle",FALSE,FALSE,TRUE,"right","left",FALSE
"6825af939111d286546fdde6","Fish",3,"Fingers",4,"Dinosaur",4,"left",FALSE,"left",TRUE,54,TRUE,FALSE,FALSE,"left","right",TRUE,FALSE,FALSE,"left","left",FALSE
"67164c92298409e37c670b3d","Tree",2,"Glasses",2,"Hair",2,"right",FALSE,"right",TRUE,54,TRUE,FALSE,FALSE,"right","left",TRUE,FALSE,FALSE,"right","right",FALSE
"682b3f63d0e2c4eff64fe664","Leaf",2,"Mouth",3,"Dinosaur",3,"right",FALSE,"middle",TRUE,54,FALSE,FALSE,TRUE,"middle","left",FALSE,FALSE,TRUE,"middle","right",TRUE
"5d3695969749cc00165c222f","Puppets",1,"Hair",1,"Popcorn",1,"left",FALSE,"right",FALSE,54,FALSE,FALSE,TRUE,"middle","right",FALSE,TRUE,FALSE,"right","left",TRUE
"664521e03117b782ed4fff45","Rain",5,"Bracelet",4,"Leaf",4,"right",FALSE,"right",TRUE,54,TRUE,FALSE,FALSE,"right","left",TRUE,FALSE,FALSE,"right","right",FALSE
"5f0db498f5e4e102c0f65b67","Stove",1,"Fish",3,"Helicopter",3,"right",FALSE,"middle",TRUE,50,FALSE,FALSE,TRUE,"middle","left",FALSE,FALSE,TRUE,"middle","right",FALSE
"6773dea609f77d473900997a","Frog",3,"Stairs",3,"Yogurt",3,"left",FALSE,"right",FALSE,54,TRUE,FALSE,FALSE,"left","middle",FALSE,FALSE,TRUE,"right","left",TRUE
"637fcee60a8378c1c3a65898","Pie",2,"Play dough",4,"Oranges",4,"right",TRUE,"middle",FALSE,54,TRUE,FALSE,FALSE,"right","middle",FALSE,TRUE,FALSE,"middle","right",FALSE
"63f77a5dde1ea03305e119e0","Tissue",1,"Pencil",4,"Cup",4,"left",FALSE,"right",TRUE,54,FALSE,TRUE,FALSE,"right","right",FALSE,TRUE,FALSE,"right","left",FALSE
"5fbf90f025a567296d943c7e","Helicopter",4,"Bracelet",4,"Bananas",4,"right",TRUE,"right",TRUE,54,TRUE,FALSE,FALSE,"right","middle",TRUE,FALSE,FALSE,"right","right",FALSE
"636d6ce3fb3683ff33f9e514","Washcloth",2,"CD",5,"Turtle",5,"right",FALSE,"middle",TRUE,54,FALSE,TRUE,FALSE,"middle","middle",FALSE,TRUE,FALSE,"middle","right",FALSE
"5af2a03697a14300017d2ba4","Pear",4,"Bee",5,"Blocks",5,"left",TRUE,"left",TRUE,54,TRUE,FALSE,FALSE,"left","middle",TRUE,FALSE,FALSE,"left","left",FALSE
"60e3a25e8be835f754795d93","Net",3,"Spiderweb",2,"Flashlight",2,"right",FALSE,"middle",TRUE,54,FALSE,FALSE,TRUE,"middle","left",FALSE,FALSE,TRUE,"middle","right",TRUE
"66b5172c8f0bd3b23ce66c22","Grapes",3,"Pants",3,"Bandaid",3,"left",TRUE,"left",TRUE,55,TRUE,FALSE,FALSE,"left","right",TRUE,FALSE,FALSE,"left","left",FALSE
"5ba60abd9629a90001b36fdc","Shoulders",5,"Head",2,"Glove",2,"middle",FALSE,"middle",FALSE,55,FALSE,FALSE,TRUE,"right","left",TRUE,FALSE,FALSE,"middle","middle",FALSE
"65dc99d0191a135ab835bf69","Necklace",3,"Hips",5,"Paints",5,"left",FALSE,"right",FALSE,55,FALSE,FALSE,TRUE,"middle","right",FALSE,TRUE,FALSE,"right","left",FALSE
"60fe7bf61c7567f5cca9ade6","Brush",3,"Grapes",5,"Books",5,"middle",TRUE,"middle",TRUE,55,TRUE,FALSE,FALSE,"middle","right",TRUE,FALSE,FALSE,"middle","middle",TRUE
"5c9d88bb2b3c77001744ec1c","CD",4,"Yo-yo",5,"Rock",5,"left",FALSE,"middle",TRUE,55,FALSE,TRUE,FALSE,"middle","middle",FALSE,TRUE,FALSE,"middle","left",FALSE
"5e283f576dbb560114ac7714","Zebra",4,"Fish",5,"Leaf",5,"right",FALSE,"right",TRUE,55,TRUE,FALSE,FALSE,"right","left",TRUE,FALSE,FALSE,"right","right",FALSE
"62e02b1ed5b0fbc1b1dc09e7","Eyes",3,"Bus",4,"CD",4,"middle",FALSE,"left",TRUE,55,FALSE,FALSE,TRUE,"left","right",FALSE,FALSE,TRUE,"left","middle",FALSE
"5ecf9b46617a9b3dd56b3fe3","Doughnut",5,"Washcloth",2,"Drum",2,"middle",FALSE,"left",TRUE,55,FALSE,FALSE,TRUE,"left","right",FALSE,FALSE,TRUE,"left","middle",TRUE
"590b3401182caf0001ab5801","Bus",5,"Elephant",3,"Bee",3,"right",FALSE,"middle",FALSE,55,TRUE,FALSE,FALSE,"right","left",FALSE,FALSE,TRUE,"middle","right",FALSE
"65c11389b0d2ba8e63cb8b22","Purse",3,"Cheese",4,"Sticker",4,"middle",FALSE,"middle",TRUE,55,TRUE,FALSE,FALSE,"middle","left",TRUE,FALSE,FALSE,"middle","middle",FALSE
"5d15160539eeea001683830c","Snow",1,"Bug",3,"Sandals",3,"right",FALSE,"middle",TRUE,55,FALSE,FALSE,TRUE,"middle","left",FALSE,FALSE,TRUE,"middle","right",FALSE
"6620b6a209127dafd5b2dfb9","Motorcycle",1,"Knee",5,"Table",5,"left",FALSE,"middle",TRUE,55,FALSE,TRUE,FALSE,"middle","middle",FALSE,TRUE,FALSE,"middle","left",FALSE
"56c65a5a305eaa0005f2a634","Money",2,"CD",2,"Brush",2,"right",FALSE,"left",FALSE,55,TRUE,FALSE,FALSE,"right","middle",FALSE,FALSE,TRUE,"left","right",FALSE
"59fb1518b47dfc0001b6659b","Knife",5,"Cable",1,"Slinky",1,"right",FALSE,"right",TRUE,55,TRUE,FALSE,FALSE,"right","middle",TRUE,FALSE,FALSE,"right","right",FALSE
"602c0fc2eff74b4748e9b41e","Sun",2,"Frog",1,"Cloud",1,"middle",FALSE,"right",FALSE,55,TRUE,FALSE,FALSE,"middle","left",FALSE,FALSE,TRUE,"right","middle",FALSE
"5bcc98d1db645700015222b5","String",1,"Boots",4,"Slinky",4,"middle",FALSE,"right",TRUE,55,FALSE,TRUE,FALSE,"right","right",FALSE,TRUE,FALSE,"right","middle",FALSE
"6773e6e6b205d22a2e097735","Corn",5,"Mouth",5,"Rock",5,"middle",FALSE,"middle",FALSE,55,FALSE,TRUE,FALSE,"left","left",TRUE,FALSE,FALSE,"middle","middle",FALSE
"67505c42a18c872bab88ed42","Balls",2,"Mouth",1,"Ring",1,"right",FALSE,"right",TRUE,55,TRUE,FALSE,FALSE,"right","left",TRUE,FALSE,FALSE,"right","right",FALSE
"62a1e021702679d27813a3e2","Crackers",4,"Fence",2,"Blanket",2,"middle",FALSE,"left",TRUE,55,FALSE,TRUE,FALSE,"left","left",FALSE,TRUE,FALSE,"left","middle",FALSE
"639f294882a3797f77a3dd81","Chicken",4,"Washcloth",4,"Fish",4,"right",FALSE,"right",TRUE,55,TRUE,FALSE,FALSE,"right","left",TRUE,FALSE,FALSE,"right","right",FALSE
"654bc148c95bca00d541ec33","Bear",2,"Leaf",4,"Hips",4,"middle",FALSE,"middle",TRUE,55,TRUE,FALSE,FALSE,"middle","left",TRUE,FALSE,FALSE,"middle","middle",TRUE
"5d23460ad4c57900192b129c","Drum",2,"Straw",5,"Candle",5,"middle",FALSE,"middle",TRUE,55,TRUE,FALSE,FALSE,"middle","left",TRUE,FALSE,FALSE,"middle","middle",FALSE
"67673cda94b4d0cf1a6a7382","Spaghetti",3,"Rain",3,"Truck",3,"left",FALSE,"left",FALSE,55,FALSE,FALSE,TRUE,"right","middle",TRUE,FALSE,FALSE,"left","left",FALSE
"5c4f5967aac8be0001716a65","Princess",5,"Zipper",3,"Play dough",3,"middle",FALSE,"right",FALSE,55,TRUE,FALSE,FALSE,"middle","left",FALSE,FALSE,TRUE,"right","middle",FALSE
"67758c9a30d6819221153393","Hoop",4,"Spoon",3,"Microphone",3,"left",FALSE,"left",TRUE,55,TRUE,FALSE,FALSE,"left","right",TRUE,FALSE,FALSE,"left","left",FALSE
"66b37344796f45313433abc8","Curtain",3,"Teapot",5,"Blocks",5,"right",FALSE,"left",FALSE,55,TRUE,FALSE,FALSE,"right","middle",FALSE,FALSE,TRUE,"left","right",FALSE
"632096b5574155e8727c50cc","Butter",3,"Cookies",2,"Glue",2,"middle",FALSE,"left",TRUE,55,FALSE,FALSE,TRUE,"left","right",FALSE,FALSE,TRUE,"left","middle",FALSE
"66dcc0e54f44ccecf2730c76","Ankle",2,"Diaper",2,"TV",2,"middle",FALSE,"middle",TRUE,55,TRUE,FALSE,FALSE,"middle","left",TRUE,FALSE,FALSE,"middle","middle",TRUE
"60fac7ec133b6bf250d6d668","CD",3,"Fire",4,"Bowl",4,"left",FALSE,"middle",TRUE,55,FALSE,FALSE,TRUE,"middle","right",FALSE,FALSE,TRUE,"middle","left",FALSE
"5e459f61418f610891628564","Coloring Book",3,"Hamburger",5,"Purse",5,"middle",FALSE,"middle",TRUE,55,TRUE,FALSE,FALSE,"middle","right",TRUE,FALSE,FALSE,"middle","middle",FALSE
"5e89ec793c01b3685a00bb12","Tummy",2,"Butter",2,"Frog",2,"right",FALSE,"middle",TRUE,55,FALSE,FALSE,TRUE,"middle","left",FALSE,FALSE,TRUE,"middle","right",FALSE
"631d197eba06364cbea7fab2","Fingernail",2,"Rain",3,"Glasses",3,"right",FALSE,"right",TRUE,55,TRUE,FALSE,FALSE,"right","middle",TRUE,FALSE,FALSE,"right","right",TRUE
"61656042f505fd7fa53e8628","Coloring Book",3,"Turtle",4,"Arm",4,"middle",FALSE,"middle",TRUE,51,TRUE,FALSE,FALSE,"middle","left",TRUE,FALSE,FALSE,"middle","middle",FALSE
"66fd3f6c93c24ecc119be354","Tree",4,"Bug",5,"Tissue",5,"right",FALSE,"right",FALSE,55,FALSE,FALSE,TRUE,"middle","left",TRUE,FALSE,FALSE,"right","right",TRUE
"5af1a4bc6e136b0001411714","Pizza",3,"Tummy",1,"Hose",1,"left",FALSE,"left",TRUE,55,TRUE,FALSE,FALSE,"left","middle",TRUE,FALSE,FALSE,"left","left",FALSE
"60ed501279c68ea1a313d0aa","Owl",5,"Tie",1,"Crayons",1,"middle",FALSE,"right",FALSE,55,FALSE,FALSE,TRUE,"left","right",FALSE,TRUE,FALSE,"right","middle",FALSE
"5bf2f728bd9f150001f6cc42","Soda",1,"Taco",4,"Popsicle",4,"left",FALSE,"right",FALSE,55,FALSE,TRUE,FALSE,"middle","middle",FALSE,FALSE,TRUE,"right","left",FALSE
"59a734ce0c87a000017481ed","Rope",2,"Bug",2,"Stove",2,"left",FALSE,"right",FALSE,55,TRUE,FALSE,FALSE,"left","right",FALSE,TRUE,FALSE,"right","left",FALSE
"615e420a23219efe3427a367","Hips",4,"Pretzel",1,"Bead",1,"left",FALSE,"left",TRUE,55,TRUE,FALSE,FALSE,"left","right",TRUE,FALSE,FALSE,"left","left",FALSE
"66b244a2f436437d3e109bbe","Grass",2,"Hamburger",5,"Shoulders",5,"left",FALSE,"middle",TRUE,55,FALSE,FALSE,TRUE,"middle","right",FALSE,FALSE,TRUE,"middle","left",TRUE
"5f1b05a8703c380d1393bb27","Shorts",2,"Bowl",5,"Bed",5,"middle",FALSE,"middle",TRUE,55,TRUE,FALSE,FALSE,"middle","right",TRUE,FALSE,FALSE,"middle","middle",FALSE
"6684497541f835bd67a199b2","Bed",5,"Pig",3,"Butter",3,"right",FALSE,"right",TRUE,55,TRUE,FALSE,FALSE,"right","left",TRUE,FALSE,FALSE,"right","right",FALSE
"5eeddefa177a7322144cbc5e","Shoulders",2,"Mouse",2,"Napkin",2,"right",FALSE,"left",FALSE,55,TRUE,FALSE,FALSE,"right","middle",FALSE,FALSE,TRUE,"left","right",FALSE
"63ee9abfa262bea95766dd9c","Balls",2,"Squirrel",5,"Bowl",5,"middle",FALSE,"right",FALSE,55,TRUE,FALSE,FALSE,"middle","left",FALSE,FALSE,TRUE,"right","middle",TRUE
"66cfab152c56aa0472529001","Bear",2,"Zipper",5,"Stick",5,"left",FALSE,"middle",FALSE,55,TRUE,FALSE,FALSE,"left","middle",FALSE,TRUE,FALSE,"middle","left",TRUE
"6571fd9d691befe21fa61d18","Doughnut",1,"Can",5,"Boots",5,"right",FALSE,"middle",TRUE,55,FALSE,FALSE,TRUE,"middle","left",FALSE,FALSE,TRUE,"middle","right",FALSE
"66312361cf5d4099e1330532","Chalk",1,"Wing",1,"Video Tape",1,"middle",FALSE,"right",TRUE,55,FALSE,TRUE,FALSE,"right","right",FALSE,TRUE,FALSE,"right","middle",FALSE
"6722ea20fb84b196f0a649b6","Square",1,"Oranges",4,"Radio",4,"middle",TRUE,"middle",TRUE,55,TRUE,FALSE,FALSE,"middle","left",TRUE,FALSE,FALSE,"middle","middle",FALSE
"5ddce9f0f85b50c4fc1515a4","Bagel",4,"Newspaper",5,"Truck",5,"middle",FALSE,"middle",TRUE,55,TRUE,FALSE,FALSE,"middle","right",TRUE,FALSE,FALSE,"middle","middle",FALSE
"5c3bdbf548ad2900017fac31","Giraffe",5,"Refrigerator",1,"Cherry",1,"right",TRUE,"right",TRUE,55,TRUE,FALSE,FALSE,"right","middle",TRUE,FALSE,FALSE,"right","right",FALSE
"6844a1b95271dfc560af4709","Cloud",5,"Tractor",4,"Nose",4,"middle",FALSE,"left",FALSE,55,TRUE,FALSE,FALSE,"middle","left",FALSE,TRUE,FALSE,"left","middle",FALSE
"5e121701dc79bd8a1a22ca99","Straw",4,"Moon",4,"Lunch",4,"right",FALSE,"middle",TRUE,51,FALSE,FALSE,TRUE,"middle","left",FALSE,FALSE,TRUE,"middle","right",FALSE
"616ef680ab8ca318a227f5ec","Owl",5,"Bandaid",3,"Rain",3,"right",FALSE,"left",TRUE,55,FALSE,FALSE,TRUE,"left","middle",FALSE,FALSE,TRUE,"left","right",FALSE
"66d9cd06e207a93377f7820e","Yogurt",5,"Knife",3,"Eggs",3,"middle",FALSE,"right",TRUE,55,FALSE,FALSE,TRUE,"right","left",FALSE,FALSE,TRUE,"right","middle",TRUE
"5962a5b29955ee00015bce98","Ice Cream",1,"Circle",4,"Mouse",4,"left",FALSE,"left",TRUE,55,TRUE,FALSE,FALSE,"left","middle",TRUE,FALSE,FALSE,"left","left",TRUE
"641384b3dffcf39ec42d3c23","Keys",4,"Pirate",5,"Vacuum",5,"middle",FALSE,"left",TRUE,55,FALSE,FALSE,TRUE,"left","right",FALSE,FALSE,TRUE,"left","middle",FALSE
"59692d61355b45000106c592","Bacon",2,"Sweater",3,"Bed",3,"left",FALSE,"left",FALSE,55,FALSE,FALSE,TRUE,"right","middle",TRUE,FALSE,FALSE,"left","left",FALSE
"5dd05d80b2204f1487f7812c","Camera",5,"Comb",5,"Grass",5,"left",FALSE,"right",TRUE,55,FALSE,FALSE,TRUE,"right","middle",FALSE,FALSE,TRUE,"right","left",FALSE
"6321d9c78e8e3c04f82a0ea0","Tissue",4,"Owl",3,"Triangle",3,"right",FALSE,"right",TRUE,55,TRUE,FALSE,FALSE,"right","left",TRUE,FALSE,FALSE,"right","right",FALSE
"632d189d6b8f03d0d3db4c48","Rainbow",1,"Bow",1,"Hoop",1,"left",FALSE,"right",FALSE,55,FALSE,FALSE,TRUE,"middle","right",FALSE,TRUE,FALSE,"right","left",TRUE
"63b3377ca1ccdfc7cc567503","Bee",4,"Yo-yo",2,"Earring",2,"right",FALSE,"right",TRUE,55,TRUE,FALSE,FALSE,"right","left",TRUE,FALSE,FALSE,"right","right",TRUE
"6678813aec86d687a654dedb","Peas",2,"Bubbles",3,"Jacket",3,"middle",FALSE,"left",FALSE,55,FALSE,FALSE,TRUE,"right","left",FALSE,TRUE,FALSE,"left","middle",FALSE
"55cce6ea34e90600058d1e6d","Notebook",2,"Airplane",3,"Nose",3,"left",FALSE,"middle",FALSE,55,TRUE,FALSE,FALSE,"left","middle",FALSE,TRUE,FALSE,"middle","left",FALSE
"6658bba1a51a037d25bb677e","Ice Cream",2,"Pretzel",2,"Stove",2,"middle",FALSE,"left",FALSE,55,FALSE,FALSE,TRUE,"right","left",FALSE,TRUE,FALSE,"left","middle",TRUE
"60f5df9db9380d875c320307","Pan",2,"Battery",4,"Blanket",4,"right",FALSE,"right",FALSE,55,FALSE,FALSE,TRUE,"middle","left",TRUE,FALSE,FALSE,"right","right",FALSE
"63d5b810f3dbbd11e7e65870","Scissors",5,"Blocks",3,"Curtain",3,"left",FALSE,"left",FALSE,55,FALSE,FALSE,TRUE,"right","middle",TRUE,FALSE,FALSE,"left","left",FALSE
"66d1fdd400acfdbc181f41e0","CD",1,"Bucket",2,"Cup",2,"left",FALSE,"middle",FALSE,55,FALSE,FALSE,TRUE,"right","middle",FALSE,TRUE,FALSE,"middle","left",FALSE
"67b636c4ea38855cbb08ffe3","Pan",1,"Stairs",2,"Mailbox",2,"right",FALSE,"right",TRUE,55,TRUE,FALSE,FALSE,"right","middle",TRUE,FALSE,FALSE,"right","right",FALSE
"5e1b795dc799223a3b447ada","Cow",5,"Paper",3,"Bread",3,"right",FALSE,"left",TRUE,55,FALSE,TRUE,FALSE,"left","left",FALSE,TRUE,FALSE,"left","right",FALSE
"5c5cad3e4ee81200018eafe2","Car",4,"Iron",4,"Movie",4,"right",FALSE,"right",TRUE,55,TRUE,FALSE,FALSE,"right","middle",TRUE,FALSE,FALSE,"right","right",FALSE
"5bc5be2572df5f00014479f9","Ladder",2,"Crayons",2,"Hat",2,"right",FALSE,"middle",FALSE,55,TRUE,FALSE,FALSE,"right","left",FALSE,FALSE,TRUE,"middle","right",FALSE
"5f8f436e4676a71879786b95","Spiderweb",2,"Watch",1,"Blocks",1,"left",FALSE,"left",TRUE,55,TRUE,FALSE,FALSE,"left","right",TRUE,FALSE,FALSE,"left","left",FALSE
"669053bbebafdd430e770142","Yogurt",2,"Spaghetti",2,"Magazine",2,"middle",FALSE,"right",TRUE,55,FALSE,FALSE,TRUE,"right","left",FALSE,FALSE,TRUE,"right","middle",FALSE
"677419f93048c66d62d2bf87","Ring",1,"Waffle",1,"Circle",1,"right",FALSE,"right",TRUE,55,TRUE,FALSE,FALSE,"right","middle",TRUE,FALSE,FALSE,"right","right",FALSE
"574aff1b5bef980007af2745","Swing",4,"Bone",4,"Blocks",4,"right",FALSE,"right",TRUE,55,TRUE,FALSE,FALSE,"right","middle",TRUE,FALSE,FALSE,"right","right",FALSE
"58404fd8ad98e40001ce915f","Triangle",3,"Brush",5,"Shirt",5,"right",FALSE,"right",TRUE,55,TRUE,FALSE,FALSE,"right","left",TRUE,FALSE,FALSE,"right","right",FALSE
"5de8887aa2db898017debf1a","Dolphin",4,"Sheep",5,"Helicopter",5,"middle",FALSE,"middle",TRUE,55,TRUE,FALSE,FALSE,"middle","right",TRUE,FALSE,FALSE,"middle","middle",FALSE
"59d949cf8fd07a000184247e","Ankle",4,"Yogurt",3,"Puppets",3,"right",FALSE,"left",TRUE,55,FALSE,FALSE,TRUE,"left","middle",FALSE,FALSE,TRUE,"left","right",FALSE
"662945728093113a43ab8077","Lamp",1,"Tractor",4,"Paints",4,"middle",FALSE,"middle",TRUE,55,TRUE,FALSE,FALSE,"middle","left",TRUE,FALSE,FALSE,"middle","middle",TRUE
"676058418c08c71e4bb7cbd1","Leaf",1,"Carrots",5,"Scooter",5,"right",FALSE,"left",FALSE,55,TRUE,FALSE,FALSE,"right","middle",FALSE,FALSE,TRUE,"left","right",TRUE
"6643d22289210a4edf21e84d","Toothbrush",3,"Button",2,"Refrigerator",2,"left",FALSE,"right",TRUE,55,FALSE,FALSE,TRUE,"right","middle",FALSE,FALSE,TRUE,"right","left",FALSE
"58954e2dc88c680001dd4b7e","Eggs",2,"Queen",3,"Backpack",3,"right",FALSE,"right",FALSE,55,FALSE,FALSE,TRUE,"left","middle",TRUE,FALSE,FALSE,"right","right",TRUE
"5b757a03976ecb0001b1168f","Kangaroo",2,"Nose",5,"Shampoo",5,"left",FALSE,"middle",FALSE,55,FALSE,FALSE,TRUE,"right","middle",FALSE,TRUE,FALSE,"middle","left",FALSE
"681b781064a5701a5ceee3bc","Bus",1,"Blanket",4,"Fingers",4,"left",FALSE,"right",TRUE,55,FALSE,FALSE,TRUE,"right","middle",FALSE,FALSE,TRUE,"right","left",TRUE
"6716c6700f376dc7f534af9d","Potatoes",5,"Mirror",3,"Nest",3,"right",FALSE,"left",TRUE,55,FALSE,FALSE,TRUE,"left","middle",FALSE,FALSE,TRUE,"left","right",FALSE
"671a3ac3dada5efe6d439698","Watch",1,"Tissue",5,"Pajamas",5,"right",FALSE,"middle",TRUE,55,FALSE,TRUE,FALSE,"middle","middle",FALSE,TRUE,FALSE,"middle","right",FALSE
"676b89007874c8eace113276","Cherry",3,"Leg",2,"Hamburger",2,"left",TRUE,"left",TRUE,55,TRUE,FALSE,FALSE,"left","middle",TRUE,FALSE,FALSE,"left","left",FALSE
"6825af939111d286546fdde6","Cup",4,"Necklace",3,"Turtle",3,"middle",FALSE,"left",TRUE,55,FALSE,FALSE,TRUE,"left","right",FALSE,FALSE,TRUE,"left","middle",FALSE
"67164c92298409e37c670b3d","Pen",4,"Giraffe",5,"Circle",5,"middle",FALSE,"middle",TRUE,55,TRUE,FALSE,FALSE,"middle","left",TRUE,FALSE,FALSE,"middle","middle",FALSE
"682b3f63d0e2c4eff64fe664","Sticker",2,"Fish",4,"Fire",4,"middle",FALSE,"middle",TRUE,55,TRUE,FALSE,FALSE,"middle","left",TRUE,FALSE,FALSE,"middle","middle",TRUE
"5d3695969749cc00165c222f","Hands",3,"Stick",2,"Computer",2,"middle",FALSE,"left",TRUE,55,FALSE,FALSE,TRUE,"left","right",FALSE,FALSE,TRUE,"left","middle",TRUE
"664521e03117b782ed4fff45","Bee",1,"Sticker",5,"Mouth",5,"right",FALSE,"right",TRUE,55,TRUE,FALSE,FALSE,"right","left",TRUE,FALSE,FALSE,"right","right",FALSE
"5f0db498f5e4e102c0f65b67","Nest",2,"Shoulders",2,"Flower",2,"right",FALSE,"right",TRUE,51,TRUE,FALSE,FALSE,"right","left",TRUE,FALSE,FALSE,"right","right",FALSE
"6773dea609f77d473900997a","Barn",1,"Purse",5,"Bathtub",5,"right",FALSE,"right",TRUE,55,TRUE,FALSE,FALSE,"right","middle",TRUE,FALSE,FALSE,"right","right",TRUE
"637fcee60a8378c1c3a65898","Shovel",4,"Rabbit",4,"Sandals",4,"right",FALSE,"right",FALSE,55,FALSE,FALSE,TRUE,"left","middle",TRUE,FALSE,FALSE,"right","right",FALSE
"63f77a5dde1ea03305e119e0","Triangle",3,"Potatoes",3,"Queen",3,"middle",FALSE,"left",TRUE,55,FALSE,FALSE,TRUE,"left","right",FALSE,FALSE,TRUE,"left","middle",FALSE
"5fbf90f025a567296d943c7e","Stairs",5,"Fence",3,"Bell",3,"left",FALSE,"left",TRUE,55,TRUE,FALSE,FALSE,"left","middle",TRUE,FALSE,FALSE,"left","left",FALSE
"636d6ce3fb3683ff33f9e514","Cow",3,"Pencil",5,"Ice Cream",5,"left",FALSE,"middle",FALSE,55,FALSE,FALSE,TRUE,"right","middle",FALSE,TRUE,FALSE,"middle","left",FALSE
"5af2a03697a14300017d2ba4","Princess",5,"Popsicle",4,"Horse",4,"right",FALSE,"left",FALSE,55,FALSE,TRUE,FALSE,"middle","middle",FALSE,FALSE,TRUE,"left","right",FALSE
"60e3a25e8be835f754795d93","Pig",1,"Mailbox",1,"Knee",1,"middle",FALSE,"right",TRUE,55,FALSE,FALSE,TRUE,"right","left",FALSE,FALSE,TRUE,"right","middle",TRUE
"66b5172c8f0bd3b23ce66c22","Apples",3,"Lion",1,"Horse",1,"left",TRUE,"left",TRUE,56,TRUE,FALSE,FALSE,"left","right",TRUE,FALSE,FALSE,"left","left",FALSE
"5ba60abd9629a90001b36fdc","Feet",5,"Video Tape",4,"Towels",4,"middle",FALSE,"left",TRUE,56,FALSE,TRUE,FALSE,"left","left",FALSE,TRUE,FALSE,"left","middle",FALSE
"65dc99d0191a135ab835bf69","Glue",2,"Bowl",1,"Doughnut",1,"left",FALSE,"left",FALSE,56,FALSE,TRUE,FALSE,"right","right",TRUE,FALSE,FALSE,"left","left",FALSE
"60fe7bf61c7567f5cca9ade6","Hands",4,"Dolphin",3,"Owl",3,"left",FALSE,"left",TRUE,56,TRUE,FALSE,FALSE,"left","right",TRUE,FALSE,FALSE,"left","left",TRUE
"5c9d88bb2b3c77001744ec1c","Ice Cream",4,"Gorilla",1,"Camera",1,"right",FALSE,"left",TRUE,56,FALSE,FALSE,TRUE,"left","middle",FALSE,FALSE,TRUE,"left","right",FALSE
"5e283f576dbb560114ac7714","Dress",5,"Arm",5,"Whistle",5,"middle",FALSE,"right",TRUE,56,FALSE,FALSE,TRUE,"right","left",FALSE,FALSE,TRUE,"right","middle",FALSE
"62e02b1ed5b0fbc1b1dc09e7","Belt",3,"Mirror",2,"Tractor",2,"middle",FALSE,"left",TRUE,56,FALSE,FALSE,TRUE,"left","right",FALSE,FALSE,TRUE,"left","middle",FALSE
"5ecf9b46617a9b3dd56b3fe3","Milk",2,"Bead",3,"Stove",3,"middle",FALSE,"middle",TRUE,56,TRUE,FALSE,FALSE,"middle","right",TRUE,FALSE,FALSE,"middle","middle",TRUE
"590b3401182caf0001ab5801","Belt",1,"Pot",2,"Mouse",2,"middle",FALSE,"right",TRUE,56,FALSE,FALSE,TRUE,"right","left",FALSE,FALSE,TRUE,"right","middle",FALSE
"65c11389b0d2ba8e63cb8b22","Crackers",1,"Chicken",4,"Lamp",4,"middle",FALSE,"left",TRUE,56,FALSE,TRUE,FALSE,"left","left",FALSE,TRUE,FALSE,"left","middle",FALSE
"5d15160539eeea001683830c","Spaghetti",2,"Camera",5,"Corn",5,"right",FALSE,"middle",TRUE,56,FALSE,FALSE,TRUE,"middle","left",FALSE,FALSE,TRUE,"middle","right",FALSE
"6620b6a209127dafd5b2dfb9","Ring",2,"Glasses",2,"Feather",2,"right",FALSE,"right",TRUE,56,TRUE,FALSE,FALSE,"right","middle",TRUE,FALSE,FALSE,"right","right",FALSE
"56c65a5a305eaa0005f2a634","Window",3,"Pretzel",1,"Owl",1,"left",FALSE,"left",FALSE,56,FALSE,FALSE,TRUE,"right","middle",TRUE,FALSE,FALSE,"left","left",FALSE
"59fb1518b47dfc0001b6659b","Dress",2,"Bathtub",3,"Rice",3,"right",FALSE,"right",FALSE,56,FALSE,FALSE,TRUE,"left","middle",TRUE,FALSE,FALSE,"right","right",FALSE
"602c0fc2eff74b4748e9b41e","Bagel",1,"Pillow",1,"Bear",1,"middle",FALSE,"middle",FALSE,56,FALSE,TRUE,FALSE,"left","left",TRUE,FALSE,FALSE,"middle","middle",FALSE
"5bcc98d1db645700015222b5","Grass",2,"Rock",4,"Jump rope",4,"left",FALSE,"middle",TRUE,56,FALSE,FALSE,TRUE,"middle","right",FALSE,FALSE,TRUE,"middle","left",FALSE
"6773e6e6b205d22a2e097735","Towels",1,"Newspaper",1,"Refrigerator",1,"right",FALSE,"right",TRUE,56,TRUE,FALSE,FALSE,"right","left",TRUE,FALSE,FALSE,"right","right",FALSE
"67505c42a18c872bab88ed42","Leaf",3,"Cereal",3,"Pajamas",3,"right",FALSE,"middle",TRUE,56,FALSE,FALSE,TRUE,"middle","left",FALSE,FALSE,TRUE,"middle","right",FALSE
"62a1e021702679d27813a3e2","Button",5,"Boat",2,"Car",2,"right",FALSE,"left",TRUE,56,FALSE,TRUE,FALSE,"left","left",FALSE,TRUE,FALSE,"left","right",FALSE
"639f294882a3797f77a3dd81","Broom",3,"Hose",2,"Tiger",2,"right",FALSE,"left",TRUE,56,FALSE,TRUE,FALSE,"left","left",FALSE,TRUE,FALSE,"left","right",FALSE
"654bc148c95bca00d541ec33","Mountain",4,"Pie",1,"Mouse",1,"middle",FALSE,"left",TRUE,56,FALSE,TRUE,FALSE,"left","left",FALSE,TRUE,FALSE,"left","middle",TRUE
"5d23460ad4c57900192b129c","Tiger",3,"Backpack",4,"Pancakes",4,"middle",FALSE,"middle",FALSE,56,FALSE,FALSE,TRUE,"right","left",TRUE,FALSE,FALSE,"middle","middle",FALSE
"67673cda94b4d0cf1a6a7382","Bread",5,"Cloud",2,"Hamburger",2,"left",FALSE,"middle",TRUE,56,FALSE,TRUE,FALSE,"middle","middle",FALSE,TRUE,FALSE,"middle","left",FALSE
"5c4f5967aac8be0001716a65","Horse",3,"Backpack",5,"Turtle",5,"middle",FALSE,"middle",TRUE,56,TRUE,FALSE,FALSE,"middle","left",TRUE,FALSE,FALSE,"middle","middle",FALSE
"67758c9a30d6819221153393","Ladder",3,"Bead",5,"Sweater",5,"left",FALSE,"middle",FALSE,56,TRUE,FALSE,FALSE,"left","right",FALSE,FALSE,TRUE,"middle","left",FALSE
"66b37344796f45313433abc8","Yo-yo",1,"Fish",1,"Soup",1,"right",FALSE,"left",FALSE,56,TRUE,FALSE,FALSE,"right","middle",FALSE,FALSE,TRUE,"left","right",FALSE
"632096b5574155e8727c50cc","Squirrel",4,"Pan",4,"Monkey",4,"left",FALSE,"left",TRUE,56,TRUE,FALSE,FALSE,"left","right",TRUE,FALSE,FALSE,"left","left",FALSE
"66dcc0e54f44ccecf2730c76","Backpack",4,"Comb",3,"Shoulders",3,"right",FALSE,"middle",FALSE,56,TRUE,FALSE,FALSE,"right","left",FALSE,FALSE,TRUE,"middle","right",TRUE
"60fac7ec133b6bf250d6d668","String",4,"Slinky",5,"Pudding",5,"left",FALSE,"middle",FALSE,56,TRUE,FALSE,FALSE,"left","right",FALSE,FALSE,TRUE,"middle","left",FALSE
"5e459f61418f610891628564","Scissors",1,"Duck",4,"Refrigerator",4,"middle",FALSE,"middle",TRUE,56,TRUE,FALSE,FALSE,"middle","right",TRUE,FALSE,FALSE,"middle","middle",FALSE
"5e89ec793c01b3685a00bb12","Airplane",4,"Tape",1,"Stick",1,"middle",FALSE,"right",FALSE,56,FALSE,TRUE,FALSE,"left","left",FALSE,FALSE,TRUE,"right","middle",FALSE
"631d197eba06364cbea7fab2","Wagon",5,"Sweater",5,"Sticker",5,"left",FALSE,"left",FALSE,56,FALSE,FALSE,TRUE,"right","middle",TRUE,FALSE,FALSE,"left","left",TRUE
"61656042f505fd7fa53e8628","Circle",1,"Brush",4,"Horse",4,"middle",FALSE,"middle",TRUE,52,TRUE,FALSE,FALSE,"middle","left",TRUE,FALSE,FALSE,"middle","middle",FALSE
"66fd3f6c93c24ecc119be354","Fingernail",2,"Mouse",5,"Mirror",5,"right",FALSE,"middle",TRUE,56,FALSE,FALSE,TRUE,"middle","left",FALSE,FALSE,TRUE,"middle","right",TRUE
"5af1a4bc6e136b0001411714","Grapes",1,"Baby",5,"Duck",5,"left",TRUE,"left",TRUE,56,TRUE,FALSE,FALSE,"left","middle",TRUE,FALSE,FALSE,"left","left",FALSE
"60ed501279c68ea1a313d0aa","Money",4,"Mouse",1,"Fire",1,"middle",FALSE,"left",TRUE,56,FALSE,FALSE,TRUE,"left","right",FALSE,FALSE,TRUE,"left","middle",FALSE
"5bf2f728bd9f150001f6cc42","Oranges",5,"Toilet",1,"Tiger",1,"left",TRUE,"left",TRUE,56,TRUE,FALSE,FALSE,"left","middle",TRUE,FALSE,FALSE,"left","left",FALSE
"59a734ce0c87a000017481ed","Rabbit",4,"Notebook",4,"Pan",4,"middle",FALSE,"left",FALSE,56,FALSE,TRUE,FALSE,"right","right",FALSE,FALSE,TRUE,"left","middle",FALSE
"615e420a23219efe3427a367","Bee",5,"Octopus",2,"Can",2,"middle",FALSE,"middle",TRUE,56,TRUE,FALSE,FALSE,"middle","right",TRUE,FALSE,FALSE,"middle","middle",FALSE
"66b244a2f436437d3e109bbe","Refrigerator",1,"Chair",1,"Crackers",1,"left",FALSE,"middle",TRUE,56,FALSE,FALSE,TRUE,"middle","right",FALSE,FALSE,TRUE,"middle","left",TRUE
"5f1b05a8703c380d1393bb27","Bananas",4,"Shoulders",3,"Towels",3,"left",TRUE,"left",TRUE,56,TRUE,FALSE,FALSE,"left","right",TRUE,FALSE,FALSE,"left","left",FALSE
"6684497541f835bd67a199b2","Earring",4,"Ring",3,"Strawberries",3,"right",TRUE,"right",TRUE,56,TRUE,FALSE,FALSE,"right","left",TRUE,FALSE,FALSE,"right","right",FALSE
"5eeddefa177a7322144cbc5e","Net",4,"Giraffe",1,"Ice Cream",1,"right",FALSE,"right",TRUE,56,TRUE,FALSE,FALSE,"right","middle",TRUE,FALSE,FALSE,"right","right",FALSE
"63ee9abfa262bea95766dd9c","Blocks",5,"Stars",5,"Bandaid",5,"right",FALSE,"right",TRUE,56,TRUE,FALSE,FALSE,"right","left",TRUE,FALSE,FALSE,"right","right",TRUE
"66cfab152c56aa0472529001","Bag",1,"Glasses",4,"Table",4,"right",FALSE,"right",TRUE,56,TRUE,FALSE,FALSE,"right","middle",TRUE,FALSE,FALSE,"right","right",TRUE
"6571fd9d691befe21fa61d18","Spider",1,"Shorts",3,"Hoop",3,"middle",FALSE,"middle",TRUE,56,TRUE,FALSE,FALSE,"middle","left",TRUE,FALSE,FALSE,"middle","middle",FALSE
"66312361cf5d4099e1330532","Bat",3,"Button",1,"Candy",1,"left",FALSE,"right",TRUE,56,FALSE,TRUE,FALSE,"right","right",FALSE,TRUE,FALSE,"right","left",FALSE
"6722ea20fb84b196f0a649b6","Yo-yo",4,"Blanket",4,"Sandals",4,"right",FALSE,"middle",TRUE,56,FALSE,FALSE,TRUE,"middle","left",FALSE,FALSE,TRUE,"middle","right",FALSE
"5ddce9f0f85b50c4fc1515a4","Bracelet",4,"Swing",2,"Skateboard",2,"middle",FALSE,"left",FALSE,56,TRUE,FALSE,FALSE,"middle","right",FALSE,FALSE,TRUE,"left","middle",FALSE
"5c3bdbf548ad2900017fac31","Stick",1,"Bow",2,"Box",2,"right",FALSE,"right",TRUE,56,TRUE,FALSE,FALSE,"right","middle",TRUE,FALSE,FALSE,"right","right",FALSE
"6844a1b95271dfc560af4709","Bucket",3,"Necklace",2,"Kangaroo",2,"right",FALSE,"middle",TRUE,56,FALSE,FALSE,TRUE,"middle","left",FALSE,FALSE,TRUE,"middle","right",FALSE
"5e121701dc79bd8a1a22ca99","Sandals",1,"Bell",3,"Zipper",3,"middle",FALSE,"right",TRUE,52,FALSE,FALSE,TRUE,"right","left",FALSE,FALSE,TRUE,"right","middle",FALSE
"616ef680ab8ca318a227f5ec","Teapot",4,"Horse",4,"Pretzel",4,"left",FALSE,"right",FALSE,56,FALSE,TRUE,FALSE,"middle","middle",FALSE,FALSE,TRUE,"right","left",FALSE
"66d9cd06e207a93377f7820e","Bridge",5,"Pot",4,"Lizard",4,"right",FALSE,"middle",TRUE,56,FALSE,FALSE,TRUE,"middle","left",FALSE,FALSE,TRUE,"middle","right",TRUE
"5962a5b29955ee00015bce98","Stove",4,"Play dough",2,"Ghost",2,"right",FALSE,"right",FALSE,56,FALSE,FALSE,TRUE,"left","middle",TRUE,FALSE,FALSE,"right","right",TRUE
"641384b3dffcf39ec42d3c23","Dresser",1,"Washcloth",2,"Leaf",2,"left",FALSE,"right",FALSE,56,FALSE,FALSE,TRUE,"middle","right",FALSE,TRUE,FALSE,"right","left",FALSE
"59692d61355b45000106c592","Cookies",3,"Carrots",5,"Nose",5,"left",FALSE,"middle",TRUE,56,FALSE,TRUE,FALSE,"middle","middle",FALSE,TRUE,FALSE,"middle","left",FALSE
"5dd05d80b2204f1487f7812c","Wagon",3,"Carrots",4,"Head",4,"left",FALSE,"middle",TRUE,56,FALSE,TRUE,FALSE,"middle","middle",FALSE,TRUE,FALSE,"middle","left",FALSE
"6321d9c78e8e3c04f82a0ea0","Wagon",5,"Bagel",5,"Window",5,"middle",FALSE,"middle",FALSE,56,FALSE,TRUE,FALSE,"left","left",TRUE,FALSE,FALSE,"middle","middle",FALSE
"632d189d6b8f03d0d3db4c48","Fingers",1,"Mouth",2,"Ant",2,"left",FALSE,"middle",TRUE,56,FALSE,FALSE,TRUE,"middle","right",FALSE,FALSE,TRUE,"middle","left",TRUE
"63b3377ca1ccdfc7cc567503","Monkey",1,"Chair",3,"Frog",3,"middle",FALSE,"middle",TRUE,56,TRUE,FALSE,FALSE,"middle","left",TRUE,FALSE,FALSE,"middle","middle",TRUE
"6678813aec86d687a654dedb","Owl",4,"Straw",5,"Glove",5,"right",FALSE,"left",FALSE,56,TRUE,FALSE,FALSE,"right","left",FALSE,TRUE,FALSE,"left","right",FALSE
"55cce6ea34e90600058d1e6d","Potatoes",1,"Pirate",4,"Dolphin",4,"left",FALSE,"left",TRUE,56,TRUE,FALSE,FALSE,"left","middle",TRUE,FALSE,FALSE,"left","left",FALSE
"6658bba1a51a037d25bb677e","Napkin",5,"Cable",5,"Ankle",5,"middle",FALSE,"middle",TRUE,56,TRUE,FALSE,FALSE,"middle","left",TRUE,FALSE,FALSE,"middle","middle",TRUE
"60f5df9db9380d875c320307","Window",5,"Knee",4,"Ostrich",4,"middle",FALSE,"middle",TRUE,56,TRUE,FALSE,FALSE,"middle","left",TRUE,FALSE,FALSE,"middle","middle",FALSE
"63d5b810f3dbbd11e7e65870","Diaper",1,"Cat",1,"Towels",1,"left",FALSE,"right",FALSE,56,TRUE,FALSE,FALSE,"left","middle",FALSE,FALSE,TRUE,"right","left",FALSE
"66d1fdd400acfdbc181f41e0","Puzzles",2,"Iron",4,"Envelope",4,"left",FALSE,"middle",FALSE,56,TRUE,FALSE,FALSE,"left","middle",FALSE,TRUE,FALSE,"middle","left",FALSE
"67b636c4ea38855cbb08ffe3","Umbrella",5,"Nose",5,"Dolls",5,"left",FALSE,"left",TRUE,56,TRUE,FALSE,FALSE,"left","middle",TRUE,FALSE,FALSE,"left","left",FALSE
"5e1b795dc799223a3b447ada","Sweater",1,"Grapes",1,"Bike",1,"middle",TRUE,"left",FALSE,56,TRUE,FALSE,FALSE,"middle","left",FALSE,TRUE,FALSE,"left","middle",FALSE
"5c5cad3e4ee81200018eafe2","Train",4,"Drum",3,"Mouth",3,"left",FALSE,"left",FALSE,56,FALSE,TRUE,FALSE,"middle","middle",TRUE,FALSE,FALSE,"left","left",FALSE
"5bc5be2572df5f00014479f9","Tiger",3,"Movie",4,"Barn",4,"right",FALSE,"left",TRUE,56,FALSE,TRUE,FALSE,"left","left",FALSE,TRUE,FALSE,"left","right",FALSE
"5f8f436e4676a71879786b95","Socks",5,"Head",3,"Necklace",3,"middle",FALSE,"right",TRUE,56,FALSE,TRUE,FALSE,"right","right",FALSE,TRUE,FALSE,"right","middle",FALSE
"669053bbebafdd430e770142","Stove",5,"Glove",2,"Cup",2,"middle",FALSE,"right",FALSE,56,TRUE,FALSE,FALSE,"middle","left",FALSE,FALSE,TRUE,"right","middle",FALSE
"677419f93048c66d62d2bf87","Curtain",1,"Lion",4,"Shoes",4,"right",FALSE,"right",TRUE,56,TRUE,FALSE,FALSE,"right","middle",TRUE,FALSE,FALSE,"right","right",FALSE
"574aff1b5bef980007af2745","Sink",1,"Hose",4,"Window",4,"left",FALSE,"left",TRUE,56,TRUE,FALSE,FALSE,"left","middle",TRUE,FALSE,FALSE,"left","left",FALSE
"58404fd8ad98e40001ce915f","Zebra",1,"Box",3,"Video Tape",3,"middle",FALSE,"left",FALSE,56,FALSE,FALSE,TRUE,"right","left",FALSE,TRUE,FALSE,"left","middle",FALSE
"5de8887aa2db898017debf1a","Mailbox",1,"Cupcake",5,"Belt",5,"middle",FALSE,"middle",TRUE,56,TRUE,FALSE,FALSE,"middle","right",TRUE,FALSE,FALSE,"middle","middle",FALSE
"59d949cf8fd07a000184247e","Airplane",3,"Bike",3,"Flower",3,"right",FALSE,"middle",FALSE,56,FALSE,FALSE,TRUE,"left","middle",FALSE,TRUE,FALSE,"middle","right",FALSE
"662945728093113a43ab8077","Heart",3,"Pool",4,"Spoon",4,"middle",FALSE,"middle",TRUE,56,TRUE,FALSE,FALSE,"middle","left",TRUE,FALSE,FALSE,"middle","middle",TRUE
"676058418c08c71e4bb7cbd1","Waffle",4,"Radio",2,"Hoop",2,"right",FALSE,"right",FALSE,56,FALSE,FALSE,TRUE,"left","middle",TRUE,FALSE,FALSE,"right","right",TRUE
"6643d22289210a4edf21e84d","Ostrich",2,"Meat",5,"Fries",5,"left",FALSE,"middle",TRUE,56,FALSE,TRUE,FALSE,"middle","middle",FALSE,TRUE,FALSE,"middle","left",FALSE
"58954e2dc88c680001dd4b7e","Spoon",4,"Peas",5,"Corn",5,"left",FALSE,"right",TRUE,56,FALSE,FALSE,TRUE,"right","middle",FALSE,FALSE,TRUE,"right","left",TRUE
"5b757a03976ecb0001b1168f","Paper",2,"Soup",5,"Tiger",5,"right",FALSE,"middle",TRUE,56,FALSE,TRUE,FALSE,"middle","middle",FALSE,TRUE,FALSE,"middle","right",FALSE
"681b781064a5701a5ceee3bc","Turtle",1,"Toothpaste",4,"Elephant",4,"left",FALSE,"middle",FALSE,56,FALSE,FALSE,TRUE,"right","middle",FALSE,TRUE,FALSE,"middle","left",TRUE
"6716c6700f376dc7f534af9d","Water",5,"Knee",4,"Socks",4,"left",FALSE,"left",TRUE,56,TRUE,FALSE,FALSE,"left","middle",TRUE,FALSE,FALSE,"left","left",FALSE
"671a3ac3dada5efe6d439698","Bagel",4,"Cow",5,"Swimsuit",5,"left",FALSE,"left",TRUE,56,TRUE,FALSE,FALSE,"left","middle",TRUE,FALSE,FALSE,"left","left",FALSE
"676b89007874c8eace113276","Milk",1,"Pajamas",4,"Spiderweb",4,"right",FALSE,"middle",TRUE,56,FALSE,TRUE,FALSE,"middle","middle",FALSE,TRUE,FALSE,"middle","right",FALSE
"6825af939111d286546fdde6","Towels",4,"Meat",4,"Rice",4,"middle",FALSE,"right",FALSE,56,TRUE,FALSE,FALSE,"middle","right",FALSE,TRUE,FALSE,"right","middle",FALSE
"67164c92298409e37c670b3d","Lizard",1,"Rabbit",4,"Shoes",4,"right",FALSE,"middle",TRUE,56,FALSE,FALSE,TRUE,"middle","left",FALSE,FALSE,TRUE,"middle","right",FALSE
"682b3f63d0e2c4eff64fe664","Battery",1,"Elephant",5,"Bracelet",5,"right",FALSE,"middle",TRUE,56,FALSE,FALSE,TRUE,"middle","left",FALSE,FALSE,TRUE,"middle","right",TRUE
"5d3695969749cc00165c222f","Bowl",1,"Towels",1,"Keys",1,"left",FALSE,"right",TRUE,56,FALSE,TRUE,FALSE,"right","right",FALSE,TRUE,FALSE,"right","left",TRUE
"664521e03117b782ed4fff45","Computer",1,"Oranges",2,"Sink",2,"middle",TRUE,"middle",TRUE,56,TRUE,FALSE,FALSE,"middle","left",TRUE,FALSE,FALSE,"middle","middle",FALSE
"5f0db498f5e4e102c0f65b67","Boat",5,"Slide",2,"Movie",2,"right",FALSE,"right",FALSE,52,FALSE,FALSE,TRUE,"middle","left",TRUE,FALSE,FALSE,"right","right",FALSE
"6773dea609f77d473900997a","Curtain",3,"Ghost",5,"Sink",5,"right",FALSE,"left",TRUE,56,FALSE,FALSE,TRUE,"left","middle",FALSE,FALSE,TRUE,"left","right",TRUE
"637fcee60a8378c1c3a65898","Iron",3,"Jump rope",3,"Taco",3,"left",FALSE,"right",TRUE,56,FALSE,FALSE,TRUE,"right","middle",FALSE,FALSE,TRUE,"right","left",FALSE
"63f77a5dde1ea03305e119e0","Hands",2,"Apples",5,"Boots",5,"middle",TRUE,"middle",TRUE,56,TRUE,FALSE,FALSE,"middle","right",TRUE,FALSE,FALSE,"middle","middle",FALSE
"5fbf90f025a567296d943c7e","Crown",4,"Rock",5,"Puzzles",5,"right",FALSE,"middle",TRUE,56,FALSE,TRUE,FALSE,"middle","middle",FALSE,TRUE,FALSE,"middle","right",FALSE
"636d6ce3fb3683ff33f9e514","Box",5,"Ankle",2,"Money",2,"right",FALSE,"right",FALSE,56,FALSE,FALSE,TRUE,"left","middle",TRUE,FALSE,FALSE,"right","right",FALSE
"5af2a03697a14300017d2ba4","Wagon",1,"Heart",2,"Soup",2,"left",FALSE,"right",TRUE,56,FALSE,FALSE,TRUE,"right","middle",FALSE,FALSE,TRUE,"right","left",FALSE
"60e3a25e8be835f754795d93","Yogurt",1,"Shorts",4,"Bubbles",4,"middle",FALSE,"right",TRUE,56,FALSE,FALSE,TRUE,"right","left",FALSE,FALSE,TRUE,"right","middle",TRUE
"66b5172c8f0bd3b23ce66c22","Baby",3,"Necklace",5,"House",5,"middle",FALSE,"right",TRUE,57,FALSE,TRUE,FALSE,"right","right",FALSE,TRUE,FALSE,"right","middle",FALSE
"5ba60abd9629a90001b36fdc","Rainbow",5,"Bird",4,"Grapes",4,"right",TRUE,"right",TRUE,57,TRUE,FALSE,FALSE,"right","left",TRUE,FALSE,FALSE,"right","right",FALSE
"65dc99d0191a135ab835bf69","Cable",5,"Underwear",2,"Washcloth",2,"middle",FALSE,"left",TRUE,57,FALSE,FALSE,TRUE,"left","right",FALSE,FALSE,TRUE,"left","middle",FALSE
"60fe7bf61c7567f5cca9ade6","Juice",3,"TV",1,"Soup",1,"left",FALSE,"left",TRUE,57,TRUE,FALSE,FALSE,"left","right",TRUE,FALSE,FALSE,"left","left",TRUE
"5c9d88bb2b3c77001744ec1c","Bus",5,"Sand",3,"Suitcase",3,"right",FALSE,"right",FALSE,57,FALSE,FALSE,TRUE,"left","middle",TRUE,FALSE,FALSE,"right","right",FALSE
"5e283f576dbb560114ac7714","Sandals",5,"Dolphin",5,"Refrigerator",5,"right",FALSE,"middle",TRUE,57,FALSE,FALSE,TRUE,"middle","left",FALSE,FALSE,TRUE,"middle","right",FALSE
"62e02b1ed5b0fbc1b1dc09e7","Computer",5,"Boat",4,"Glove",4,"left",FALSE,"middle",TRUE,57,FALSE,FALSE,TRUE,"middle","right",FALSE,FALSE,TRUE,"middle","left",FALSE
"5ecf9b46617a9b3dd56b3fe3","Umbrella",5,"Baby",2,"Barn",2,"left",FALSE,"left",FALSE,57,FALSE,FALSE,TRUE,"middle","right",TRUE,FALSE,FALSE,"left","left",TRUE
"590b3401182caf0001ab5801","Spider",4,"Crackers",4,"Barn",4,"right",FALSE,"middle",TRUE,57,FALSE,FALSE,TRUE,"middle","left",FALSE,FALSE,TRUE,"middle","right",FALSE
"65c11389b0d2ba8e63cb8b22","Cup",4,"Table",4,"Bacon",4,"middle",FALSE,"right",TRUE,57,FALSE,FALSE,TRUE,"right","left",FALSE,FALSE,TRUE,"right","middle",FALSE
"5d15160539eeea001683830c","Fly",4,"Turtle",5,"Rain",5,"right",FALSE,"middle",TRUE,57,FALSE,FALSE,TRUE,"middle","left",FALSE,FALSE,TRUE,"middle","right",FALSE
"6620b6a209127dafd5b2dfb9","Comb",2,"Backpack",3,"Triangle",3,"right",FALSE,"middle",TRUE,57,FALSE,TRUE,FALSE,"middle","middle",FALSE,TRUE,FALSE,"middle","right",FALSE
"56c65a5a305eaa0005f2a634","Mouse",1,"Feather",4,"Slide",4,"left",FALSE,"right",TRUE,57,FALSE,FALSE,TRUE,"right","middle",FALSE,FALSE,TRUE,"right","left",FALSE
"59fb1518b47dfc0001b6659b","Bacon",4,"Eyes",4,"Cloud",4,"left",FALSE,"middle",TRUE,57,FALSE,TRUE,FALSE,"middle","middle",FALSE,TRUE,FALSE,"middle","left",FALSE
"602c0fc2eff74b4748e9b41e","Watch",3,"Cherry",4,"Dolphin",4,"middle",TRUE,"left",FALSE,57,TRUE,FALSE,FALSE,"middle","left",FALSE,TRUE,FALSE,"left","middle",FALSE
"5bcc98d1db645700015222b5","Elephant",2,"Stamps",2,"Balloons",2,"left",FALSE,"middle",FALSE,57,TRUE,FALSE,FALSE,"left","right",FALSE,FALSE,TRUE,"middle","left",FALSE
"6773e6e6b205d22a2e097735","Gorilla",2,"Tongue",5,"Turtle",5,"right",FALSE,"right",FALSE,57,FALSE,FALSE,TRUE,"middle","left",TRUE,FALSE,FALSE,"right","right",FALSE
"67505c42a18c872bab88ed42","Hands",1,"Tractor",1,"Ladder",1,"middle",FALSE,"right",TRUE,57,FALSE,FALSE,TRUE,"right","left",FALSE,FALSE,TRUE,"right","middle",FALSE
"62a1e021702679d27813a3e2","Tiger",5,"Hamburger",3,"Tractor",3,"middle",FALSE,"left",TRUE,57,FALSE,TRUE,FALSE,"left","left",FALSE,TRUE,FALSE,"left","middle",FALSE
"639f294882a3797f77a3dd81","Butterfly",5,"Plate",3,"Cloud",3,"middle",FALSE,"left",TRUE,57,FALSE,TRUE,FALSE,"left","left",FALSE,TRUE,FALSE,"left","middle",FALSE
"654bc148c95bca00d541ec33","Nose",3,"Peas",5,"CD",5,"right",FALSE,"middle",TRUE,57,FALSE,FALSE,TRUE,"middle","left",FALSE,FALSE,TRUE,"middle","right",TRUE
"5d23460ad4c57900192b129c","Cake",4,"Window",2,"Underwear",2,"right",FALSE,"right",FALSE,57,FALSE,TRUE,FALSE,"left","left",TRUE,FALSE,FALSE,"right","right",FALSE
"67673cda94b4d0cf1a6a7382","Towels",1,"Elbow",5,"Yo-yo",5,"left",FALSE,"right",TRUE,57,FALSE,FALSE,TRUE,"right","middle",FALSE,FALSE,TRUE,"right","left",FALSE
"5c4f5967aac8be0001716a65","Scissors",1,"Train",3,"Crown",3,"right",FALSE,"right",TRUE,57,TRUE,FALSE,FALSE,"right","left",TRUE,FALSE,FALSE,"right","right",FALSE
"67758c9a30d6819221153393","Soda",4,"Keys",1,"Moon",1,"left",FALSE,"left",TRUE,57,TRUE,FALSE,FALSE,"left","right",TRUE,FALSE,FALSE,"left","left",FALSE
"66b37344796f45313433abc8","Flashlight",4,"Slide",1,"Glue",1,"right",FALSE,"right",TRUE,57,TRUE,FALSE,FALSE,"right","middle",TRUE,FALSE,FALSE,"right","right",FALSE
"632096b5574155e8727c50cc","Leg",2,"Duck",5,"Meat",5,"middle",FALSE,"middle",TRUE,57,TRUE,FALSE,FALSE,"middle","right",TRUE,FALSE,FALSE,"middle","middle",FALSE
"66dcc0e54f44ccecf2730c76","Bat",3,"Bowl",1,"Wing",1,"middle",FALSE,"right",TRUE,57,FALSE,FALSE,TRUE,"right","left",FALSE,FALSE,TRUE,"right","middle",TRUE
"60fac7ec133b6bf250d6d668","Cable",4,"Motorcycle",3,"Sink",3,"middle",FALSE,"left",TRUE,57,FALSE,FALSE,TRUE,"left","right",FALSE,FALSE,TRUE,"left","middle",FALSE
"5e459f61418f610891628564","Spiderweb",1,"Stick",4,"Sweater",4,"middle",FALSE,"middle",TRUE,57,TRUE,FALSE,FALSE,"middle","right",TRUE,FALSE,FALSE,"middle","middle",FALSE
"5e89ec793c01b3685a00bb12","Cereal",3,"House",5,"Stamps",5,"right",FALSE,"middle",TRUE,57,FALSE,FALSE,TRUE,"middle","left",FALSE,FALSE,TRUE,"middle","right",FALSE
"631d197eba06364cbea7fab2","Pan",5,"Milk",1,"Knee",1,"right",FALSE,"right",FALSE,57,FALSE,FALSE,TRUE,"left","middle",TRUE,FALSE,FALSE,"right","right",TRUE
"61656042f505fd7fa53e8628","Frog",4,"Box",1,"Fence",1,"right",FALSE,"middle",TRUE,53,FALSE,FALSE,TRUE,"middle","left",FALSE,FALSE,TRUE,"middle","right",FALSE
"66fd3f6c93c24ecc119be354","Bottle",1,"Heart",1,"Cake",1,"middle",FALSE,"right",TRUE,57,FALSE,FALSE,TRUE,"right","left",FALSE,FALSE,TRUE,"right","middle",TRUE
"5af1a4bc6e136b0001411714","Table",1,"Ostrich",2,"Straw",2,"right",FALSE,"left",TRUE,57,FALSE,FALSE,TRUE,"left","middle",FALSE,FALSE,TRUE,"left","right",FALSE
"60ed501279c68ea1a313d0aa","Juice",2,"Bed",4,"Rock",4,"left",FALSE,"left",FALSE,57,FALSE,TRUE,FALSE,"right","right",TRUE,FALSE,FALSE,"left","left",FALSE
"5bf2f728bd9f150001f6cc42","Bubbles",2,"Microphone",4,"Watch",4,"right",FALSE,"right",FALSE,57,FALSE,TRUE,FALSE,"middle","middle",TRUE,FALSE,FALSE,"right","right",FALSE
"59a734ce0c87a000017481ed","Diaper",4,"Yo-yo",5,"Puppets",5,"left",FALSE,"middle",FALSE,57,TRUE,FALSE,FALSE,"left","right",FALSE,FALSE,TRUE,"middle","left",FALSE
"615e420a23219efe3427a367","Shirt",5,"Chopsticks",4,"Stars",4,"left",FALSE,"right",TRUE,57,FALSE,TRUE,FALSE,"right","right",FALSE,TRUE,FALSE,"right","left",FALSE
"66b244a2f436437d3e109bbe","Rainbow",5,"Fries",3,"Sweater",3,"left",FALSE,"middle",TRUE,57,FALSE,FALSE,TRUE,"middle","right",FALSE,FALSE,TRUE,"middle","left",TRUE
"5f1b05a8703c380d1393bb27","Grass",5,"Octopus",2,"Corn",2,"middle",FALSE,"middle",TRUE,57,TRUE,FALSE,FALSE,"middle","right",TRUE,FALSE,FALSE,"middle","middle",FALSE
"6684497541f835bd67a199b2","Bubbles",2,"Computer",4,"Lunch",4,"middle",FALSE,"right",TRUE,57,FALSE,FALSE,TRUE,"right","left",FALSE,FALSE,TRUE,"right","middle",FALSE
"5eeddefa177a7322144cbc5e","Juice",5,"TV",2,"Fork",2,"left",FALSE,"left",TRUE,57,TRUE,FALSE,FALSE,"left","middle",TRUE,FALSE,FALSE,"left","left",FALSE
"63ee9abfa262bea95766dd9c","Crayons",1,"Wheel",1,"Tractor",1,"middle",FALSE,"right",FALSE,57,TRUE,FALSE,FALSE,"middle","left",FALSE,FALSE,TRUE,"right","middle",TRUE
"66cfab152c56aa0472529001","Dog",1,"Tummy",4,"Doughnut",4,"left",FALSE,"middle",FALSE,57,FALSE,FALSE,TRUE,"right","middle",FALSE,TRUE,FALSE,"middle","left",TRUE
"6571fd9d691befe21fa61d18","Heart",1,"Goal",5,"Vacuum",5,"middle",FALSE,"middle",TRUE,57,TRUE,FALSE,FALSE,"middle","left",TRUE,FALSE,FALSE,"middle","middle",FALSE
"66312361cf5d4099e1330532","Candle",2,"Tummy",5,"Pillow",5,"left",FALSE,"middle",TRUE,57,FALSE,FALSE,TRUE,"middle","right",FALSE,FALSE,TRUE,"middle","left",FALSE
"6722ea20fb84b196f0a649b6","Potatoes",2,"Teddy Bear",3,"Bathtub",3,"right",FALSE,"right",TRUE,57,TRUE,FALSE,FALSE,"right","left",TRUE,FALSE,FALSE,"right","right",FALSE
"5ddce9f0f85b50c4fc1515a4","Bread",4,"Butter",3,"Crown",3,"left",FALSE,"left",TRUE,57,TRUE,FALSE,FALSE,"left","right",TRUE,FALSE,FALSE,"left","left",FALSE
"5c3bdbf548ad2900017fac31","Bandaid",4,"Tractor",4,"Dog",4,"left",FALSE,"middle",FALSE,57,TRUE,FALSE,FALSE,"left","middle",FALSE,TRUE,FALSE,"middle","left",FALSE
"6844a1b95271dfc560af4709","Popcorn",3,"Fly",2,"Airplane",2,"right",FALSE,"right",TRUE,57,TRUE,FALSE,FALSE,"right","left",TRUE,FALSE,FALSE,"right","right",FALSE
"5e121701dc79bd8a1a22ca99","Airplane",2,"Sofa",3,"Peas",3,"middle",FALSE,"right",TRUE,53,FALSE,FALSE,TRUE,"right","left",FALSE,FALSE,TRUE,"right","middle",FALSE
"616ef680ab8ca318a227f5ec","Clown",1,"Fire",3,"Hammer",3,"right",FALSE,"left",TRUE,57,FALSE,FALSE,TRUE,"left","middle",FALSE,FALSE,TRUE,"left","right",FALSE
"66d9cd06e207a93377f7820e","Fork",4,"Cupcake",1,"Napkin",1,"middle",FALSE,"right",TRUE,57,FALSE,FALSE,TRUE,"right","left",FALSE,FALSE,TRUE,"right","middle",TRUE
"5962a5b29955ee00015bce98","Shirt",1,"Lizard",5,"Mirror",5,"left",FALSE,"left",TRUE,57,TRUE,FALSE,FALSE,"left","middle",TRUE,FALSE,FALSE,"left","left",TRUE
"641384b3dffcf39ec42d3c23","Pool",4,"Bucket",2,"Box",2,"middle",FALSE,"middle",TRUE,57,TRUE,FALSE,FALSE,"middle","right",TRUE,FALSE,FALSE,"middle","middle",FALSE
"59692d61355b45000106c592","Bridge",5,"Towels",3,"Pig",3,"right",FALSE,"right",FALSE,57,FALSE,FALSE,TRUE,"left","middle",TRUE,FALSE,FALSE,"right","right",FALSE
"5dd05d80b2204f1487f7812c","Tissue",2,"Juice",2,"Vacuum",2,"right",FALSE,"middle",TRUE,57,FALSE,TRUE,FALSE,"middle","middle",FALSE,TRUE,FALSE,"middle","right",FALSE
"6321d9c78e8e3c04f82a0ea0","Pretzel",1,"Strawberries",2,"Computer",2,"middle",TRUE,"middle",FALSE,57,FALSE,FALSE,TRUE,"right","left",TRUE,FALSE,FALSE,"middle","middle",FALSE
"632d189d6b8f03d0d3db4c48","Ostrich",1,"Stove",5,"Books",5,"middle",FALSE,"middle",TRUE,57,TRUE,FALSE,FALSE,"middle","right",TRUE,FALSE,FALSE,"middle","middle",TRUE
"63b3377ca1ccdfc7cc567503","Ankle",4,"Tongue",1,"Teddy Bear",1,"middle",FALSE,"right",TRUE,57,FALSE,FALSE,TRUE,"right","left",FALSE,FALSE,TRUE,"right","middle",TRUE
"6678813aec86d687a654dedb","Can",4,"Sink",2,"Balls",2,"middle",FALSE,"left",TRUE,57,FALSE,TRUE,FALSE,"left","left",FALSE,TRUE,FALSE,"left","middle",FALSE
"55cce6ea34e90600058d1e6d","Soda",1,"Carrots",3,"Oranges",3,"right",TRUE,"right",FALSE,57,FALSE,TRUE,FALSE,"middle","middle",TRUE,FALSE,FALSE,"right","right",FALSE
"6658bba1a51a037d25bb677e","Butterfly",5,"Apples",1,"Bread",1,"middle",TRUE,"middle",TRUE,57,TRUE,FALSE,FALSE,"middle","left",TRUE,FALSE,FALSE,"middle","middle",TRUE
"60f5df9db9380d875c320307","Glasses",1,"Flashlight",1,"Cheese",1,"middle",FALSE,"middle",FALSE,57,FALSE,FALSE,TRUE,"right","left",TRUE,FALSE,FALSE,"middle","middle",FALSE
"63d5b810f3dbbd11e7e65870","Corn",3,"Sunglasses",2,"Tape",2,"left",FALSE,"left",TRUE,57,TRUE,FALSE,FALSE,"left","middle",TRUE,FALSE,FALSE,"left","left",FALSE
"66d1fdd400acfdbc181f41e0","Dress",2,"Mirror",3,"Arm",3,"right",FALSE,"right",FALSE,57,FALSE,TRUE,FALSE,"middle","middle",TRUE,FALSE,FALSE,"right","right",FALSE
"67b636c4ea38855cbb08ffe3","Yogurt",5,"Pudding",2,"Hose",2,"left",FALSE,"right",TRUE,57,FALSE,FALSE,TRUE,"right","middle",FALSE,FALSE,TRUE,"right","left",FALSE
"5e1b795dc799223a3b447ada","Jacket",4,"Yogurt",2,"Bed",2,"middle",FALSE,"middle",FALSE,57,FALSE,FALSE,TRUE,"right","left",TRUE,FALSE,FALSE,"middle","middle",FALSE
"5c5cad3e4ee81200018eafe2","Fire",2,"Lizard",2,"Dresser",2,"left",FALSE,"right",TRUE,57,FALSE,FALSE,TRUE,"right","middle",FALSE,FALSE,TRUE,"right","left",FALSE
"5bc5be2572df5f00014479f9","Motorcycle",3,"Fire truck",4,"Hot Dog",4,"middle",FALSE,"right",TRUE,57,FALSE,FALSE,TRUE,"right","left",FALSE,FALSE,TRUE,"right","middle",FALSE
"5f8f436e4676a71879786b95","Fish",5,"Lamp",3,"Window",3,"left",FALSE,"right",TRUE,57,FALSE,TRUE,FALSE,"right","right",FALSE,TRUE,FALSE,"right","left",FALSE
"669053bbebafdd430e770142","Table",1,"Necklace",3,"Clock",3,"right",FALSE,"middle",TRUE,57,FALSE,FALSE,TRUE,"middle","left",FALSE,FALSE,TRUE,"middle","right",FALSE
"677419f93048c66d62d2bf87","Spaghetti",2,"Paints",3,"Elbow",3,"right",FALSE,"right",FALSE,57,FALSE,TRUE,FALSE,"middle","middle",TRUE,FALSE,FALSE,"right","right",FALSE
"574aff1b5bef980007af2745","Slinky",2,"Sheep",4,"Pear",4,"right",TRUE,"right",TRUE,57,TRUE,FALSE,FALSE,"right","middle",TRUE,FALSE,FALSE,"right","right",FALSE
"58404fd8ad98e40001ce915f","Pancakes",5,"Hips",4,"Money",4,"middle",FALSE,"left",TRUE,57,FALSE,TRUE,FALSE,"left","left",FALSE,TRUE,FALSE,"left","middle",FALSE
"5de8887aa2db898017debf1a","House",4,"Tractor",3,"Toothbrush",3,"left",FALSE,"left",TRUE,57,TRUE,FALSE,FALSE,"left","right",TRUE,FALSE,FALSE,"left","left",FALSE
"59d949cf8fd07a000184247e","Notebook",5,"Candy",5,"Moon",5,"right",FALSE,"middle",TRUE,57,FALSE,TRUE,FALSE,"middle","middle",FALSE,TRUE,FALSE,"middle","right",FALSE
"662945728093113a43ab8077","Notebook",5,"Can",3,"Doughnut",3,"right",FALSE,"right",TRUE,57,TRUE,FALSE,FALSE,"right","left",TRUE,FALSE,FALSE,"right","right",TRUE
"676058418c08c71e4bb7cbd1","Newspaper",5,"Dress",2,"Bandaid",2,"left",FALSE,"right",FALSE,57,TRUE,FALSE,FALSE,"left","middle",FALSE,FALSE,TRUE,"right","left",TRUE
"6643d22289210a4edf21e84d","Net",3,"Butter",3,"Bowl",3,"left",FALSE,"right",TRUE,57,FALSE,FALSE,TRUE,"right","middle",FALSE,FALSE,TRUE,"right","left",FALSE
"58954e2dc88c680001dd4b7e","Pancakes",4,"Vacuum",3,"Snow",3,"left",FALSE,"left",TRUE,57,TRUE,FALSE,FALSE,"left","middle",TRUE,FALSE,FALSE,"left","left",TRUE
"5b757a03976ecb0001b1168f","Shoes",3,"Mountain",5,"Shovel",5,"left",FALSE,"middle",TRUE,57,FALSE,TRUE,FALSE,"middle","middle",FALSE,TRUE,FALSE,"middle","left",FALSE
"681b781064a5701a5ceee3bc","Cup",5,"Camera",1,"Jacket",1,"left",FALSE,"left",FALSE,57,FALSE,FALSE,TRUE,"right","middle",TRUE,FALSE,FALSE,"left","left",TRUE
"6716c6700f376dc7f534af9d","Bread",1,"Tissue",1,"Mouth",1,"left",FALSE,"left",TRUE,57,TRUE,FALSE,FALSE,"left","middle",TRUE,FALSE,FALSE,"left","left",FALSE
"671a3ac3dada5efe6d439698","Bananas",1,"Mouse",5,"Bottle",5,"left",TRUE,"left",TRUE,57,TRUE,FALSE,FALSE,"left","middle",TRUE,FALSE,FALSE,"left","left",FALSE
"676b89007874c8eace113276","Curtain",2,"House",5,"Paints",5,"left",FALSE,"middle",TRUE,57,FALSE,TRUE,FALSE,"middle","middle",FALSE,TRUE,FALSE,"middle","left",FALSE
"6825af939111d286546fdde6","Wing",2,"Microphone",4,"Stairs",4,"left",FALSE,"middle",TRUE,57,FALSE,FALSE,TRUE,"middle","right",FALSE,FALSE,TRUE,"middle","left",FALSE
"67164c92298409e37c670b3d","Moon",4,"Mouth",3,"Straw",3,"middle",FALSE,"left",FALSE,57,FALSE,FALSE,TRUE,"right","left",FALSE,TRUE,FALSE,"left","middle",FALSE
"682b3f63d0e2c4eff64fe664","Iron",3,"Soup",5,"Soap",5,"right",FALSE,"middle",TRUE,57,FALSE,FALSE,TRUE,"middle","left",FALSE,FALSE,TRUE,"middle","right",TRUE
"5d3695969749cc00165c222f","Hips",2,"Apples",5,"Sun",5,"middle",TRUE,"middle",TRUE,57,TRUE,FALSE,FALSE,"middle","right",TRUE,FALSE,FALSE,"middle","middle",TRUE
"664521e03117b782ed4fff45","Dog",1,"Soap",1,"Sweater",1,"middle",FALSE,"middle",TRUE,57,TRUE,FALSE,FALSE,"middle","left",TRUE,FALSE,FALSE,"middle","middle",FALSE
"5f0db498f5e4e102c0f65b67","Shoes",1,"Strawberries",4,"Sofa",4,"middle",TRUE,"middle",TRUE,53,TRUE,FALSE,FALSE,"middle","left",TRUE,FALSE,FALSE,"middle","middle",FALSE
"6773dea609f77d473900997a","Bear",4,"Balloons",3,"Camera",3,"right",FALSE,"left",TRUE,57,FALSE,FALSE,TRUE,"left","middle",FALSE,FALSE,TRUE,"left","right",TRUE
"637fcee60a8378c1c3a65898","Bow",2,"Hanger",3,"Truck",3,"right",FALSE,"middle",FALSE,57,TRUE,FALSE,FALSE,"right","middle",FALSE,TRUE,FALSE,"middle","right",FALSE
"63f77a5dde1ea03305e119e0","Squirrel",2,"Ankle",1,"Watch",1,"middle",FALSE,"left",TRUE,57,FALSE,FALSE,TRUE,"left","right",FALSE,FALSE,TRUE,"left","middle",FALSE
"5fbf90f025a567296d943c7e","Horse",5,"Scooter",2,"Net",2,"right",FALSE,"left",TRUE,57,FALSE,FALSE,TRUE,"left","middle",FALSE,FALSE,TRUE,"left","right",FALSE
"636d6ce3fb3683ff33f9e514","Spoon",3,"Scooter",2,"Pudding",2,"right",FALSE,"left",TRUE,57,FALSE,FALSE,TRUE,"left","middle",FALSE,FALSE,TRUE,"left","right",FALSE
"5af2a03697a14300017d2ba4","Glove",2,"Knife",4,"Underwear",4,"left",FALSE,"middle",TRUE,57,FALSE,TRUE,FALSE,"middle","middle",FALSE,TRUE,FALSE,"middle","left",FALSE
"60e3a25e8be835f754795d93","Pencil",1,"Teddy Bear",5,"Coloring Book",5,"middle",FALSE,"middle",TRUE,57,TRUE,FALSE,FALSE,"middle","left",TRUE,FALSE,FALSE,"middle","middle",TRUE
"66b5172c8f0bd3b23ce66c22","Cow",3,"Spider",2,"Ostrich",2,"left",FALSE,"middle",TRUE,58,FALSE,FALSE,TRUE,"middle","right",FALSE,FALSE,TRUE,"middle","left",FALSE
"5ba60abd9629a90001b36fdc","Books",3,"Kangaroo",5,"Circle",5,"right",FALSE,"middle",TRUE,58,FALSE,FALSE,TRUE,"middle","left",FALSE,FALSE,TRUE,"middle","right",FALSE
"65dc99d0191a135ab835bf69","Watch",4,"Hair",3,"Rock",3,"middle",FALSE,"left",TRUE,58,FALSE,FALSE,TRUE,"left","right",FALSE,FALSE,TRUE,"left","middle",FALSE
"60fe7bf61c7567f5cca9ade6","Towels",1,"Elbow",4,"Snow",4,"left",FALSE,"left",TRUE,58,TRUE,FALSE,FALSE,"left","right",TRUE,FALSE,FALSE,"left","left",TRUE
"5c9d88bb2b3c77001744ec1c","Stick",3,"Soup",1,"Earring",1,"right",FALSE,"right",FALSE,58,FALSE,FALSE,TRUE,"left","middle",TRUE,FALSE,FALSE,"right","right",FALSE
"5e283f576dbb560114ac7714","Button",4,"Pancakes",5,"Flower",5,"right",FALSE,"left",TRUE,58,FALSE,TRUE,FALSE,"left","left",FALSE,TRUE,FALSE,"left","right",FALSE
"62e02b1ed5b0fbc1b1dc09e7","Pancakes",5,"Hoop",5,"Shirt",5,"left",FALSE,"left",TRUE,58,TRUE,FALSE,FALSE,"left","right",TRUE,FALSE,FALSE,"left","left",FALSE
"5ecf9b46617a9b3dd56b3fe3","Cheese",5,"Bracelet",2,"Bug",2,"left",FALSE,"left",TRUE,58,TRUE,FALSE,FALSE,"left","right",TRUE,FALSE,FALSE,"left","left",TRUE
"590b3401182caf0001ab5801","Fork",5,"Tummy",3,"Table",3,"middle",FALSE,"right",TRUE,58,FALSE,FALSE,TRUE,"right","left",FALSE,FALSE,TRUE,"right","middle",FALSE
"65c11389b0d2ba8e63cb8b22","Toes",4,"Fire",3,"Soup",3,"right",FALSE,"right",FALSE,58,FALSE,TRUE,FALSE,"left","left",TRUE,FALSE,FALSE,"right","right",FALSE
"5d15160539eeea001683830c","Potatoes",5,"Taco",4,"Belt",4,"right",FALSE,"left",TRUE,58,FALSE,TRUE,FALSE,"left","left",FALSE,TRUE,FALSE,"left","right",FALSE
"6620b6a209127dafd5b2dfb9","Nest",4,"Kangaroo",2,"Lamp",2,"left",FALSE,"middle",TRUE,58,FALSE,TRUE,FALSE,"middle","middle",FALSE,TRUE,FALSE,"middle","left",FALSE
"56c65a5a305eaa0005f2a634","Chicken",3,"Stove",1,"Soup",1,"left",FALSE,"middle",FALSE,58,TRUE,FALSE,FALSE,"left","middle",FALSE,TRUE,FALSE,"middle","left",FALSE
"59fb1518b47dfc0001b6659b","Fly",5,"Horse",3,"Shovel",3,"right",FALSE,"right",TRUE,58,TRUE,FALSE,FALSE,"right","middle",TRUE,FALSE,FALSE,"right","right",FALSE
"602c0fc2eff74b4748e9b41e","Refrigerator",2,"Tongue",5,"Head",5,"middle",FALSE,"middle",TRUE,58,TRUE,FALSE,FALSE,"middle","left",TRUE,FALSE,FALSE,"middle","middle",FALSE
"5bcc98d1db645700015222b5","Pajamas",1,"Bell",2,"Horse",2,"middle",FALSE,"right",TRUE,58,FALSE,TRUE,FALSE,"right","right",FALSE,TRUE,FALSE,"right","middle",FALSE
"6773e6e6b205d22a2e097735","Sink",5,"Horse",4,"Sweater",4,"right",FALSE,"middle",TRUE,58,FALSE,FALSE,TRUE,"middle","left",FALSE,FALSE,TRUE,"middle","right",FALSE
"67505c42a18c872bab88ed42","Tiger",2,"Soda",2,"Ankle",2,"middle",FALSE,"middle",FALSE,58,FALSE,TRUE,FALSE,"left","left",TRUE,FALSE,FALSE,"middle","middle",FALSE
"62a1e021702679d27813a3e2","Zebra",2,"Spider",1,"Bean",1,"right",FALSE,"right",FALSE,58,FALSE,TRUE,FALSE,"left","left",TRUE,FALSE,FALSE,"right","right",FALSE
"639f294882a3797f77a3dd81","Keys",1,"Spoon",4,"Bone",4,"middle",FALSE,"middle",TRUE,58,TRUE,FALSE,FALSE,"middle","left",TRUE,FALSE,FALSE,"middle","middle",FALSE
"654bc148c95bca00d541ec33","Dolls",1,"Soda",2,"Toothpaste",2,"middle",FALSE,"middle",TRUE,58,TRUE,FALSE,FALSE,"middle","left",TRUE,FALSE,FALSE,"middle","middle",TRUE
"5d23460ad4c57900192b129c","Bell",3,"Gorilla",1,"Scissors",1,"middle",FALSE,"right",TRUE,58,FALSE,FALSE,TRUE,"right","left",FALSE,FALSE,TRUE,"right","middle",FALSE
"67673cda94b4d0cf1a6a7382","Tummy",1,"Shoulders",3,"Squirrel",3,"right",FALSE,"right",FALSE,58,FALSE,TRUE,FALSE,"middle","middle",TRUE,FALSE,FALSE,"right","right",FALSE
"5c4f5967aac8be0001716a65","Skateboard",1,"Bottle",4,"Gorilla",4,"middle",FALSE,"right",TRUE,58,FALSE,FALSE,TRUE,"right","left",FALSE,FALSE,TRUE,"right","middle",FALSE
"67758c9a30d6819221153393","Umbrella",5,"Cup",2,"Princess",2,"middle",FALSE,"left",TRUE,58,FALSE,FALSE,TRUE,"left","right",FALSE,FALSE,TRUE,"left","middle",FALSE
"66b37344796f45313433abc8","Pudding",1,"Puzzles",3,"Bread",3,"right",FALSE,"right",FALSE,58,FALSE,TRUE,FALSE,"middle","middle",TRUE,FALSE,FALSE,"right","right",FALSE
"632096b5574155e8727c50cc","Bracelet",3,"Mirror",4,"Shoes",4,"middle",FALSE,"middle",FALSE,58,FALSE,TRUE,FALSE,"right","right",TRUE,FALSE,FALSE,"middle","middle",FALSE
"66dcc0e54f44ccecf2730c76","Swimsuit",5,"Bagel",2,"CD",2,"right",FALSE,"right",TRUE,58,TRUE,FALSE,FALSE,"right","left",TRUE,FALSE,FALSE,"right","right",TRUE
"60fac7ec133b6bf250d6d668","Tie",1,"Teapot",4,"Door",4,"middle",FALSE,"middle",TRUE,58,TRUE,FALSE,FALSE,"middle","right",TRUE,FALSE,FALSE,"middle","middle",FALSE
"5e459f61418f610891628564","Zipper",4,"String",2,"Chips",2,"middle",FALSE,"right",TRUE,58,FALSE,TRUE,FALSE,"right","right",FALSE,TRUE,FALSE,"right","middle",FALSE
"5e89ec793c01b3685a00bb12","Rice",2,"Cloud",1,"Skateboard",1,"middle",FALSE,"right",TRUE,58,FALSE,FALSE,TRUE,"right","left",FALSE,FALSE,TRUE,"right","middle",FALSE
"631d197eba06364cbea7fab2","Spaghetti",2,"Bathtub",5,"Rabbit",5,"right",FALSE,"left",FALSE,58,TRUE,FALSE,FALSE,"right","middle",FALSE,FALSE,TRUE,"left","right",TRUE
"61656042f505fd7fa53e8628","Mouse",2,"Jacket",4,"Play dough",4,"right",FALSE,"middle",TRUE,54,FALSE,FALSE,TRUE,"middle","left",FALSE,FALSE,TRUE,"middle","right",FALSE
"66fd3f6c93c24ecc119be354","Ear",1,"Bed",2,"Pot",2,"middle",FALSE,"middle",TRUE,58,TRUE,FALSE,FALSE,"middle","left",TRUE,FALSE,FALSE,"middle","middle",TRUE
"5af1a4bc6e136b0001411714","Earring",3,"Chair",2,"Bow",2,"left",FALSE,"left",TRUE,58,TRUE,FALSE,FALSE,"left","middle",TRUE,FALSE,FALSE,"left","left",FALSE
"60ed501279c68ea1a313d0aa","Peas",5,"Ankle",4,"Princess",4,"left",FALSE,"left",FALSE,58,FALSE,FALSE,TRUE,"middle","right",TRUE,FALSE,FALSE,"left","left",FALSE
"5bf2f728bd9f150001f6cc42","Giraffe",3,"Sand",1,"Stool",1,"left",FALSE,"left",TRUE,58,TRUE,FALSE,FALSE,"left","middle",TRUE,FALSE,FALSE,"left","left",FALSE
"59a734ce0c87a000017481ed","Money",3,"Oranges",2,"Turtle",2,"middle",TRUE,"middle",TRUE,58,TRUE,FALSE,FALSE,"middle","right",TRUE,FALSE,FALSE,"middle","middle",FALSE
"615e420a23219efe3427a367","Tape",4,"Fish",3,"Sticker",3,"middle",FALSE,"middle",FALSE,58,FALSE,FALSE,TRUE,"left","right",TRUE,FALSE,FALSE,"middle","middle",FALSE
"66b244a2f436437d3e109bbe","Hammer",2,"Iron",4,"Slide",4,"middle",FALSE,"middle",TRUE,58,TRUE,FALSE,FALSE,"middle","right",TRUE,FALSE,FALSE,"middle","middle",TRUE
"5f1b05a8703c380d1393bb27","Sandwich",2,"Bridge",4,"Pretzel",4,"middle",FALSE,"left",FALSE,58,FALSE,TRUE,FALSE,"right","right",FALSE,FALSE,TRUE,"left","middle",FALSE
"6684497541f835bd67a199b2","Teapot",4,"Bead",1,"Yogurt",1,"right",FALSE,"right",TRUE,58,TRUE,FALSE,FALSE,"right","left",TRUE,FALSE,FALSE,"right","right",FALSE
"5eeddefa177a7322144cbc5e","Horse",3,"Kangaroo",1,"Ostrich",1,"right",FALSE,"left",FALSE,58,TRUE,FALSE,FALSE,"right","middle",FALSE,FALSE,TRUE,"left","right",FALSE
"63ee9abfa262bea95766dd9c","Jacket",3,"Candy",4,"Broom",4,"middle",FALSE,"right",TRUE,58,FALSE,FALSE,TRUE,"right","left",FALSE,FALSE,TRUE,"right","middle",TRUE
"66cfab152c56aa0472529001","Sticker",1,"Duck",2,"Snake",2,"left",FALSE,"right",TRUE,58,FALSE,FALSE,TRUE,"right","middle",FALSE,FALSE,TRUE,"right","left",TRUE
"6571fd9d691befe21fa61d18","Hands",2,"Truck",3,"Bracelet",3,"middle",FALSE,"right",TRUE,58,FALSE,FALSE,TRUE,"right","left",FALSE,FALSE,TRUE,"right","middle",FALSE
"66312361cf5d4099e1330532","Pajamas",1,"Bacon",5,"Sticker",5,"left",FALSE,"middle",TRUE,58,FALSE,FALSE,TRUE,"middle","right",FALSE,FALSE,TRUE,"middle","left",FALSE
"6722ea20fb84b196f0a649b6","Bow",4,"Hose",1,"Car",1,"middle",FALSE,"left",TRUE,58,FALSE,TRUE,FALSE,"left","left",FALSE,TRUE,FALSE,"left","middle",FALSE
"5ddce9f0f85b50c4fc1515a4","Wheel",2,"Fly",5,"Soda",5,"middle",FALSE,"middle",TRUE,58,TRUE,FALSE,FALSE,"middle","right",TRUE,FALSE,FALSE,"middle","middle",FALSE
"5c3bdbf548ad2900017fac31","String",2,"Popcorn",2,"Mountain",2,"left",FALSE,"right",TRUE,58,FALSE,FALSE,TRUE,"right","middle",FALSE,FALSE,TRUE,"right","left",FALSE
"6844a1b95271dfc560af4709","Square",2,"Cow",3,"Train",3,"right",FALSE,"middle",TRUE,58,FALSE,FALSE,TRUE,"middle","left",FALSE,FALSE,TRUE,"middle","right",FALSE
"5e121701dc79bd8a1a22ca99","Owl",5,"Teapot",4,"Cherry",4,"right",TRUE,"right",TRUE,54,TRUE,FALSE,FALSE,"right","left",TRUE,FALSE,FALSE,"right","right",FALSE
"616ef680ab8ca318a227f5ec","Tractor",1,"Rainbow",1,"Cupcake",1,"left",FALSE,"middle",FALSE,58,FALSE,FALSE,TRUE,"right","middle",FALSE,TRUE,FALSE,"middle","left",FALSE
"66d9cd06e207a93377f7820e","Tree",3,"Train",1,"Airplane",1,"middle",FALSE,"right",TRUE,58,FALSE,FALSE,TRUE,"right","left",FALSE,FALSE,TRUE,"right","middle",TRUE
"5962a5b29955ee00015bce98","Bow",4,"Knee",1,"Cloud",1,"right",FALSE,"right",FALSE,58,FALSE,FALSE,TRUE,"left","middle",TRUE,FALSE,FALSE,"right","right",TRUE
"641384b3dffcf39ec42d3c23","Net",1,"Sticker",5,"Chicken",5,"left",FALSE,"middle",FALSE,58,TRUE,FALSE,FALSE,"left","right",FALSE,FALSE,TRUE,"middle","left",FALSE
"59692d61355b45000106c592","Zipper",3,"Car",3,"Elbow",3,"left",FALSE,"middle",FALSE,58,FALSE,FALSE,TRUE,"right","middle",FALSE,TRUE,FALSE,"middle","left",FALSE
"5dd05d80b2204f1487f7812c","Zebra",3,"Crackers",1,"Spiderweb",1,"left",FALSE,"right",TRUE,58,FALSE,FALSE,TRUE,"right","middle",FALSE,FALSE,TRUE,"right","left",FALSE
"6321d9c78e8e3c04f82a0ea0","Pizza",5,"Chips",2,"Spiderweb",2,"middle",FALSE,"left",TRUE,58,FALSE,TRUE,FALSE,"left","left",FALSE,TRUE,FALSE,"left","middle",FALSE
"632d189d6b8f03d0d3db4c48","Battery",2,"Pen",3,"Baby",3,"middle",FALSE,"middle",TRUE,58,TRUE,FALSE,FALSE,"middle","right",TRUE,FALSE,FALSE,"middle","middle",TRUE
"63b3377ca1ccdfc7cc567503","Money",3,"Necklace",1,"Tractor",1,"right",FALSE,"middle",FALSE,58,FALSE,TRUE,FALSE,"left","left",FALSE,FALSE,TRUE,"middle","right",TRUE
"6678813aec86d687a654dedb","Tummy",1,"Bee",4,"Pants",4,"middle",FALSE,"right",TRUE,58,FALSE,FALSE,TRUE,"right","left",FALSE,FALSE,TRUE,"right","middle",FALSE
"55cce6ea34e90600058d1e6d","Jacket",4,"Clock",4,"Sunglasses",4,"right",FALSE,"middle",TRUE,58,FALSE,TRUE,FALSE,"middle","middle",FALSE,TRUE,FALSE,"middle","right",FALSE
"6658bba1a51a037d25bb677e","Phone",5,"Bus",2,"Feather",2,"middle",FALSE,"right",TRUE,58,FALSE,FALSE,TRUE,"right","left",FALSE,FALSE,TRUE,"right","middle",TRUE
"60f5df9db9380d875c320307","Toothpaste",5,"Soap",1,"Wagon",1,"right",FALSE,"right",TRUE,58,TRUE,FALSE,FALSE,"right","left",TRUE,FALSE,FALSE,"right","right",FALSE
"63d5b810f3dbbd11e7e65870","Swimsuit",5,"Squirrel",4,"Cup",4,"right",FALSE,"middle",TRUE,58,FALSE,TRUE,FALSE,"middle","middle",FALSE,TRUE,FALSE,"middle","right",FALSE
"66d1fdd400acfdbc181f41e0","Butterfly",1,"Hips",3,"Grapes",3,"right",TRUE,"right",TRUE,58,TRUE,FALSE,FALSE,"right","middle",TRUE,FALSE,FALSE,"right","right",FALSE
"67b636c4ea38855cbb08ffe3","Fire",2,"Helicopter",5,"Diaper",5,"left",FALSE,"middle",FALSE,58,FALSE,FALSE,TRUE,"right","middle",FALSE,TRUE,FALSE,"middle","left",FALSE
"5e1b795dc799223a3b447ada","Train",2,"Popsicle",3,"Hands",3,"middle",FALSE,"right",FALSE,58,FALSE,TRUE,FALSE,"left","left",FALSE,FALSE,TRUE,"right","middle",FALSE
"5c5cad3e4ee81200018eafe2","Candy",4,"Pool",5,"Milk",5,"right",FALSE,"middle",FALSE,58,TRUE,FALSE,FALSE,"right","middle",FALSE,TRUE,FALSE,"middle","right",FALSE
"5bc5be2572df5f00014479f9","Bell",5,"Hamburger",3,"Swimsuit",3,"right",FALSE,"middle",TRUE,58,FALSE,FALSE,TRUE,"middle","left",FALSE,FALSE,TRUE,"middle","right",FALSE
"5f8f436e4676a71879786b95","Paper",3,"Leg",4,"Scissors",4,"middle",FALSE,"middle",TRUE,58,TRUE,FALSE,FALSE,"middle","right",TRUE,FALSE,FALSE,"middle","middle",FALSE
"669053bbebafdd430e770142","Balloons",4,"Whistle",1,"Sweater",1,"middle",FALSE,"right",TRUE,58,FALSE,FALSE,TRUE,"right","left",FALSE,FALSE,TRUE,"right","middle",FALSE
"677419f93048c66d62d2bf87","Milk",4,"Cup",5,"Backpack",5,"left",FALSE,"middle",TRUE,58,FALSE,TRUE,FALSE,"middle","middle",FALSE,TRUE,FALSE,"middle","left",FALSE
"574aff1b5bef980007af2745","Pizza",4,"Candle",4,"Teapot",4,"left",FALSE,"left",FALSE,58,FALSE,FALSE,TRUE,"right","middle",TRUE,FALSE,FALSE,"left","left",FALSE
"58404fd8ad98e40001ce915f","Monkey",1,"Bottle",2,"Butterfly",2,"middle",FALSE,"right",TRUE,58,FALSE,FALSE,TRUE,"right","left",FALSE,FALSE,TRUE,"right","middle",FALSE
"5de8887aa2db898017debf1a","Ankle",5,"Battery",4,"Purse",4,"middle",FALSE,"right",TRUE,58,FALSE,TRUE,FALSE,"right","right",FALSE,TRUE,FALSE,"right","middle",FALSE
"59d949cf8fd07a000184247e","Pear",2,"Cat",2,"Dolphin",2,"left",TRUE,"left",TRUE,58,TRUE,FALSE,FALSE,"left","middle",TRUE,FALSE,FALSE,"left","left",FALSE
"662945728093113a43ab8077","Radio",5,"Magazine",1,"Diaper",1,"middle",FALSE,"right",FALSE,58,TRUE,FALSE,FALSE,"middle","left",FALSE,FALSE,TRUE,"right","middle",TRUE
"676058418c08c71e4bb7cbd1","Bee",3,"Phone",5,"Candy",5,"right",FALSE,"left",FALSE,58,TRUE,FALSE,FALSE,"right","middle",FALSE,FALSE,TRUE,"left","right",TRUE
"6643d22289210a4edf21e84d","Bagel",2,"Ring",4,"Coloring Book",4,"left",FALSE,"right",TRUE,58,FALSE,FALSE,TRUE,"right","middle",FALSE,FALSE,TRUE,"right","left",FALSE
"58954e2dc88c680001dd4b7e","Blocks",2,"Cake",4,"Magazine",4,"right",FALSE,"right",FALSE,58,FALSE,FALSE,TRUE,"left","middle",TRUE,FALSE,FALSE,"right","right",TRUE
"5b757a03976ecb0001b1168f","Mailbox",1,"Movie",3,"Balls",3,"right",FALSE,"right",TRUE,58,TRUE,FALSE,FALSE,"right","middle",TRUE,FALSE,FALSE,"right","right",FALSE
"681b781064a5701a5ceee3bc","Car",3,"Stars",4,"Nest",4,"left",FALSE,"middle",TRUE,58,FALSE,TRUE,FALSE,"middle","middle",FALSE,TRUE,FALSE,"middle","left",TRUE
"6716c6700f376dc7f534af9d","Rope",3,"Frog",1,"Bracelet",1,"left",FALSE,"right",FALSE,58,TRUE,FALSE,FALSE,"left","middle",FALSE,FALSE,TRUE,"right","left",FALSE
"671a3ac3dada5efe6d439698","Broom",1,"Purse",5,"Princess",5,"right",FALSE,"right",TRUE,58,TRUE,FALSE,FALSE,"right","middle",TRUE,FALSE,FALSE,"right","right",FALSE
"676b89007874c8eace113276","Candle",1,"Swing",3,"Broom",3,"left",FALSE,"middle",TRUE,58,FALSE,TRUE,FALSE,"middle","middle",FALSE,TRUE,FALSE,"middle","left",FALSE
"6825af939111d286546fdde6","Fly",1,"Tongue",3,"Horse",3,"left",FALSE,"left",TRUE,58,TRUE,FALSE,FALSE,"left","right",TRUE,FALSE,FALSE,"left","left",FALSE
"67164c92298409e37c670b3d","Arm",3,"Cupcake",2,"Eggs",2,"right",FALSE,"left",TRUE,58,FALSE,TRUE,FALSE,"left","left",FALSE,TRUE,FALSE,"left","right",FALSE
"682b3f63d0e2c4eff64fe664","String",4,"Curtain",2,"Shoes",2,"right",FALSE,"middle",TRUE,58,FALSE,FALSE,TRUE,"middle","left",FALSE,FALSE,TRUE,"middle","right",TRUE
"5d3695969749cc00165c222f","Dresser",3,"Duck",4,"Goal",4,"middle",FALSE,"middle",TRUE,58,TRUE,FALSE,FALSE,"middle","right",TRUE,FALSE,FALSE,"middle","middle",TRUE
"664521e03117b782ed4fff45","Vacuum",5,"Octopus",5,"Spiderweb",5,"right",FALSE,"right",TRUE,58,TRUE,FALSE,FALSE,"right","left",TRUE,FALSE,FALSE,"right","right",FALSE
"5f0db498f5e4e102c0f65b67","Hips",3,"Radio",5,"Brush",5,"middle",FALSE,"middle",FALSE,54,FALSE,FALSE,TRUE,"right","left",TRUE,FALSE,FALSE,"middle","middle",FALSE
"6773dea609f77d473900997a","Puzzles",4,"Goal",3,"Dog",3,"left",FALSE,"left",TRUE,58,TRUE,FALSE,FALSE,"left","middle",TRUE,FALSE,FALSE,"left","left",TRUE
"637fcee60a8378c1c3a65898","Sticker",1,"Snake",3,"Waffle",3,"right",FALSE,"right",TRUE,58,TRUE,FALSE,FALSE,"right","middle",TRUE,FALSE,FALSE,"right","right",FALSE
"63f77a5dde1ea03305e119e0","Glasses",4,"Pear",5,"Chalk",5,"middle",TRUE,"middle",TRUE,58,TRUE,FALSE,FALSE,"middle","right",TRUE,FALSE,FALSE,"middle","middle",FALSE
"5fbf90f025a567296d943c7e","Blocks",4,"Chips",5,"Crackers",5,"right",FALSE,"middle",TRUE,58,FALSE,TRUE,FALSE,"middle","middle",FALSE,TRUE,FALSE,"middle","right",FALSE
"636d6ce3fb3683ff33f9e514","Motorcycle",4,"Sweater",1,"Queen",1,"left",FALSE,"left",TRUE,58,TRUE,FALSE,FALSE,"left","middle",TRUE,FALSE,FALSE,"left","left",FALSE
"5af2a03697a14300017d2ba4","Pan",3,"Pajamas",4,"Soda",4,"left",FALSE,"middle",TRUE,58,FALSE,TRUE,FALSE,"middle","middle",FALSE,TRUE,FALSE,"middle","left",FALSE
"60e3a25e8be835f754795d93","Sofa",3,"Pants",1,"Shampoo",1,"middle",FALSE,"right",TRUE,58,FALSE,FALSE,TRUE,"right","left",FALSE,FALSE,TRUE,"right","middle",TRUE
"66b5172c8f0bd3b23ce66c22","Cheese",4,"Shirt",5,"Bean",5,"left",FALSE,"left",TRUE,59,TRUE,FALSE,FALSE,"left","right",TRUE,FALSE,FALSE,"left","left",FALSE
"5ba60abd9629a90001b36fdc","Pen",5,"Shampoo",3,"Fingernail",3,"right",FALSE,"right",FALSE,59,FALSE,TRUE,FALSE,"left","left",TRUE,FALSE,FALSE,"right","right",FALSE
"65dc99d0191a135ab835bf69","Window",3,"Nose",5,"Stars",5,"left",FALSE,"middle",TRUE,59,FALSE,FALSE,TRUE,"middle","right",FALSE,FALSE,TRUE,"middle","left",FALSE
"60fe7bf61c7567f5cca9ade6","Spaghetti",2,"Paper",1,"Bowl",1,"middle",FALSE,"left",TRUE,59,FALSE,FALSE,TRUE,"left","right",FALSE,FALSE,TRUE,"left","middle",TRUE
"5c9d88bb2b3c77001744ec1c","Sunglasses",2,"Backpack",3,"Washcloth",3,"left",FALSE,"middle",TRUE,59,FALSE,TRUE,FALSE,"middle","middle",FALSE,TRUE,FALSE,"middle","left",FALSE
"5e283f576dbb560114ac7714","Suitcase",5,"Glove",3,"Rainbow",3,"right",FALSE,"middle",FALSE,59,TRUE,FALSE,FALSE,"right","left",FALSE,FALSE,TRUE,"middle","right",FALSE
"62e02b1ed5b0fbc1b1dc09e7","Brush",2,"Fork",2,"Hips",2,"left",FALSE,"left",FALSE,59,FALSE,FALSE,TRUE,"middle","right",TRUE,FALSE,FALSE,"left","left",FALSE
"5ecf9b46617a9b3dd56b3fe3","Teeth",4,"Yogurt",1,"Fly",1,"middle",FALSE,"left",TRUE,59,FALSE,FALSE,TRUE,"left","right",FALSE,FALSE,TRUE,"left","middle",TRUE
"590b3401182caf0001ab5801","Rabbit",4,"Doughnut",1,"Mouth",1,"middle",FALSE,"middle",TRUE,59,TRUE,FALSE,FALSE,"middle","left",TRUE,FALSE,FALSE,"middle","middle",FALSE
"65c11389b0d2ba8e63cb8b22","Can",1,"Crayons",5,"Toilet",5,"right",FALSE,"middle",TRUE,59,FALSE,FALSE,TRUE,"middle","left",FALSE,FALSE,TRUE,"middle","right",FALSE
"5d15160539eeea001683830c","Pie",5,"Owl",5,"Popcorn",5,"middle",FALSE,"middle",FALSE,59,FALSE,TRUE,FALSE,"left","left",TRUE,FALSE,FALSE,"middle","middle",FALSE
"6620b6a209127dafd5b2dfb9","Watch",1,"Scissors",1,"Suitcase",1,"right",FALSE,"middle",FALSE,59,FALSE,FALSE,TRUE,"left","middle",FALSE,TRUE,FALSE,"middle","right",FALSE
"56c65a5a305eaa0005f2a634","Ant",5,"Bone",4,"Box",4,"left",FALSE,"right",FALSE,59,FALSE,TRUE,FALSE,"middle","middle",FALSE,FALSE,TRUE,"right","left",FALSE
"59fb1518b47dfc0001b6659b","Newspaper",2,"Necklace",4,"Camera",4,"right",FALSE,"left",FALSE,59,TRUE,FALSE,FALSE,"right","middle",FALSE,FALSE,TRUE,"left","right",FALSE
"602c0fc2eff74b4748e9b41e","Hair",2,"Yogurt",4,"Princess",4,"middle",FALSE,"middle",TRUE,59,TRUE,FALSE,FALSE,"middle","left",TRUE,FALSE,FALSE,"middle","middle",FALSE
"5bcc98d1db645700015222b5","Shorts",5,"Paper",1,"Radio",1,"left",FALSE,"right",FALSE,59,TRUE,FALSE,FALSE,"left","right",FALSE,TRUE,FALSE,"right","left",FALSE
"6773e6e6b205d22a2e097735","Toy",5,"Eyes",1,"Sand",1,"right",FALSE,"left",TRUE,59,FALSE,TRUE,FALSE,"left","left",FALSE,TRUE,FALSE,"left","right",FALSE
"67505c42a18c872bab88ed42","Flashlight",1,"Shoes",2,"Doughnut",2,"middle",FALSE,"right",TRUE,59,FALSE,FALSE,TRUE,"right","left",FALSE,FALSE,TRUE,"right","middle",FALSE
"62a1e021702679d27813a3e2","Taco",2,"Whistle",5,"Toothbrush",5,"right",FALSE,"middle",TRUE,59,FALSE,FALSE,TRUE,"middle","left",FALSE,FALSE,TRUE,"middle","right",FALSE
"639f294882a3797f77a3dd81","Dinosaur",1,"Door",3,"Pot",3,"middle",FALSE,"right",TRUE,59,FALSE,FALSE,TRUE,"right","left",FALSE,FALSE,TRUE,"right","middle",FALSE
"654bc148c95bca00d541ec33","Bagel",1,"Straw",5,"Bridge",5,"middle",FALSE,"middle",TRUE,59,TRUE,FALSE,FALSE,"middle","left",TRUE,FALSE,FALSE,"middle","middle",TRUE
"5d23460ad4c57900192b129c","Waffle",2,"Ring",4,"Sand",4,"right",FALSE,"middle",FALSE,59,TRUE,FALSE,FALSE,"right","left",FALSE,FALSE,TRUE,"middle","right",FALSE
"67673cda94b4d0cf1a6a7382","Mailbox",4,"Magazine",4,"Fingernail",4,"right",FALSE,"right",TRUE,59,TRUE,FALSE,FALSE,"right","middle",TRUE,FALSE,FALSE,"right","right",FALSE
"5c4f5967aac8be0001716a65","Glasses",2,"Helicopter",1,"Movie",1,"right",FALSE,"right",FALSE,59,FALSE,TRUE,FALSE,"left","left",TRUE,FALSE,FALSE,"right","right",FALSE
"67758c9a30d6819221153393","Wagon",1,"Rock",4,"Squirrel",4,"left",FALSE,"middle",TRUE,59,FALSE,FALSE,TRUE,"middle","right",FALSE,FALSE,TRUE,"middle","left",FALSE
"66b37344796f45313433abc8","Comb",3,"Helicopter",4,"Bus",4,"right",FALSE,"left",FALSE,59,FALSE,TRUE,FALSE,"middle","middle",FALSE,FALSE,TRUE,"left","right",FALSE
"632096b5574155e8727c50cc","Heart",2,"Watch",5,"Waffle",5,"left",FALSE,"middle",TRUE,59,FALSE,FALSE,TRUE,"middle","right",FALSE,FALSE,TRUE,"middle","left",FALSE
"66dcc0e54f44ccecf2730c76","Ring",4,"Toilet",4,"Tractor",4,"middle",FALSE,"middle",FALSE,59,FALSE,FALSE,TRUE,"right","left",TRUE,FALSE,FALSE,"middle","middle",TRUE
"60fac7ec133b6bf250d6d668","Squirrel",1,"Fly",5,"Sheep",5,"middle",FALSE,"middle",TRUE,59,TRUE,FALSE,FALSE,"middle","right",TRUE,FALSE,FALSE,"middle","middle",FALSE
"5e459f61418f610891628564","Tractor",2,"TV",1,"Money",1,"middle",FALSE,"left",FALSE,59,FALSE,TRUE,FALSE,"right","right",FALSE,FALSE,TRUE,"left","middle",FALSE
"5e89ec793c01b3685a00bb12","Toilet",3,"Soup",5,"Sandwich",5,"middle",FALSE,"middle",TRUE,59,TRUE,FALSE,FALSE,"middle","left",TRUE,FALSE,FALSE,"middle","middle",FALSE
"631d197eba06364cbea7fab2","Sand",4,"Yogurt",1,"Mountain",1,"left",FALSE,"right",FALSE,59,TRUE,FALSE,FALSE,"left","middle",FALSE,FALSE,TRUE,"right","left",TRUE
"61656042f505fd7fa53e8628","Lizard",1,"Tree",2,"Pot",2,"middle",FALSE,"middle",FALSE,55,FALSE,FALSE,TRUE,"right","left",TRUE,FALSE,FALSE,"middle","middle",FALSE
"66fd3f6c93c24ecc119be354","Diaper",2,"Notebook",3,"Hat",3,"right",FALSE,"right",TRUE,59,TRUE,FALSE,FALSE,"right","left",TRUE,FALSE,FALSE,"right","right",TRUE
"5af1a4bc6e136b0001411714","Mouth",4,"Carrots",1,"Sandals",1,"left",FALSE,"left",TRUE,59,TRUE,FALSE,FALSE,"left","middle",TRUE,FALSE,FALSE,"left","left",FALSE
"60ed501279c68ea1a313d0aa","Squirrel",5,"Box",3,"Envelope",3,"left",FALSE,"left",TRUE,59,TRUE,FALSE,FALSE,"left","right",TRUE,FALSE,FALSE,"left","left",FALSE
"5bf2f728bd9f150001f6cc42","Teddy Bear",1,"Underwear",1,"Bag",1,"left",FALSE,"right",TRUE,59,FALSE,FALSE,TRUE,"right","middle",FALSE,FALSE,TRUE,"right","left",FALSE
"59a734ce0c87a000017481ed","Sandwich",1,"Hair",4,"Fingers",4,"middle",FALSE,"left",TRUE,59,FALSE,FALSE,TRUE,"left","right",FALSE,FALSE,TRUE,"left","middle",FALSE
"615e420a23219efe3427a367","Bean",2,"Ostrich",5,"Scissors",5,"left",FALSE,"right",FALSE,59,FALSE,FALSE,TRUE,"middle","right",FALSE,TRUE,FALSE,"right","left",FALSE
"66b244a2f436437d3e109bbe","Meat",3,"Tummy",5,"Mouth",5,"middle",FALSE,"middle",TRUE,59,TRUE,FALSE,FALSE,"middle","right",TRUE,FALSE,FALSE,"middle","middle",TRUE
"5f1b05a8703c380d1393bb27","Tiger",1,"Duck",1,"Spoon",1,"left",FALSE,"middle",TRUE,59,FALSE,FALSE,TRUE,"middle","right",FALSE,FALSE,TRUE,"middle","left",FALSE
"6684497541f835bd67a199b2","Bagel",3,"Soup",3,"Puzzles",3,"middle",FALSE,"middle",FALSE,59,FALSE,FALSE,TRUE,"right","left",TRUE,FALSE,FALSE,"middle","middle",FALSE
"5eeddefa177a7322144cbc5e","Shovel",3,"Newspaper",3,"Cheese",3,"right",FALSE,"right",TRUE,59,TRUE,FALSE,FALSE,"right","middle",TRUE,FALSE,FALSE,"right","right",FALSE
"63ee9abfa262bea95766dd9c","Tiger",4,"Stool",2,"Plate",2,"middle",FALSE,"right",FALSE,59,TRUE,FALSE,FALSE,"middle","left",FALSE,FALSE,TRUE,"right","middle",TRUE
"66cfab152c56aa0472529001","Leg",3,"Nest",4,"Fly",4,"left",FALSE,"right",TRUE,59,FALSE,FALSE,TRUE,"right","middle",FALSE,FALSE,TRUE,"right","left",TRUE
"6571fd9d691befe21fa61d18","Cookies",1,"Toes",4,"Blanket",4,"right",FALSE,"right",TRUE,59,TRUE,FALSE,FALSE,"right","left",TRUE,FALSE,FALSE,"right","right",FALSE
"66312361cf5d4099e1330532","Pirate",2,"Swing",1,"Sunglasses",1,"middle",FALSE,"left",FALSE,59,FALSE,TRUE,FALSE,"right","right",FALSE,FALSE,TRUE,"left","middle",FALSE
"6722ea20fb84b196f0a649b6","Pants",1,"Flower",4,"Triangle",4,"right",FALSE,"right",TRUE,59,TRUE,FALSE,FALSE,"right","left",TRUE,FALSE,FALSE,"right","right",FALSE
"5ddce9f0f85b50c4fc1515a4","Dolphin",1,"Car",3,"Ice Cream",3,"middle",FALSE,"right",TRUE,59,FALSE,TRUE,FALSE,"right","right",FALSE,TRUE,FALSE,"right","middle",FALSE
"5c3bdbf548ad2900017fac31","Balls",3,"Fries",3,"Tummy",3,"left",FALSE,"middle",TRUE,59,FALSE,TRUE,FALSE,"middle","middle",FALSE,TRUE,FALSE,"middle","left",FALSE
"6844a1b95271dfc560af4709","Earring",2,"Skateboard",4,"Diaper",4,"right",FALSE,"left",FALSE,59,FALSE,FALSE,TRUE,"middle","left",FALSE,TRUE,FALSE,"left","right",FALSE
"5e121701dc79bd8a1a22ca99","CD",3,"Zebra",1,"Cupcake",1,"middle",FALSE,"right",TRUE,55,FALSE,FALSE,TRUE,"right","left",FALSE,FALSE,TRUE,"right","middle",FALSE
"616ef680ab8ca318a227f5ec","Lunch",1,"Tree",2,"Underwear",2,"left",FALSE,"right",TRUE,59,FALSE,FALSE,TRUE,"right","middle",FALSE,FALSE,TRUE,"right","left",FALSE
"66d9cd06e207a93377f7820e","Popsicle",1,"Fries",1,"Bananas",1,"right",TRUE,"right",TRUE,59,TRUE,FALSE,FALSE,"right","left",TRUE,FALSE,FALSE,"right","right",TRUE
"5962a5b29955ee00015bce98","Purse",1,"Box",3,"Fingers",3,"right",FALSE,"right",FALSE,59,FALSE,FALSE,TRUE,"left","middle",TRUE,FALSE,FALSE,"right","right",TRUE
"641384b3dffcf39ec42d3c23","Bread",1,"Carrots",1,"Dinosaur",1,"middle",FALSE,"left",TRUE,59,FALSE,FALSE,TRUE,"left","right",FALSE,FALSE,TRUE,"left","middle",FALSE
"59692d61355b45000106c592","Shampoo",1,"Ant",1,"Computer",1,"left",FALSE,"left",TRUE,59,TRUE,FALSE,FALSE,"left","middle",TRUE,FALSE,FALSE,"left","left",FALSE
"5dd05d80b2204f1487f7812c","Wheel",3,"Feather",1,"Flower",1,"left",FALSE,"middle",FALSE,59,FALSE,FALSE,TRUE,"right","middle",FALSE,TRUE,FALSE,"middle","left",FALSE
"6321d9c78e8e3c04f82a0ea0","Bubbles",3,"Elephant",1,"Knee",1,"right",FALSE,"left",TRUE,59,FALSE,TRUE,FALSE,"left","left",FALSE,TRUE,FALSE,"left","right",FALSE
"632d189d6b8f03d0d3db4c48","Train",5,"Flashlight",2,"Diaper",2,"middle",FALSE,"left",TRUE,59,FALSE,FALSE,TRUE,"left","right",FALSE,FALSE,TRUE,"left","middle",TRUE
"63b3377ca1ccdfc7cc567503","Teapot",4,"Underwear",2,"Butter",2,"right",FALSE,"right",TRUE,59,TRUE,FALSE,FALSE,"right","left",TRUE,FALSE,FALSE,"right","right",TRUE
"6678813aec86d687a654dedb","Bean",5,"Notebook",5,"Cheese",5,"right",FALSE,"right",TRUE,59,TRUE,FALSE,FALSE,"right","left",TRUE,FALSE,FALSE,"right","right",FALSE
"55cce6ea34e90600058d1e6d","Rice",2,"Towels",4,"Bracelet",4,"right",FALSE,"right",FALSE,59,FALSE,FALSE,TRUE,"left","middle",TRUE,FALSE,FALSE,"right","right",FALSE
"6658bba1a51a037d25bb677e","Crayons",5,"Nose",3,"Hose",3,"middle",FALSE,"left",FALSE,59,FALSE,FALSE,TRUE,"right","left",FALSE,TRUE,FALSE,"left","middle",TRUE
"60f5df9db9380d875c320307","Microphone",2,"Belt",2,"Carrots",2,"right",FALSE,"right",TRUE,59,TRUE,FALSE,FALSE,"right","left",TRUE,FALSE,FALSE,"right","right",FALSE
"63d5b810f3dbbd11e7e65870","Keys",3,"Pencil",4,"Necklace",4,"left",FALSE,"right",TRUE,59,FALSE,FALSE,TRUE,"right","middle",FALSE,FALSE,TRUE,"right","left",FALSE
"66d1fdd400acfdbc181f41e0","Books",5,"Pencil",2,"Broom",2,"right",FALSE,"middle",FALSE,59,TRUE,FALSE,FALSE,"right","middle",FALSE,TRUE,FALSE,"middle","right",FALSE
"67b636c4ea38855cbb08ffe3","Popcorn",4,"Fork",5,"Cloud",5,"right",FALSE,"left",TRUE,59,FALSE,FALSE,TRUE,"left","middle",FALSE,FALSE,TRUE,"left","right",FALSE
"5e1b795dc799223a3b447ada","Crayons",5,"Money",5,"Bee",5,"right",FALSE,"middle",FALSE,59,FALSE,TRUE,FALSE,"left","left",FALSE,FALSE,TRUE,"middle","right",FALSE
"5c5cad3e4ee81200018eafe2","Stars",4,"Envelope",2,"Bridge",2,"right",FALSE,"right",TRUE,59,TRUE,FALSE,FALSE,"right","middle",TRUE,FALSE,FALSE,"right","right",FALSE
"5bc5be2572df5f00014479f9","Hoop",4,"Toilet",3,"Leaf",3,"middle",FALSE,"middle",FALSE,59,FALSE,FALSE,TRUE,"right","left",TRUE,FALSE,FALSE,"middle","middle",FALSE
"5f8f436e4676a71879786b95","Underwear",5,"Puzzles",5,"Fire",5,"middle",FALSE,"middle",FALSE,59,FALSE,FALSE,TRUE,"left","right",TRUE,FALSE,FALSE,"middle","middle",FALSE
"669053bbebafdd430e770142","Suitcase",2,"Pretzel",3,"Napkin",3,"right",FALSE,"right",FALSE,59,FALSE,TRUE,FALSE,"left","left",TRUE,FALSE,FALSE,"right","right",FALSE
"677419f93048c66d62d2bf87","Airplane",4,"Toothpaste",2,"Tricycle",2,"left",FALSE,"left",TRUE,59,TRUE,FALSE,FALSE,"left","middle",TRUE,FALSE,FALSE,"left","left",FALSE
"574aff1b5bef980007af2745","Sandwich",4,"Cupcake",5,"Octopus",5,"right",FALSE,"left",TRUE,59,FALSE,FALSE,TRUE,"left","middle",FALSE,FALSE,TRUE,"left","right",FALSE
"58404fd8ad98e40001ce915f","Cereal",2,"Bone",2,"Grapes",2,"right",TRUE,"right",TRUE,59,TRUE,FALSE,FALSE,"right","left",TRUE,FALSE,FALSE,"right","right",FALSE
"5de8887aa2db898017debf1a","Bracelet",1,"Leaf",1,"Pillow",1,"middle",FALSE,"middle",TRUE,59,TRUE,FALSE,FALSE,"middle","right",TRUE,FALSE,FALSE,"middle","middle",FALSE
"59d949cf8fd07a000184247e","Shoulders",4,"Envelope",5,"Tape",5,"right",FALSE,"middle",TRUE,59,FALSE,TRUE,FALSE,"middle","middle",FALSE,TRUE,FALSE,"middle","right",FALSE
"662945728093113a43ab8077","Dress",4,"Hoop",1,"Snow",1,"middle",FALSE,"middle",FALSE,59,FALSE,FALSE,TRUE,"right","left",TRUE,FALSE,FALSE,"middle","middle",TRUE
"676058418c08c71e4bb7cbd1","Tree",2,"Iron",1,"Comb",1,"left",FALSE,"right",TRUE,59,FALSE,FALSE,TRUE,"right","middle",FALSE,FALSE,TRUE,"right","left",TRUE
"6643d22289210a4edf21e84d","Moon",2,"Pants",5,"Candle",5,"right",FALSE,"right",FALSE,59,FALSE,TRUE,FALSE,"middle","middle",TRUE,FALSE,FALSE,"right","right",FALSE
"58954e2dc88c680001dd4b7e","Squirrel",2,"Fork",4,"House",4,"right",FALSE,"middle",FALSE,59,FALSE,FALSE,TRUE,"left","middle",FALSE,TRUE,FALSE,"middle","right",TRUE
"5b757a03976ecb0001b1168f","Corn",5,"Hands",3,"Socks",3,"right",FALSE,"left",FALSE,59,FALSE,TRUE,FALSE,"middle","middle",FALSE,FALSE,TRUE,"left","right",FALSE
"681b781064a5701a5ceee3bc","Marker",5,"Water",5,"Square",5,"right",FALSE,"middle",TRUE,59,FALSE,TRUE,FALSE,"middle","middle",FALSE,TRUE,FALSE,"middle","right",TRUE
"6716c6700f376dc7f534af9d","Dresser",4,"Door",3,"Computer",3,"right",FALSE,"right",FALSE,59,FALSE,FALSE,TRUE,"left","middle",TRUE,FALSE,FALSE,"right","right",FALSE
"671a3ac3dada5efe6d439698","Head",4,"Ladder",5,"Pool",5,"right",FALSE,"left",TRUE,59,FALSE,FALSE,TRUE,"left","middle",FALSE,FALSE,TRUE,"left","right",FALSE
"676b89007874c8eace113276","Shampoo",4,"Doughnut",3,"Teapot",3,"right",FALSE,"left",TRUE,59,FALSE,FALSE,TRUE,"left","middle",FALSE,FALSE,TRUE,"left","right",FALSE
"6825af939111d286546fdde6","Cable",5,"House",4,"Glasses",4,"middle",FALSE,"right",FALSE,59,TRUE,FALSE,FALSE,"middle","right",FALSE,TRUE,FALSE,"right","middle",FALSE
"67164c92298409e37c670b3d","Cereal",5,"Pretzel",3,"Goal",3,"middle",FALSE,"left",TRUE,59,FALSE,TRUE,FALSE,"left","left",FALSE,TRUE,FALSE,"left","middle",FALSE
"682b3f63d0e2c4eff64fe664","Bucket",2,"Puzzles",2,"Bird",2,"middle",FALSE,"middle",TRUE,59,TRUE,FALSE,FALSE,"middle","left",TRUE,FALSE,FALSE,"middle","middle",TRUE
"5d3695969749cc00165c222f","Camera",5,"Ladder",3,"Pizza",3,"left",FALSE,"left",FALSE,59,FALSE,TRUE,FALSE,"right","right",TRUE,FALSE,FALSE,"left","left",TRUE
"664521e03117b782ed4fff45","Giraffe",3,"Magazine",1,"Water",1,"right",FALSE,"middle",TRUE,59,FALSE,FALSE,TRUE,"middle","left",FALSE,FALSE,TRUE,"middle","right",FALSE
"5f0db498f5e4e102c0f65b67","Elephant",2,"Drum",2,"Scissors",2,"right",FALSE,"right",TRUE,55,TRUE,FALSE,FALSE,"right","left",TRUE,FALSE,FALSE,"right","right",FALSE
"6773dea609f77d473900997a","Scooter",4,"Car",4,"Triangle",4,"left",FALSE,"right",TRUE,59,FALSE,FALSE,TRUE,"right","middle",FALSE,FALSE,TRUE,"right","left",TRUE
"637fcee60a8378c1c3a65898","Dinosaur",1,"Corn",2,"Vacuum",2,"left",FALSE,"right",FALSE,59,FALSE,TRUE,FALSE,"middle","middle",FALSE,FALSE,TRUE,"right","left",FALSE
"63f77a5dde1ea03305e119e0","Pig",3,"Crackers",2,"Cookies",2,"left",FALSE,"right",TRUE,59,FALSE,TRUE,FALSE,"right","right",FALSE,TRUE,FALSE,"right","left",FALSE
"5fbf90f025a567296d943c7e","Corn",5,"Curtain",4,"Queen",4,"right",FALSE,"left",TRUE,59,FALSE,FALSE,TRUE,"left","middle",FALSE,FALSE,TRUE,"left","right",FALSE
"636d6ce3fb3683ff33f9e514","Tiger",5,"Bird",2,"Jump rope",2,"left",FALSE,"left",TRUE,59,TRUE,FALSE,FALSE,"left","middle",TRUE,FALSE,FALSE,"left","left",FALSE
"5af2a03697a14300017d2ba4","Movie",3,"Play dough",5,"Drum",5,"right",FALSE,"middle",FALSE,59,TRUE,FALSE,FALSE,"right","middle",FALSE,TRUE,FALSE,"middle","right",FALSE
"60e3a25e8be835f754795d93","Hamburger",3,"Movie",2,"Balls",2,"middle",FALSE,"right",TRUE,59,FALSE,FALSE,TRUE,"right","left",FALSE,FALSE,TRUE,"right","middle",TRUE
"66b5172c8f0bd3b23ce66c22","Bug",2,"Pancakes",2,"Bird",2,"middle",FALSE,"left",FALSE,60,TRUE,FALSE,FALSE,"middle","right",FALSE,FALSE,TRUE,"left","middle",FALSE
"5ba60abd9629a90001b36fdc","Shoes",2,"Bee",4,"Car",4,"middle",FALSE,"left",FALSE,60,TRUE,FALSE,FALSE,"middle","left",FALSE,TRUE,FALSE,"left","middle",FALSE
"65dc99d0191a135ab835bf69","Comb",1,"Crackers",2,"Square",2,"middle",FALSE,"middle",TRUE,60,TRUE,FALSE,FALSE,"middle","right",TRUE,FALSE,FALSE,"middle","middle",FALSE
"60fe7bf61c7567f5cca9ade6","CD",3,"Sand",5,"Mountain",5,"left",FALSE,"left",TRUE,60,TRUE,FALSE,FALSE,"left","right",TRUE,FALSE,FALSE,"left","left",TRUE
"5c9d88bb2b3c77001744ec1c","Hair",1,"Hot Dog",2,"Hoop",2,"right",FALSE,"middle",TRUE,60,FALSE,TRUE,FALSE,"middle","middle",FALSE,TRUE,FALSE,"middle","right",FALSE
"5e283f576dbb560114ac7714","Vacuum",5,"Dog",3,"Popcorn",3,"middle",FALSE,"middle",FALSE,60,FALSE,FALSE,TRUE,"right","left",TRUE,FALSE,FALSE,"middle","middle",FALSE
"62e02b1ed5b0fbc1b1dc09e7","Bowl",5,"Vacuum",3,"Sofa",3,"middle",FALSE,"left",TRUE,60,FALSE,FALSE,TRUE,"left","right",FALSE,FALSE,TRUE,"left","middle",FALSE
"5ecf9b46617a9b3dd56b3fe3","Vacuum",5,"Tree",3,"Door",3,"left",FALSE,"left",TRUE,60,TRUE,FALSE,FALSE,"left","right",TRUE,FALSE,FALSE,"left","left",TRUE
"590b3401182caf0001ab5801","Stick",1,"Eggs",3,"Stove",3,"middle",FALSE,"middle",TRUE,60,TRUE,FALSE,FALSE,"middle","left",TRUE,FALSE,FALSE,"middle","middle",FALSE
"65c11389b0d2ba8e63cb8b22","Spiderweb",3,"Sandwich",5,"Kangaroo",5,"right",FALSE,"right",TRUE,60,TRUE,FALSE,FALSE,"right","left",TRUE,FALSE,FALSE,"right","right",FALSE
"5d15160539eeea001683830c","Toy",5,"Cable",2,"Dolphin",2,"right",FALSE,"left",TRUE,60,FALSE,TRUE,FALSE,"left","left",FALSE,TRUE,FALSE,"left","right",FALSE
"6620b6a209127dafd5b2dfb9","Rain",5,"Wing",3,"Popcorn",3,"right",FALSE,"right",FALSE,60,FALSE,FALSE,TRUE,"left","middle",TRUE,FALSE,FALSE,"right","right",FALSE
"56c65a5a305eaa0005f2a634","Candy",3,"Cloud",2,"Ostrich",2,"left",FALSE,"left",TRUE,60,TRUE,FALSE,FALSE,"left","middle",TRUE,FALSE,FALSE,"left","left",FALSE
"59fb1518b47dfc0001b6659b","Watch",2,"Socks",1,"Hose",1,"left",FALSE,"middle",FALSE,60,TRUE,FALSE,FALSE,"left","middle",FALSE,TRUE,FALSE,"middle","left",FALSE
"602c0fc2eff74b4748e9b41e","Broom",5,"Sunglasses",2,"Bed",2,"right",FALSE,"left",FALSE,60,FALSE,FALSE,TRUE,"middle","left",FALSE,TRUE,FALSE,"left","right",FALSE
"5bcc98d1db645700015222b5","Fly",2,"Bus",1,"Rabbit",1,"middle",FALSE,"right",TRUE,60,FALSE,TRUE,FALSE,"right","right",FALSE,TRUE,FALSE,"right","middle",FALSE
"6773e6e6b205d22a2e097735","Tractor",3,"Scooter",3,"Sandwich",3,"middle",FALSE,"right",TRUE,60,FALSE,FALSE,TRUE,"right","left",FALSE,FALSE,TRUE,"right","middle",FALSE
"67505c42a18c872bab88ed42","Socks",2,"Movie",3,"Shoulders",3,"right",FALSE,"middle",TRUE,60,FALSE,FALSE,TRUE,"middle","left",FALSE,FALSE,TRUE,"middle","right",FALSE
"62a1e021702679d27813a3e2","Pirate",3,"Soda",2,"Bananas",2,"right",TRUE,"right",TRUE,60,TRUE,FALSE,FALSE,"right","left",TRUE,FALSE,FALSE,"right","right",FALSE
"639f294882a3797f77a3dd81","Chair",5,"Elbow",1,"Stool",1,"right",FALSE,"left",TRUE,60,FALSE,TRUE,FALSE,"left","left",FALSE,TRUE,FALSE,"left","right",FALSE
"654bc148c95bca00d541ec33","Dolphin",5,"Hamburger",1,"Bananas",1,"right",TRUE,"left",TRUE,60,FALSE,TRUE,FALSE,"left","left",FALSE,TRUE,FALSE,"left","right",TRUE
"5d23460ad4c57900192b129c","Magazine",1,"Bone",1,"Ear",1,"middle",FALSE,"right",TRUE,60,FALSE,FALSE,TRUE,"right","left",FALSE,FALSE,TRUE,"right","middle",FALSE
"67673cda94b4d0cf1a6a7382","Dress",2,"Bike",1,"Paper",1,"left",FALSE,"middle",FALSE,60,TRUE,FALSE,FALSE,"left","middle",FALSE,TRUE,FALSE,"middle","left",FALSE
"5c4f5967aac8be0001716a65","Books",1,"Broom",1,"Net",1,"right",FALSE,"right",TRUE,60,TRUE,FALSE,FALSE,"right","left",TRUE,FALSE,FALSE,"right","right",FALSE
"67758c9a30d6819221153393","Purse",3,"Kangaroo",3,"Ant",3,"left",FALSE,"middle",FALSE,60,FALSE,TRUE,FALSE,"right","right",FALSE,FALSE,TRUE,"middle","left",FALSE
"66b37344796f45313433abc8","Dolphin",4,"Square",1,"Underwear",1,"right",FALSE,"left",TRUE,60,FALSE,FALSE,TRUE,"left","middle",FALSE,FALSE,TRUE,"left","right",FALSE
"632096b5574155e8727c50cc","Moon",3,"Crayons",4,"Belt",4,"middle",FALSE,"middle",TRUE,60,TRUE,FALSE,FALSE,"middle","right",TRUE,FALSE,FALSE,"middle","middle",FALSE
"66dcc0e54f44ccecf2730c76","Sofa",4,"Fries",1,"Stick",1,"right",FALSE,"right",TRUE,60,TRUE,FALSE,FALSE,"right","left",TRUE,FALSE,FALSE,"right","right",TRUE
"60fac7ec133b6bf250d6d668","Crown",3,"Bridge",5,"Bug",5,"middle",FALSE,"middle",TRUE,60,TRUE,FALSE,FALSE,"middle","right",TRUE,FALSE,FALSE,"middle","middle",FALSE
"5e459f61418f610891628564","Fingernail",3,"Notebook",5,"Popcorn",5,"left",FALSE,"middle",TRUE,60,FALSE,FALSE,TRUE,"middle","right",FALSE,FALSE,TRUE,"middle","left",FALSE
"5e89ec793c01b3685a00bb12","Pudding",2,"Magazine",1,"Bow",1,"middle",FALSE,"right",TRUE,60,FALSE,FALSE,TRUE,"right","left",FALSE,FALSE,TRUE,"right","middle",FALSE
"631d197eba06364cbea7fab2","Zipper",3,"Net",1,"Necklace",1,"right",FALSE,"left",FALSE,60,TRUE,FALSE,FALSE,"right","middle",FALSE,FALSE,TRUE,"left","right",TRUE
"61656042f505fd7fa53e8628","Pants",2,"Pig",5,"Bread",5,"right",FALSE,"middle",TRUE,56,FALSE,FALSE,TRUE,"middle","left",FALSE,FALSE,TRUE,"middle","right",FALSE
"66fd3f6c93c24ecc119be354","Shorts",2,"Circle",1,"Towels",1,"right",FALSE,"middle",TRUE,60,FALSE,FALSE,TRUE,"middle","left",FALSE,FALSE,TRUE,"middle","right",TRUE
"5af1a4bc6e136b0001411714","Rainbow",4,"Feather",1,"Cup",1,"left",FALSE,"left",TRUE,60,TRUE,FALSE,FALSE,"left","middle",TRUE,FALSE,FALSE,"left","left",FALSE
"60ed501279c68ea1a313d0aa","Pig",1,"Rabbit",5,"Shorts",5,"middle",FALSE,"left",TRUE,60,FALSE,FALSE,TRUE,"left","right",FALSE,FALSE,TRUE,"left","middle",FALSE
"5bf2f728bd9f150001f6cc42","Paper",3,"Ring",2,"Bed",2,"left",FALSE,"left",TRUE,60,TRUE,FALSE,FALSE,"left","middle",TRUE,FALSE,FALSE,"left","left",FALSE
"59a734ce0c87a000017481ed","Cat",1,"Motorcycle",3,"Balls",3,"left",FALSE,"right",TRUE,60,FALSE,TRUE,FALSE,"right","right",FALSE,TRUE,FALSE,"right","left",FALSE
"615e420a23219efe3427a367","Elephant",5,"Toy",5,"Puzzles",5,"middle",FALSE,"right",FALSE,60,FALSE,FALSE,TRUE,"left","right",FALSE,TRUE,FALSE,"right","middle",FALSE
"66b244a2f436437d3e109bbe","Bus",2,"Slinky",3,"Bottle",3,"left",FALSE,"middle",TRUE,60,FALSE,FALSE,TRUE,"middle","right",FALSE,FALSE,TRUE,"middle","left",TRUE
"5f1b05a8703c380d1393bb27","Sun",4,"Toes",2,"Drum",2,"middle",FALSE,"left",FALSE,60,TRUE,FALSE,FALSE,"middle","right",FALSE,FALSE,TRUE,"left","middle",FALSE
"6684497541f835bd67a199b2","Washcloth",1,"Envelope",3,"Pool",3,"middle",FALSE,"right",TRUE,60,FALSE,FALSE,TRUE,"right","left",FALSE,FALSE,TRUE,"right","middle",FALSE
"5eeddefa177a7322144cbc5e","Moon",4,"Toothbrush",1,"Door",1,"right",FALSE,"right",FALSE,60,FALSE,FALSE,TRUE,"left","middle",TRUE,FALSE,FALSE,"right","right",FALSE
"63ee9abfa262bea95766dd9c","Shirt",3,"Teeth",3,"Flashlight",3,"middle",FALSE,"right",FALSE,60,TRUE,FALSE,FALSE,"middle","left",FALSE,FALSE,TRUE,"right","middle",TRUE
"66cfab152c56aa0472529001","Knife",2,"Teapot",3,"Bananas",3,"right",TRUE,"right",TRUE,60,TRUE,FALSE,FALSE,"right","middle",TRUE,FALSE,FALSE,"right","right",TRUE
"6571fd9d691befe21fa61d18","Shirt",4,"Knife",1,"Yogurt",1,"middle",FALSE,"right",TRUE,60,FALSE,FALSE,TRUE,"right","left",FALSE,FALSE,TRUE,"right","middle",FALSE
"66312361cf5d4099e1330532","Lamp",3,"Cherry",1,"Tissue",1,"middle",TRUE,"middle",TRUE,60,TRUE,FALSE,FALSE,"middle","right",TRUE,FALSE,FALSE,"middle","middle",FALSE
"6722ea20fb84b196f0a649b6","TV",1,"Sticker",2,"Teeth",2,"middle",FALSE,"middle",TRUE,60,TRUE,FALSE,FALSE,"middle","left",TRUE,FALSE,FALSE,"middle","middle",FALSE
"5ddce9f0f85b50c4fc1515a4","Envelope",3,"Hips",1,"Teapot",1,"middle",FALSE,"right",TRUE,60,FALSE,TRUE,FALSE,"right","right",FALSE,TRUE,FALSE,"right","middle",FALSE
"5c3bdbf548ad2900017fac31","Tissue",2,"Marker",2,"Bus",2,"left",FALSE,"middle",FALSE,60,TRUE,FALSE,FALSE,"left","middle",FALSE,TRUE,FALSE,"middle","left",FALSE
"6844a1b95271dfc560af4709","Baby",1,"Candle",2,"Shoulders",2,"right",FALSE,"middle",TRUE,60,FALSE,FALSE,TRUE,"middle","left",FALSE,FALSE,TRUE,"middle","right",FALSE
"5e121701dc79bd8a1a22ca99","Cookies",5,"Bottle",2,"Mailbox",2,"right",FALSE,"left",TRUE,56,FALSE,TRUE,FALSE,"left","left",FALSE,TRUE,FALSE,"left","right",FALSE
"616ef680ab8ca318a227f5ec","Corn",2,"Iron",2,"Lion",2,"right",FALSE,"left",TRUE,60,FALSE,FALSE,TRUE,"left","middle",FALSE,FALSE,TRUE,"left","right",FALSE
"66d9cd06e207a93377f7820e","Mirror",2,"TV",2,"Bean",2,"right",FALSE,"right",FALSE,60,FALSE,FALSE,TRUE,"middle","left",TRUE,FALSE,FALSE,"right","right",TRUE
"5962a5b29955ee00015bce98","Hamburger",2,"Pencil",2,"Toy",2,"left",FALSE,"left",TRUE,60,TRUE,FALSE,FALSE,"left","middle",TRUE,FALSE,FALSE,"left","left",TRUE
"641384b3dffcf39ec42d3c23","Can",5,"Plate",4,"Tiger",4,"middle",FALSE,"right",FALSE,60,TRUE,FALSE,FALSE,"middle","right",FALSE,TRUE,FALSE,"right","middle",FALSE
"59692d61355b45000106c592","Earring",5,"Flower",3,"Ankle",3,"right",FALSE,"right",TRUE,60,TRUE,FALSE,FALSE,"right","middle",TRUE,FALSE,FALSE,"right","right",FALSE
"5dd05d80b2204f1487f7812c","Jacket",2,"Fork",1,"Square",1,"left",FALSE,"middle",FALSE,60,TRUE,FALSE,FALSE,"left","middle",FALSE,TRUE,FALSE,"middle","left",FALSE
"6321d9c78e8e3c04f82a0ea0","Magazine",1,"Fries",2,"Bucket",2,"middle",FALSE,"right",TRUE,60,FALSE,FALSE,TRUE,"right","left",FALSE,FALSE,TRUE,"right","middle",FALSE
"632d189d6b8f03d0d3db4c48","Milk",3,"Teeth",4,"Computer",4,"left",FALSE,"middle",TRUE,60,FALSE,FALSE,TRUE,"middle","right",FALSE,FALSE,TRUE,"middle","left",TRUE
"63b3377ca1ccdfc7cc567503","Bike",5,"Bat",2,"Glove",2,"right",FALSE,"right",FALSE,60,FALSE,TRUE,FALSE,"left","left",TRUE,FALSE,FALSE,"right","right",TRUE
"6678813aec86d687a654dedb","Sheep",5,"Head",1,"Bed",1,"middle",FALSE,"left",TRUE,60,FALSE,TRUE,FALSE,"left","left",FALSE,TRUE,FALSE,"left","middle",FALSE
"55cce6ea34e90600058d1e6d","Bean",4,"Candle",4,"Snake",4,"right",FALSE,"left",TRUE,60,FALSE,FALSE,TRUE,"left","middle",FALSE,FALSE,TRUE,"left","right",FALSE
"6658bba1a51a037d25bb677e","Table",1,"Fence",3,"Fingernail",3,"middle",FALSE,"middle",TRUE,60,TRUE,FALSE,FALSE,"middle","left",TRUE,FALSE,FALSE,"middle","middle",TRUE
"60f5df9db9380d875c320307","Hat",3,"Dinosaur",5,"Mouth",5,"right",FALSE,"right",FALSE,60,FALSE,FALSE,TRUE,"middle","left",TRUE,FALSE,FALSE,"right","right",FALSE
"63d5b810f3dbbd11e7e65870","Feet",4,"Crayons",3,"Fly",3,"right",FALSE,"right",FALSE,60,FALSE,FALSE,TRUE,"left","middle",TRUE,FALSE,FALSE,"right","right",FALSE
"66d1fdd400acfdbc181f41e0","Pirate",5,"Hammer",1,"Grass",1,"left",FALSE,"left",FALSE,60,FALSE,FALSE,TRUE,"right","middle",TRUE,FALSE,FALSE,"left","left",FALSE
"67b636c4ea38855cbb08ffe3","Barn",5,"Bow",2,"Elephant",2,"right",FALSE,"right",FALSE,60,FALSE,FALSE,TRUE,"left","middle",TRUE,FALSE,FALSE,"right","right",FALSE
"5e1b795dc799223a3b447ada","Dress",3,"Cupcake",1,"Clown",1,"right",FALSE,"middle",FALSE,60,TRUE,FALSE,FALSE,"right","left",FALSE,FALSE,TRUE,"middle","right",FALSE
"5c5cad3e4ee81200018eafe2","Stairs",3,"Chips",1,"Corn",1,"left",FALSE,"left",TRUE,60,TRUE,FALSE,FALSE,"left","middle",TRUE,FALSE,FALSE,"left","left",FALSE
"5bc5be2572df5f00014479f9","Towels",1,"Sticker",1,"Sandwich",1,"middle",FALSE,"left",FALSE,60,FALSE,FALSE,TRUE,"right","left",FALSE,TRUE,FALSE,"left","middle",FALSE
"5f8f436e4676a71879786b95","Table",1,"Rabbit",3,"Lunch",3,"left",FALSE,"middle",FALSE,60,FALSE,TRUE,FALSE,"right","right",FALSE,FALSE,TRUE,"middle","left",FALSE
"669053bbebafdd430e770142","Money",5,"Arm",4,"Bike",4,"middle",FALSE,"middle",FALSE,60,FALSE,FALSE,TRUE,"right","left",TRUE,FALSE,FALSE,"middle","middle",FALSE
"677419f93048c66d62d2bf87","Pudding",5,"Rainbow",3,"Socks",3,"left",FALSE,"left",TRUE,60,TRUE,FALSE,FALSE,"left","middle",TRUE,FALSE,FALSE,"left","left",FALSE
"574aff1b5bef980007af2745","Lizard",2,"Leg",3,"Soda",3,"right",FALSE,"right",TRUE,60,TRUE,FALSE,FALSE,"right","middle",TRUE,FALSE,FALSE,"right","right",FALSE
"58404fd8ad98e40001ce915f","Sticker",4,"Leg",1,"Hose",1,"middle",FALSE,"middle",TRUE,60,TRUE,FALSE,FALSE,"middle","left",TRUE,FALSE,FALSE,"middle","middle",FALSE
"5de8887aa2db898017debf1a","Airplane",4,"Microphone",3,"Bell",3,"left",FALSE,"right",FALSE,60,TRUE,FALSE,FALSE,"left","right",FALSE,TRUE,FALSE,"right","left",FALSE
"59d949cf8fd07a000184247e","Toothpaste",4,"Sandwich",3,"Strawberries",3,"right",TRUE,"right",TRUE,60,TRUE,FALSE,FALSE,"right","middle",TRUE,FALSE,FALSE,"right","right",FALSE
"662945728093113a43ab8077","Pencil",3,"Clock",5,"Queen",5,"right",FALSE,"middle",FALSE,60,TRUE,FALSE,FALSE,"right","left",FALSE,FALSE,TRUE,"middle","right",TRUE
"676058418c08c71e4bb7cbd1","Shoulders",2,"Bird",3,"Square",3,"left",FALSE,"right",TRUE,60,FALSE,FALSE,TRUE,"right","middle",FALSE,FALSE,TRUE,"right","left",TRUE
"6643d22289210a4edf21e84d","Leaf",4,"Corn",3,"Cloud",3,"left",FALSE,"left",TRUE,60,TRUE,FALSE,FALSE,"left","middle",TRUE,FALSE,FALSE,"left","left",FALSE
"58954e2dc88c680001dd4b7e","Toes",2,"Heart",1,"Bowl",1,"right",FALSE,"middle",FALSE,60,FALSE,FALSE,TRUE,"left","middle",FALSE,TRUE,FALSE,"middle","right",TRUE
"5b757a03976ecb0001b1168f","Barn",4,"Backpack",3,"Feet",3,"right",FALSE,"left",TRUE,60,FALSE,FALSE,TRUE,"left","middle",FALSE,FALSE,TRUE,"left","right",FALSE
"681b781064a5701a5ceee3bc","Curtain",3,"Spaghetti",4,"Books",4,"right",FALSE,"middle",TRUE,60,FALSE,TRUE,FALSE,"middle","middle",FALSE,TRUE,FALSE,"middle","right",TRUE
"6716c6700f376dc7f534af9d","Slinky",4,"Arm",3,"Pillow",3,"right",FALSE,"left",TRUE,60,FALSE,FALSE,TRUE,"left","middle",FALSE,FALSE,TRUE,"left","right",FALSE
"671a3ac3dada5efe6d439698","Bucket",1,"Goal",4,"Scooter",4,"left",FALSE,"middle",TRUE,60,FALSE,TRUE,FALSE,"middle","middle",FALSE,TRUE,FALSE,"middle","left",FALSE
"676b89007874c8eace113276","Toes",5,"Clock",1,"Can",1,"right",FALSE,"left",TRUE,60,FALSE,FALSE,TRUE,"left","middle",FALSE,FALSE,TRUE,"left","right",FALSE
"6825af939111d286546fdde6","Dolphin",3,"Wheel",5,"Ladder",5,"middle",FALSE,"left",FALSE,60,FALSE,TRUE,FALSE,"right","right",FALSE,FALSE,TRUE,"left","middle",FALSE
"67164c92298409e37c670b3d","Bubbles",4,"Brush",4,"Pudding",4,"middle",FALSE,"middle",FALSE,60,FALSE,TRUE,FALSE,"left","left",TRUE,FALSE,FALSE,"middle","middle",FALSE
"682b3f63d0e2c4eff64fe664","House",1,"Ant",5,"Yo-yo",5,"right",FALSE,"middle",TRUE,60,FALSE,FALSE,TRUE,"middle","left",FALSE,FALSE,TRUE,"middle","right",TRUE
"5d3695969749cc00165c222f","Fence",3,"Tie",4,"Paper",4,"middle",FALSE,"middle",TRUE,60,TRUE,FALSE,FALSE,"middle","right",TRUE,FALSE,FALSE,"middle","middle",TRUE
"664521e03117b782ed4fff45","Balls",2,"Yo-yo",4,"Waffle",4,"right",FALSE,"right",TRUE,60,TRUE,FALSE,FALSE,"right","left",TRUE,FALSE,FALSE,"right","right",FALSE
"5f0db498f5e4e102c0f65b67","Water",2,"Cake",4,"Refrigerator",4,"right",FALSE,"middle",TRUE,56,FALSE,FALSE,TRUE,"middle","left",FALSE,FALSE,TRUE,"middle","right",FALSE
"6773dea609f77d473900997a","Nose",3,"Train",4,"Bag",4,"left",FALSE,"right",TRUE,60,FALSE,FALSE,TRUE,"right","middle",FALSE,FALSE,TRUE,"right","left",TRUE
"637fcee60a8378c1c3a65898","House",1,"Pot",5,"Money",5,"left",FALSE,"middle",TRUE,60,FALSE,TRUE,FALSE,"middle","middle",FALSE,TRUE,FALSE,"middle","left",FALSE
"63f77a5dde1ea03305e119e0","Spaghetti",3,"Bug",4,"Bow",4,"middle",FALSE,"left",TRUE,60,FALSE,FALSE,TRUE,"left","right",FALSE,FALSE,TRUE,"left","middle",FALSE
"5fbf90f025a567296d943c7e","Balloons",5,"Watch",5,"Spiderweb",5,"left",FALSE,"left",TRUE,60,TRUE,FALSE,FALSE,"left","middle",TRUE,FALSE,FALSE,"left","left",FALSE
"636d6ce3fb3683ff33f9e514","Corn",3,"Necklace",3,"Duck",3,"left",FALSE,"right",TRUE,60,FALSE,FALSE,TRUE,"right","middle",FALSE,FALSE,TRUE,"right","left",FALSE
"5af2a03697a14300017d2ba4","Waffle",3,"Owl",1,"Spaghetti",1,"left",FALSE,"left",TRUE,60,TRUE,FALSE,FALSE,"left","middle",TRUE,FALSE,FALSE,"left","left",FALSE
"60e3a25e8be835f754795d93","Chopsticks",3,"Purse",1,"Ear",1,"middle",FALSE,"left",TRUE,60,FALSE,TRUE,FALSE,"left","left",FALSE,TRUE,FALSE,"left","middle",TRUE
"61656042f505fd7fa53e8628","Stool",4,"Glasses",2,"Fries",2,"right",FALSE,"middle",TRUE,57,FALSE,FALSE,TRUE,"middle","left",FALSE,FALSE,TRUE,"middle","right",FALSE
"5e121701dc79bd8a1a22ca99","Watch",3,"Candle",5,"Coloring Book",5,"middle",FALSE,"middle",TRUE,57,TRUE,FALSE,FALSE,"middle","left",TRUE,FALSE,FALSE,"middle","middle",FALSE
"5f0db498f5e4e102c0f65b67","Bone",5,"Plate",1,"Stars",1,"middle",FALSE,"left",FALSE,57,FALSE,FALSE,TRUE,"right","left",FALSE,TRUE,FALSE,"left","middle",FALSE
"61656042f505fd7fa53e8628","Peas",4,"Bubbles",1,"Dog",1,"middle",FALSE,"middle",TRUE,58,TRUE,FALSE,FALSE,"middle","left",TRUE,FALSE,FALSE,"middle","middle",FALSE
"5e121701dc79bd8a1a22ca99","Brush",3,"Rainbow",4,"Teeth",4,"right",FALSE,"middle",TRUE,58,FALSE,FALSE,TRUE,"middle","left",FALSE,FALSE,TRUE,"middle","right",FALSE
"5f0db498f5e4e102c0f65b67","Teddy Bear",5,"Bucket",4,"Jump rope",4,"right",FALSE,"middle",FALSE,58,FALSE,TRUE,FALSE,"left","left",FALSE,FALSE,TRUE,"middle","right",FALSE
"61656042f505fd7fa53e8628","Feet",4,"Head",4,"Sand",4,"right",FALSE,"middle",TRUE,59,FALSE,FALSE,TRUE,"middle","left",FALSE,FALSE,TRUE,"middle","right",FALSE
"5e121701dc79bd8a1a22ca99","Candy",4,"Knife",1,"Toilet",1,"middle",FALSE,"left",TRUE,59,FALSE,TRUE,FALSE,"left","left",FALSE,TRUE,FALSE,"left","middle",FALSE
"5f0db498f5e4e102c0f65b67","Hamburger",5,"Balloons",4,"Bead",4,"right",FALSE,"left",FALSE,59,TRUE,FALSE,FALSE,"right","left",FALSE,TRUE,FALSE,"left","right",FALSE
"61656042f505fd7fa53e8628","Shirt",4,"Hanger",4,"Goal",4,"right",FALSE,"middle",TRUE,60,FALSE,FALSE,TRUE,"middle","left",FALSE,FALSE,TRUE,"middle","right",FALSE
"5e121701dc79bd8a1a22ca99","Dolls",4,"Tissue",3,"Video Tape",3,"right",FALSE,"right",FALSE,60,FALSE,TRUE,FALSE,"left","left",TRUE,FALSE,FALSE,"right","right",FALSE
"5f0db498f5e4e102c0f65b67","Purse",3,"Shampoo",1,"Ladder",1,"middle",FALSE,"right",TRUE,60,FALSE,FALSE,TRUE,"right","left",FALSE,FALSE,TRUE,"right","middle",FALSE
